RecipeId,Barcode,Name,AuthorId,AuthorName,CookTime,PrepTime,TotalTime,DatePublished,Description,Images,RecipeCategory,Keywords,RecipeIngredientQuantities,RecipeIngredientParts,AggregatedRating,ReviewCount,Calories,FatContent,SaturatedFatContent,CholesterolContent,SodiumContent,CarbohydrateContent,FiberContent,SugarContent,ProteinContent,RecipeServings,RecipeYield,RecipeInstructions
000038,*38*,Low-Fat Berry Blue Frozen Dessert,1533,Dancer,PT24H,PT45M,PT24H45M,1999-08-09T21:46:00Z,Make and share this Low-Fat Berry Blue Frozen Dessert recipe from Food.com.,"c(""https://img.sndimg.com/food/image/upload/w_555,h_416,c_fit,fl_progressive,q_95/v1/img/recipes/38/YUeirxMLQaeE1h3v3qnM_229%20berry%20blue%20frzn%20dess.jpg"", ""https://img.sndimg.com/food/image/upload/w_555,h_416,c_fit,fl_progressive,q_95/v1/img/recipes/38/AFPDDHATWzQ0b1CDpDAT_255%20berry%20blue%20frzn%20dess.jpg"", ""https://img.sndimg.com/food/image/upload/w_555,h_416,c_fit,fl_progressive,q_95/v1/img/recipes/38/UYgf9nwMT2SGGJCuzILO_228%20berry%20blue%20frzn%20dess.jpg"", ""https://img.sndimg.com/food/image/upload/w_555,h_416,c_fit,fl_progressive,q_95/v1/img/recipes/38/PeBMJN2TGSaYks2759BA_20140722_202142.jpg"", 
""https://img.sndimg.com/food/image/upload/w_555,h_416,c_fit,fl_progressive,q_95/v1/img/recipes/38/picuaETeN.jpg"", ""https://img.sndimg.com/food/image/upload/w_555,h_416,c_fit,fl_progressive,q_95/v1/img/recipes/38/pictzvxW5.jpg"")",Frozen Desserts,"c(""Dessert"", ""Low Protein"", ""Low Cholesterol"", ""Healthy"", ""Free Of..."", ""Summer"", ""Weeknight"", ""Freezer"", ""Easy"")","c(""4"", ""1/4"", ""1"", ""1"")","c(""blueberries"", ""granulated sugar"", ""vanilla yogurt"", ""lemon juice"")",4.5,4,170.9,2.5,1.3,8,29.8,37.1,3.6,30.2,3.2,4,NA,"c(""Toss 2 cups berries with sugar."", ""Let stand for 45 minutes, stirring occasionally."", ""Transfer berry-sugar mixture to food processor."", ""Add yogurt and process until smooth."", ""Strain through fine sieve. Pour into baking pan (or transfer to ice cream maker and process according to manufacturers' directions). Freeze uncovered until edges are solid but centre is soft.  Transfer to processor and blend until smooth again."", ""Return to pan and freeze until edges are solid."", ""Transfer to processor and blend until smooth again."", 
""Fold in remaining 2 cups of blueberries."", ""Pour into plastic mold and freeze overnight. Let soften slightly to serve."")"
000039,*39*,Biryani,1567,elly9812,PT25M,PT4H,PT4H25M,1999-08-29T13:12:00Z,Make and share this Biryani recipe from Food.com.,"c(""https://img.sndimg.com/food/image/upload/w_555,h_416,c_fit,fl_progressive,q_95/v1/img/recipes/39/picM9Mhnw.jpg"", ""https://img.sndimg.com/food/image/upload/w_555,h_416,c_fit,fl_progressive,q_95/v1/img/recipes/39/picHv4Ocr.jpg"")",Chicken Breast,"c(""Chicken Thigh & Leg"", ""Chicken"", ""Poultry"", ""Meat"", ""Asian"", ""Indian"", ""Weeknight"", ""Stove Top"")","c(""1"", ""4"", ""2"", ""2"", ""8"", ""1/4"", ""8"", ""1/2"", ""1"", ""1"", ""1/4"", ""1/4"", ""1/2"", ""1/4"", ""2"", ""3"", NA, ""2"", ""1"", ""1"", ""8"", ""2"", ""1/3"", ""1/3"", ""1/3"", ""6"")","c(""saffron"", ""milk"", ""hot green chili peppers"", ""onions"", ""garlic"", ""clove"", ""peppercorns"", ""cardamom seed"", ""cumin seed"", ""poppy seed"", ""mace"", ""cilantro"", ""mint leaf"", ""fresh lemon juice"", ""plain yogurt"", ""boneless chicken"", ""salt"", ""ghee"", ""onion"", ""tomatoes"", ""basmati rice"", ""long-grain rice"", ""raisins"", ""cashews"", ""eggs"")",3,1,1110.7,58.8,16.6,372.8,368.4,84.4,9,20.4,63.4,6,NA,"c(""Soak saffron in warm milk for 5 minutes and puree in blender."", ""Add chiles, onions, ginger, garlic, cloves, peppercorns, cardamom seeds, cinnamon, coriander and cumin seeds, poppy seeds, nutmeg, mace, cilantro or mint leaves and lemon juice. Blend into smooth paste. Put paste into large bowl, add yogurt and mix well."", ""Marinate chicken in yogurt mixture with salt, covered for at least 2 - 6 hours in refrigerator."", ""In skillet. heat oil over medium heat for 1 minute. Add ghee and 15 seconds later add onion and fry for about8 minutes."", 
""Reserve for garnish."", ""In same skillet, cook chicken with its marinade with tomatoes for about 10 minutes over medium heat, uncovered."", ""Remove chicken pieces from the sauce and set aside. Add rice to sauce, bring to boil, and cook, covered over low heat for 15 minutes."", ""Return chicken and add raisins, cashews and almonds; mix well."", ""Simmer, covered for 5 minutes."", ""Place chicken, eggs and rice in large serving dish in such a way that yellow of the eggs, the saffron-colored rice, the nuts and the chicken make a colorful display."", 
""Add reserved onion as garnish."")"
000040,*40*,Best Lemonade,1566,Stephen Little,PT5M,PT30M,PT35M,1999-09-05T19:52:00Z,"This is from one of my  first Good House Keeping cookbooks.  You must use a *zester* in order to avoid getting any of that bitter rind, and when you zest the lemons, zest them onto some sugar from the recipe (the sugar will 'catch' all of the oils).  I also advise you from personal experience to use only the best skinned lemons for the best flavor.","c(""https://img.sndimg.com/food/image/upload/w_555,h_416,c_fit,fl_progressive,q_95/v1/img/recipes/40/picJ4Sz3N.jpg"", ""https://img.sndimg.com/food/image/upload/w_555,h_416,c_fit,fl_progressive,q_95/v1/img/recipes/40/pic23FWio.jpg"")",Beverages,"c(""Low Protein"", ""Low Cholesterol"", ""Healthy"", ""Summer"", ""< 60 Mins"")","c(""1 1/2"", ""1"", NA, ""1 1/2"", NA, ""3/4"")","c(""sugar"", ""lemons, rind of"", ""lemon, zest of"", ""fresh water"", ""fresh lemon juice"")",4.5,10,311.1,0.2,0,0,1.8,81.5,0.4,77.2,0.3,4,NA,"c(""Into a 1 quart Jar with tight fitting lid, put sugar and lemon peel, or zest;  add 1 1/2 cups very hot water (not from tap!). With lid fitted firmly, shake jar until sugar is dissolved."", ""Add lemon juice. Refrigerate until chilled."", ""To Serve: Into each 12-ounce glass, over ice cubes, pour 1/4 cup of the lemon syrup."", ""Then add chilled club soda or, if you prefer, water."", ""Stir to mix well."")"
000041,*41*,Carina's Tofu-Vegetable Kebabs,1586,Cyclopz,PT20M,PT24H,PT24H20M,1999-09-03T14:54:00Z,This dish is best prepared a day in advance to allow the ingredients to soak in  the marinade overnight.,"c(""https://img.sndimg.com/food/image/upload/w_555,h_416,c_fit,fl_progressive,q_95/v1/img/recipes/41/picmbLig8.jpg"", ""https://img.sndimg.com/food/image/upload/w_555,h_416,c_fit,fl_progressive,q_95/v1/img/recipes/41/picL02w0s.jpg"")",Soy/Tofu,"c(""Beans"", ""Vegetable"", ""Low Cholesterol"", ""Weeknight"", ""Broil/Grill"", ""Oven"")","c(""12"", ""1"", ""2"", ""1"", ""10"", ""1"", ""3"", ""2"", ""2"", ""2"", ""1"", ""2"", ""1/2"", ""1/4"", ""4"")","c(""extra firm tofu"", ""eggplant"", ""zucchini"", ""mushrooms"", ""soy sauce"", ""low sodium soy sauce"", ""olive oil"", ""maple syrup"", ""honey"", ""red wine vinegar"", ""lemon juice"", ""garlic cloves"", ""mustard powder"", ""black pepper"")",4.5,2,536.1,24,3.8,0,1558.6,64.2,17.3,32.1,29.3,2,4 kebabs,"c(""Drain the tofu, carefully squeezing out excess water,  and pat dry with paper towels."", ""Cut tofu into one-inch squares."", ""Set aside.  Cut  eggplant lengthwise in half, then cut each half into approximately three strips."", ""Cut strips crosswise into one-inch cubes."", ""Slice zucchini into half-inch thick  slices."", ""Cut red pepper in half, removing stem and seeds, and cut each half into  one-inch squares."", ""Wipe mushrooms clean with a moist paper towel and remove  stems."", ""Thread tofu and vegetables on to barbecue skewers in alternating color  combinations: For example, first a piece of eggplant, then a slice of tofu, then zucchini, then red pepper, baby corn and mushrooms."", 
""Continue in this way until  all skewers are full."", ""Make the marinade by putting all ingredients in a  blender, and blend on high speed for about one minute until mixed."", ""Alternatively, put all ingredients in a glass jar, cover tightly with the lid  and shake well until mixed."", ""Lay the kebabs in a long, shallow baking pan or on  a non-metal tray, making sure they lie flat. Evenly pour the marinade over the  kebabs, turning them once so that the tofu and vegetables are coated."", ""Refrigerate the kebabs for three to eight hours, occasionally spooning the  marinade over them."", 
""Broil or grill the kebabs at 450 F for 15-20 minutes, or on the grill, until the vegetables are browned."", ""Suggestions  This meal can be served over cooked, brown rice. Amounts can easily be doubled to make four servings."")"
000042,*42*,Cabbage Soup,1538,Duckie067,PT30M,PT20M,PT50M,1999-09-19T06:19:00Z,Make and share this Cabbage Soup recipe from Food.com.,"""https://img.sndimg.com/food/image/upload/w_555,h_416,c_fit,fl_progressive,q_95/v1/img/recipes/42/picVEMxk8.jpg""",Vegetable,"c(""Low Protein"", ""Vegan"", ""Low Cholesterol"", ""Healthy"", ""Winter"", ""< 60 Mins"", ""Easy"")","c(""46"", ""4"", ""1"", ""2"", ""1"")","c(""plain tomato juice"", ""cabbage"", ""onion"", ""carrots"", ""celery"")",4.5,11,103.6,0.4,0.1,0,959.3,25.1,4.8,17.7,4.3,4,NA,"c(""Mix everything together and bring to a boil."", ""Reduce heat and simmer for 30 minutes (longer if you prefer your veggies to be soft)."", ""Refrigerate until cool."", ""Serve chilled with sour cream."")"
000043,*43*,Best Blackbottom Pie,34879,Barefoot Beachcomber,PT2H,PT20M,PT2H20M,1999-08-21T10:35:00Z,Make and share this Best Blackbottom Pie recipe from Food.com.,character(0),Pie,"c(""Dessert"", ""Weeknight"", ""Stove Top"", ""< 4 Hours"")","c(""1 1/4"", ""1/4"", ""6"", ""1/3"", ""1/4"", ""1/4"", ""2"", ""3"", ""1"", ""1"", ""1/4"", ""1"", ""2"", ""3"", ""1/4"", ""1/2"", NA)","c(""graham cracker crumbs"", ""sugar"", ""butter"", ""sugar"", ""cornstarch"", ""salt"", ""milk"", ""vanilla extract"", ""water"", ""gelatin"", ""rum"", ""cream of tartar"", ""sugar"")",1,1,437.9,19.3,10.9,94.3,267.6,58,1.8,42.5,7,8,1 9-inch pie,"c(""Graham Cracker Crust: In small bowl, combine graham cracker crumbs, sugar   and butter.  Press evenly on bottom and sides of 9-inch pie plate. Chill   until firm (about 1 hour)."", ""Chocolate Layer: In medium saucepan, combine sugar, cornstarch and salt.   Gradually stir in milk.  Cook over medium heat, stirring constantly, until   mixture boils.  Remove from heat. In small bowl, beat egg yolks. Gradually   stir in small amount of hot mixture; return to saucepan. Cook over low   heat, stirring constantly, for 2 minutes. Remove from heat."", 
""Remove 1-1/2   cups custard to medium bowl; add  semi-sweet chocolate   morsels and vanilla extract. Stir until morsels are melted and mixture is   smooth."", ""Pour into prepared Graham Cracker Crust; chill until set (about 30   minutes)."", ""While Chocolate Layer is chilling, prepare Vanilla Layer."", ""Vanilla Layer: In large bowl, combine cold water and gelatin; let stand 5   minutes.  Add remaining warm custard; stir until gelatin dissolves.  Cool 15   minutes.  Stir in rum; beat with wire whisk until smooth. Set aside."", 
""In   1-1/2 quart bowl, combine egg whites and cream of tartar; beat until foamy.  Gradually add sugar; beat until stiff peaks form.  Fold egg whites into   custard; pour over chocolate layer."", ""Chill until set (about 2 hours)."", ""Garnish with whipped cream and chocolate shavings, if desired."", ""Makes one   9-inch pie."")"
000044,*44*,Warm Chicken A La King,1596,Joan Edington,PT3M,PT35M,PT38M,1999-09-17T04:47:00Z,"I copied this one out of a friend's book so many moons ago that I can't remember where it's from, but it's so decadently fattening that I can't resist pigging out now and then.  I  usually serve with rice, but I suppose it would go with noodles or new potatoes  just as well.","""https://img.sndimg.com/food/image/upload/w_555,h_416,c_fit,fl_progressive,q_95/v1/img/recipes/44/picsSKvFd.jpg""",Chicken,"c(""Poultry"", ""Meat"", ""< 60 Mins"")","c(""12"", ""2"", ""3"", ""450"", ""1"", ""2"", ""1/4"", ""1"", NA, NA, ""2"", ""2"", ""1"", NA)","c(""chicken"", ""butter"", ""flour"", ""milk"", ""celery"", ""button mushrooms"", ""green pepper"", ""canned pimiento"", ""salt"", ""black pepper"", ""Worcestershire sauce"", ""parsley"")",5,23,895.5,66.8,31.9,405.8,557.2,29.1,3.1,5,45.3,2,NA,"c(""Melt 1 1/2 ozs butter, add the flour and cook for 2 to 3 minutes, stirring."", ""Gradually add milk and cook, stirring, until thick and smooth."", ""Melt the  remaining butter and saute sliced celery, button mushrooms and chopped pepper  until soft but not coloured."", ""Add celery, mushrooms, pepper, chicken and  pimiento to the sauce and heat through."", ""Season to taste.  Combine the egg  yolks, double cream and Worcestershire sauce. Add to the chicken mixture and  heat through."", ""Transfer to a serving dish and sprinkle with chopped parsley.""
)"
000045,*45*,Buttermilk Pie With Gingersnap Crumb Crust,1580,tristitia,PT50M,PT30M,PT1H20M,1999-08-06T00:40:00Z,Make and share this Buttermilk Pie With Gingersnap Crumb Crust recipe from Food.com.,"""https://img.sndimg.com/food/image/upload/w_555,h_416,c_fit,fl_progressive,q_95/v1/img/recipes/45/pic79tPh5.jpg""",Pie,"c(""Dessert"", ""Healthy"", ""Weeknight"", ""Oven"", ""< 4 Hours"")","c(""3/4"", ""1"", ""1"", ""2"", ""3"", ""1/4"", ""1"", ""1/2"", ""1/2"", ""2"")","c(""sugar"", ""margarine"", ""egg"", ""flour"", ""salt"", ""buttermilk"", ""graham cracker crumbs"", ""margarine"")",4,3,228,7.1,1.7,24.5,281.8,37.5,0.5,24.7,4.2,8,NA,"c(""Preheat oven to 350°F."", ""Make pie crust, using 8 inch pie pan, do not bake."", ""Mix sugar and margarine in medium bowl until blended; beat in egg whites and egg."", ""Stir in flour, salt, and buttermilk until well blended."", ""Pour filling into prepared crust, bake 40 minutes or until sharp knife inserted near center comes out clean."", ""Sprinkle with nutmeg and serve warm or chilled."", ""Combine graham crumbs, gingersnap crumbs, and margarine in 8 or 9 inch pie pan, pat mixture evenly on bottom and side of pan."", 
""Bake 8 to 10 minutes or until edge of crust is lightly browned."", ""Cool on wire rack."")"
000046,*46*,A Jad - Cucumber Pickle,1533,Dancer,NA,PT25M,PT25M,1999-08-11T19:48:00Z,Make and share this A Jad - Cucumber Pickle recipe from Food.com.,character(0),Vegetable,"c(""Thai"", ""Asian"", ""Free Of..."", ""< 30 Mins"")","c(""1/2"", ""5"", ""2"", ""1"", ""1"", ""1"")","c(""rice vinegar"", ""haeo"")",5,2,4.3,0,0,0,0.7,1.1,0.2,0.2,0.1,NA,1 cup,"c(""Slice the cucumber in four lengthwise, then slice the pieces to segments about an eighth of an inch thick."", ""Slice the tops of the chilies (green ones can be used if red are not available, but Thais like the color contrast), tap out any loose seeds and discard, then slice the chilies across into thin rounds."", ""Slice the shallots and water chestnuts."", ""Combine and serve. This will keep 2 or 3 weeks in a refrigerator."")"
000047,*47*,Butter Pecan Cookies,1573,benluc,PT9M,PT55M,PT1H4M,1999-09-07T09:01:00Z,Make and share this Butter Pecan Cookies recipe from Food.com.,"c(""https://img.sndimg.com/food/image/upload/w_555,h_416,c_fit,fl_progressive,q_95/v1/img/recipes/47/picfnmxck.jpg"", ""https://img.sndimg.com/food/image/upload/w_555,h_416,c_fit,fl_progressive,q_95/v1/img/recipes/47/picCPvxZU.jpg"")",Dessert,"c(""Cookie & Brownie"", ""Fruit"", ""Nuts"", ""Weeknight"", ""Oven"", ""< 4 Hours"")","c(""3/4"", ""1/2"", ""1"", ""1"", ""1"", ""2"", ""1"")","c(""butter"", ""brown sugar"", ""granulated sugar"", ""vanilla extract"", ""flour"", ""pecan halves"")",4,2,69,5.6,1.4,6.3,15,4.5,0.6,1.6,0.8,NA,84 cookies,"c(""Preheat oven to 350 degrees."", ""Cream butter in large mixing bowl."", ""Gradually add brown sugar and granulated sugar."", ""Cream well."", ""Add unbeaten egg yolk and vanilla and beat well."", ""Blend in sifted flour to form a stiff dough."", ""Shape dough into small balls."", ""Place on greased cookie sheet. Flatten cookies with bottom of glass dipped in sugar."", ""Bake at 350 degrees for 7-9 minutes, till golden brown (do not overbrown.) Cool before frosting."", ""Garnish with pecan halves."")"
000048,*48*,Boston Cream Pie,1545,Nancy Van Ess,NA,PT2H15M,PT2H15M,1999-08-24T04:35:00Z,Make and share this Boston Cream Pie recipe from Food.com.,character(0),Pie,"c(""Dessert"", ""Weeknight"", ""Oven"", ""< 4 Hours"")","c(""1/2"", ""2 1/4"", ""3"", ""1"", ""1 1/2"", ""1/3"", ""1 1/2"", ""2"", ""1"", ""1/3"", ""1"", ""1 1/2"", ""1"", ""1/2"", ""1"", ""1/4"", ""1"", ""1 1/2"", ""2"", ""1"")","c(""margarine"", ""cake flour"", ""baking powder"", ""salt"", ""sugar"", ""vanilla"", ""eggs"", ""milk"", ""sugar"", ""cornstarch"", ""milk"", ""flour"", ""salt"", ""vanilla"", ""butter"", ""vanilla"")",2,2,688.2,36.4,12.9,105.9,722.3,84,1.6,46.2,8.8,8,1 pie,"c(""Beat egg whites until soft peaks form."", ""Gradually add 1/2 cup sugar, beating until very stiff peaks form."", ""Sift together remaining dry ingredients into another bowl."", ""Add oil, half the  milk and vanilla."", ""Beat 1 minute at medium speed."", ""Add remaining milk and egg yolks."", ""Beat 1 minute, scrape bowl."", ""Gently fold in egg whites."", ""Bake in two greased 9x 1.5-inch round pans in 350°F oven for 25 minutes."", ""Cool 10 minutes and then remove from pans."", ""Cool completely."", ""Fill with cream filling."", 
""Frost with Chocolate Glaze."", ""French Custard Filling: In saucepan, combine sugar, flour, cornstarch and salt.  Gradually stir in milk."", ""Cook and stir until mixture thickens and boils; cook and stir 2-3 minutes longer."", ""Stir a little of hot mixture into egg yolk; return to hot mixture."", ""Cook and stir until mixture just boils."", ""Add vanilla; cool."", ""Beat until smooth; fold in whipped cream."", ""Chocolate Glaze: Melt chocolate and butter over low heat, stirring constantly."", ""Remove from heat. Stir in confectioners' sugar and vanilla until crumbly."", 
""Blend in 3 tablespoons boiling water."", ""Add enough water (about 2 teaspoons), a teaspoon at a time, to form medium glaze of pouring consistency."", ""Pour quickly over top of cake; spread glaze evenly over top and sides."")"
000049,*49*,Chicken Breasts Lombardi,174711,Queen Dragon Mom,PT30M,PT45M,PT1H15M,1999-08-14T19:58:00Z,Make and share this Chicken Breasts Lombardi recipe from Food.com.,"c(""https://img.sndimg.com/food/image/upload/w_555,h_416,c_fit,fl_progressive,q_95/v1/img/recipes/49/m1z1F8S5mAZgyImm5zYw_Lombardi%20Chicken%203.jpg"", ""https://img.sndimg.com/food/image/upload/w_555,h_416,c_fit,fl_progressive,q_95/v1/img/recipes/49/01481162521.jpeg"", ""https://img.sndimg.com/food/image/upload/w_555,h_416,c_fit,fl_progressive,q_95/v1/img/recipes/49/Sa0Yu0UyRoyh1B03oLnD_20161102_174049.jpg"", ""https://img.sndimg.com/food/image/upload/w_555,h_416,c_fit,fl_progressive,q_95/v1/img/recipes/49/01477708512.jpeg"", 
""https://img.sndimg.com/food/image/upload/w_555,h_416,c_fit,fl_progressive,q_95/v1/img/recipes/49/tHou0UsyTiAsfQo29Fpi_Lombardi%20Chicken%202.jpg"", ""https://img.sndimg.com/food/image/upload/w_555,h_416,c_fit,fl_progressive,q_95/v1/img/recipes/49/X2b0bl8aTGivq4ErsD3g_Lombardi%20chicken%201.jpg"", ""https://img.sndimg.com/food/image/upload/w_555,h_416,c_fit,fl_progressive,q_95/v1/img/recipes/49/picvZU6rd.jpg"")",Chicken Breast,"c(""Chicken"", ""Poultry"", ""Meat"", ""European"", ""Very Low Carbs"", ""Weeknight"", ""Oven"", ""< 4 Hours"")","c(""2"", ""2"", ""12"", ""1/2"", ""1/3"", ""3/4"", ""1/2"", ""1/2"", ""1/2"", ""1/2"", ""1/4"")","c(""fresh mushrooms"", ""butter"", ""boneless skinless chicken breast halves"", ""flour"", ""butter"", ""marsala"", ""chicken broth"", ""salt"", ""mozzarella cheese"", ""parmesan cheese"", ""green onion"")",5,21,627.7,24.9,13,203,848.9,13.7,0.6,2,57.9,6,NA,"c(""Cook mushrooms in 2 tbsp butter in a large  skillet, stirring constantly, just   until tender."", ""Remove from heat; set aside.  Cut each chicken breast half in  half lengthwise.   Place each piece of chicken  between two sheets of wax paper; flatten to  1/8\"" thickness, using a meat  mallet or rolling pin."", ""Dredge chicken pieces in flour."", ""Place 5 or 6  pieces of chicken in 1 to 2  tbsp butter in a  large skillet; cook over medium  heat 3 to 4 minutes on each  side or until  golden."", ""Place chicken in a lightly  greased 13x9\"" baking dish,  overlapping  edges."", 
""Repeat procedure with  remaining chicken and butter."", ""Reserve pan  drippings in skillet.  Sprinkle  reserved mushrooms over chicken."", ""Add wine and  broth to skillet.  Bring to a boil;  reduce heat, and simmer,  uncovered, 10  minutes, stirring occasionally."", ""Stir in salt and pepper."", ""Pour  sauce over  chicken."", ""Combine cheeses and green  onions; sprinkle over chicken."", ""Bake  uncovered at 450 for 12 to 14 minutes."", ""Broil 5 1/2\"" away from heat 1 to  2  minutes or until browned."")"
000050,*50*,Biscotti Di Prato,1752,Bob Ross,PT50M,PT20M,PT1H10M,1999-08-31T21:19:00Z,Make and share this Biscotti Di Prato recipe from Food.com.,"""https://img.sndimg.com/food/image/upload/w_555,h_416,c_fit,fl_progressive,q_95/v1/img/recipes/50/picyuYoeC.jpg""",Dessert,"c(""Cookie & Brownie"", ""European"", ""Weeknight"", ""Oven"", ""< 4 Hours"")","c(""3 3/4"", ""2"", ""1"", ""1/4"", ""4"", ""1"", ""1/2"", ""1 2/3"", ""1"", ""1"")","c(""flour"", ""sugar"", ""baking powder"", ""salt"", ""eggs"", ""vanilla"", ""egg"", ""water"")",4.5,2,89.4,2.6,0.3,16.6,23.5,14.5,0.8,7.3,2.3,NA,56 biscotti,"c(""EGG WASH 1 Egg, large 1 tsp Water In the bowl of an electric mixer fitted with the paddle attachment blend the flour, the sugar, the baking powder, and the salt until the mixture is combined well."", ""In a small bowl, whisk together the whole eggs, the yolks, the vanilla and the almond extract, add the mixture to the flour mixture, beating until a dough is formed, and stir in the almonds."", ""Turn the dough out onto a lightly floured surface, knead it several times, and divide it into fourths."", 
""Working on 2 large buttered and floured baking sheets, with floured hands form each piece of dough into a flattish log 11 inches long and 2 inches wide, arrange the logs at least 3 inches apart on the sheets, and brush them with the egg wash."", ""Bake the logs in a preheated 350F oven for 35 minutes and let them cool on the baking sheets on racks for 10 minutes."", ""On a cutting board, cut the logs crosswise on the diagonal into 3/4\"" inch slices, arrange them the biscotti, cut sides down, on the baking sheets, and bake them in the 350F oven for 5 to 7 minutes on each side, or until they are pale golden."", 
""Transfer the biscotti to racks to cool and store them in airtight containers."")"
000051,*51*,Chai Tea,1550,Linda Sundbye,PT25M,PT15M,PT40M,1999-08-16T05:10:00Z,Make and share this Chai Tea recipe from Food.com.,character(0),Beverages,"c(""Free Of..."", ""< 60 Mins"")","c(""4"", ""1"", ""1"", ""1 1/2"", ""1"", NA, ""10 -12"", ""1/2"", ""4 -5"", ""1/2"", ""1"")","c(""water"", ""black tea"", ""cinnamon stick"", ""milk"", ""sugar"", ""honey"", ""cardamom pods"", ""black peppercorns"", ""star anise"", ""whole cloves"", ""whole coriander seed"")",3,1,69.2,3.8,2.1,12.8,53.2,6,0.7,0,3.5,4,NA,"c(""Bring water and spices to boil in saucepan."", ""Reduce heat, cover and simmer 20  minutes."", ""Add teabags and milk, simmer 3-5 minutes."", ""Add sweetner to taste. Serves 4."", ""(The tea becomes spicier as it sits, may want to strain out spices)."")"
000052,*52*,Cafe Cappuccino,2178,troyh,NA,PT5M,PT5M,1999-08-31T21:05:00Z,Make and share this Cafe Cappuccino recipe from Food.com.,"c(""https://img.sndimg.com/food/image/upload/w_555,h_416,c_fit,fl_progressive,q_95/v1/img/recipes/52/picAkC0UW.jpg"", ""https://img.sndimg.com/food/image/upload/w_555,h_416,c_fit,fl_progressive,q_95/v1/img/recipes/52/piccYWEE1.jpg"")",Beverages,"c(""Low Cholesterol"", ""High Protein"", ""Healthy"", ""High In..."", ""< 15 Mins"", ""For Large Groups"", ""No Cook"", ""Easy"")","c(""1/2"", ""3/4"", ""1"", ""1/2"")","c(""instant coffee"", ""sugar"", ""nonfat dry milk solid"")",5,1,62.2,0.1,0,1.3,36.6,12.8,0,11.8,2.7,18,2 1/4 cups,"c(""Stir ingredients together."", ""Process in a blender until powdered."", ""Use 2 Tbsp.  of mixture for each cup of hot water."")"
000053,*53*,Jimmy G's Carrot Cake,1772,Jimg2040,PT45M,PT1H5M,PT1H50M,1999-09-08T15:39:00Z,Make and share this Jimmy G's Carrot Cake recipe from Food.com.,character(0),Dessert,"c(""Pineapple"", ""Tropical Fruits"", ""Fruit"", ""Weeknight"", ""Oven"", ""< 4 Hours"")","c(""2"", ""2"", ""1"", ""1"", ""1/4"", ""3"", ""1"", ""1"", ""1/2"", ""1/2"", ""1"", ""4"", NA)","c(""all-purpose flour"", ""sugar"", ""baking powder"", ""baking soda"", ""five-spice seasoning"", ""carrots"", ""walnuts"", ""pineapple"", ""coconut"", ""raisins"", ""applesauce"", ""eggs"")",3,1,372.9,10.6,3.2,62,190,66.2,3.4,40.9,6.6,NA,NA,"c(""Grease and lightly flour 2 9x1 1/2-inch round baking pans or grease one 13x9x2-inch baking pan."", ""Set pan(s) aside. In a large mixing bowl combine flour, sugar, baking powder, baking soda, and 5 Spice Seasoning."", ""Add carrots, oil, eggs, coconut.  Beat with electric mixer till combined."", ""Add walnuts, and raisins and fold into batter."", ""Pour batter into prepared baking pan(s). Bake in a 350~F oven for 30 - 35 minutes for round pans or 35 - 40 minutes for 13x9-inch pan or until a wooden toothpick comes out clean."", 
""Cool layer cakes on wire racks for 10 minutes."", ""Remove from pans."", ""Cool thoroughly on wire racks."", ""Or, place 13x9-inch can in pan on a wire rack; cool thoroughly."", ""Frost with Cream Cheese Frosting."", ""Cover and store in refrigerator."")"
000054,*54*,Carrot Cake,1535,Marg CaymanDesigns,PT50M,PT45M,PT1H35M,1999-09-13T15:20:00Z,This is one of the few recipes my husband every requested from a coworker and brought home for me to make.,"c(""https://img.sndimg.com/food/image/upload/w_555,h_416,c_fit,fl_progressive,q_95/v1/img/recipes/54/picQ2X4D8.jpg"", ""https://img.sndimg.com/food/image/upload/w_555,h_416,c_fit,fl_progressive,q_95/v1/img/recipes/54/pic3oloIV.jpg"", ""https://img.sndimg.com/food/image/upload/w_555,h_416,c_fit,fl_progressive,q_95/v1/img/recipes/54/picf0dw0o.jpg"")",Dessert,"c(""Vegetable"", ""Weeknight"", ""Oven"", ""< 4 Hours"")","c(""3"", ""4"", ""1 1/4"", ""2"", ""2"", ""2"", ""2"", ""1"", ""1"", ""1/2"", ""1"", ""1 1/4"", ""1"", ""1"", ""1/2"")","c(""carrots"", ""eggs"", ""white sugar"", ""all-purpose flour"", ""baking powder"", ""baking soda"", ""cinnamon"", ""salt"", ""nutmeg"", ""golden raisin"", ""confectioners' sugar"", ""cream cheese"", ""light corn syrup"", ""vanilla extract"")",5,17,522.6,27.1,4.9,69.8,534.8,67,1.6,47.9,5,12,1 bundt,"c(""Beat together the eggs, oil, and white sugar. Blend mixture for thirty seconds."", ""Sift together flour, baking powder, baking soda, salt and spices. Add the  carrots and raisins."", ""Pour egg mixture into dry ingredients, and mix well. Pour  batter into well greased 10 inch tube or Bundt pan."", ""Bake at 350 degrees F (175  degrees C) oven for 45 to 50 minutes. Cool cake on wire rack, and then  refrigerate until completely cooled."", ""To make Cream Cheese Glaze: Blend together  confectioners' sugar, cream cheese, corn syrup, and vanilla. Spread over cooled  cake.""
)"
000055,*55*,Betty Crocker's Southwestern Guacamole Dip,1538,Duckie067,PT2H,PT5M,PT2H5M,1999-09-15T03:25:00Z,Make and share this Betty Crocker's Southwestern Guacamole Dip recipe from Food.com.,"c(""https://img.sndimg.com/food/image/upload/w_555,h_416,c_fit,fl_progressive,q_95/v1/img/recipes/55/piclZzIyA.jpg"", ""https://img.sndimg.com/food/image/upload/w_555,h_416,c_fit,fl_progressive,q_95/v1/img/recipes/55/picMUqRBi.jpg"", ""https://img.sndimg.com/food/image/upload/w_555,h_416,c_fit,fl_progressive,q_95/v1/img/recipes/55/picmeltus.jpg"", ""https://img.sndimg.com/food/image/upload/w_555,h_416,c_fit,fl_progressive,q_95/v1/img/recipes/55/picO6xTtc.jpg"", ""https://img.sndimg.com/food/image/upload/w_555,h_416,c_fit,fl_progressive,q_95/v1/img/recipes/55/pic1hlVfW.jpg""
)",Southwestern U.S.,"c(""Mexican"", ""Low Protein"", ""Low Cholesterol"", ""Healthy"", ""Weeknight"", ""No Cook"", ""< 4 Hours"", ""Easy"")","c(""5"", ""1"", ""1/2"", ""4"", ""1/4"")","c(""avocados"", ""tomatoes"", ""salt"", ""garlic"", ""lime juice"")",5,4,415.9,36.9,5.4,0,310.6,24.9,17.3,2.8,5.5,4,NA,"c(""Peel and mash avocados until lumpy."", ""Add remaining ingredients and chill for 1 - 2 hours."")"
000056,*56*,Buttermilk Pie,1581,thefensk,PT1H,PT20M,PT1H20M,1999-08-30T10:02:00Z,"This recipe was originally noted by my wife on a cooking show on TV.  It was touted as an Amish recipe.  All we had for a long time was the list of ingredients on the back of an old envelope.  We lost it for a good while and after I found it, I originally posted it so I would never lose it again.   Thank you all for all your interest ... this is my absolute favorite pie.  During the &quot;lost&quot; phase I must have gained 20 pounds trying numerous different buttermilk pie recipes ... I was so glad when I found it again as only a few even came close in taste and texture.  I've noted a lot of people mentioning reducing the sugar, which is fine, but bear in mind that the sugar quantity was a major difference between this and other recipes I tested when it was lost. Hey, it is a PIE, it is SUPPOSED to be sweet.  Enjoy","c(""https://img.sndimg.com/food/image/upload/w_555,h_416,c_fit,fl_progressive,q_95/v1/img/recipes/56/nTwHmSmmRqGCr5HAUapC_pie-1194.jpg"", ""https://img.sndimg.com/food/image/upload/w_555,h_416,c_fit,fl_progressive,q_95/v1/img/recipes/56/KVgOoNMtRF6wvr5F2LN8_IMG_20180506_232451.jpg"", ""https://img.sndimg.com/food/image/upload/v1/img/feed/56/FNPRvh8RVDt87oJMvdaQ_166757453857297.jpg"", ""https://img.sndimg.com/food/image/upload/w_555,h_416,c_fit,fl_progressive,q_95/a_270/v1/img/recipes/56/YrLhorGAT1ifQL8kR6Wi_image.jpg?rotate=270"", 
""https://img.sndimg.com/food/image/upload/w_555,h_416,c_fit,fl_progressive,q_95/v1/img/recipes/56/picJXAlyG.jpg"", ""https://img.sndimg.com/food/image/upload/v1/img/feed/56/JOBnvLyxTLOaUX9iAHwY_10158835129563134.jpg"", ""https://img.sndimg.com/food/image/upload/v1/img/feed/56/ZdWr5wSqTXxLp9gQKZva_6177182B-027F-47EE-9C80-39990213CCFC.jpeg"", ""https://img.sndimg.com/food/image/upload/v1/img/feed/56/VZPyxCFZRGDdqWjVI3Ig_0553DC1D-4ACE-4409-9EDD-5E05816DABF8.jpeg"", ""https://img.sndimg.com/food/image/upload/v1/img/feed/56/PqvYaX51TkK0ftMAzQpW_SPhotoEditor-20180123_200317.jpg"", 
""https://img.sndimg.com/food/image/upload/w_555,h_416,c_fit,fl_progressive,q_95/v1/img/recipes/56/J2tzJWCfRymRlQleEd6y_pie-1181.jpg"", ""https://img.sndimg.com/food/image/upload/w_555,h_416,c_fit,fl_progressive,q_95/v1/img/recipes/56/LOQPyV1SkSvINuu2lHnQ_pie-1178.jpg"", ""https://img.sndimg.com/food/image/upload/w_555,h_416,c_fit,fl_progressive,q_95/v1/img/recipes/56/FKfvNy09TZOJZXhks55M_image.jpg"", ""https://img.sndimg.com/food/image/upload/w_555,h_416,c_fit,fl_progressive,q_95/v1/img/recipes/56/WcvltJdQpaBj0VuIwkRM_20150221_185141.jpg"", 
""https://img.sndimg.com/food/image/upload/w_555,h_416,c_fit,fl_progressive,q_95/v1/img/recipes/56/pfKfVg22RWae0KXp4Zxx_IMG_20150221_124006.jpg"", ""https://img.sndimg.com/food/image/upload/w_555,h_416,c_fit,fl_progressive,q_95/v1/img/recipes/56/picJEONrC.jpg"", ""https://img.sndimg.com/food/image/upload/w_555,h_416,c_fit,fl_progressive,q_95/v1/img/recipes/56/picrMc1hm.jpg"", ""https://img.sndimg.com/food/image/upload/w_555,h_416,c_fit,fl_progressive,q_95/v1/img/recipes/56/picI0FnqN.jpg"", ""https://img.sndimg.com/food/image/upload/w_555,h_416,c_fit,fl_progressive,q_95/v1/img/recipes/56/picm865Ry.jpg"", 
""https://img.sndimg.com/food/image/upload/w_555,h_416,c_fit,fl_progressive,q_95/v1/img/recipes/56/picpY7xxC.jpg"", ""https://img.sndimg.com/food/image/upload/w_555,h_416,c_fit,fl_progressive,q_95/v1/img/recipes/56/picG0knyL.jpg"", ""https://img.sndimg.com/food/image/upload/w_555,h_416,c_fit,fl_progressive,q_95/v1/img/recipes/56/picMujOhS.jpg"", ""https://img.sndimg.com/food/image/upload/w_555,h_416,c_fit,fl_progressive,q_95/v1/img/recipes/56/6mu4U7FdQvSbUJcZsfnb_2285843731647190.jpg"", ""https://img.sndimg.com/food/image/upload/v1/img/feed/56/irAZOAxdSjOqcEnJuVTG_2285843731647190.jpg"", 
""https://img.sndimg.com/food/image/upload/v1/img/feed/56/pzhS4q7QKSMqZASDBtNB_IMG_20180506_232451.jpg"", ""https://img.sndimg.com/food/image/upload/v1/img/feed/56/Vg7ihmiYSTeiZMT2CpTQ_Buttermilk%20pie.JPG"", ""https://img.sndimg.com/food/image/upload/v1/img/feed/56/M3067khQQjC4cYTLtBSM_20170312_211847.jpg"", ""https://img.sndimg.com/food/image/upload/w_555,h_416,c_fit,fl_progressive,q_95/v1/img/recipes/56/NNse5q3TRZum6MXQVNya_IMG_6814.JPG"", ""https://img.sndimg.com/food/image/upload/w_555,h_416,c_fit,fl_progressive,q_95/v1/img/recipes/56/pick370mI.jpg""
)",Pie,"c(""Dessert"", ""Oven"", ""< 4 Hours"", ""Easy"")","c(""1/2"", ""1 1/2"", ""3"", ""3"", ""1"", ""1"", ""1"", ""1"")","c(""butter"", ""margarine"", ""sugar"", ""flour"", ""eggs"", ""salt"", ""vanilla"", ""buttermilk"")",5,171,395.9,19.1,9.8,101.5,269.8,52.2,0.7,39.9,5,8,NA,"c(""Preheat oven to 400°F."", ""Beat the butter and sugar together until light."", ""Add the eggs and beat; then beat in vanilla."", ""Sift the dry ingredients together and add to the batter alternatively with the buttermilk; beat until smooth."", ""Pour into a deep dish pie shell and bake at 400F for 10 minutes, reduce heat to 350F and bake for 50-60 additional minutes."", ""Pie should turn a nice golden brown and a knife inserted should come out clean."", ""I think it is absolutely best when it is just still warm. (Not too hot, or it will be like napalm.).""
)"
000057,*57*,Black Bean Salsa,1569,Linda7,NA,PT10M,PT10M,1999-08-31T21:02:00Z,Make and share this Black Bean Salsa recipe from Food.com.,character(0),Sauces,"c(""Black Beans"", ""Beans"", ""Mexican"", ""Low Cholesterol"", ""Healthy"", ""< 15 Mins"", ""No Cook"", ""Easy"")","c(""2"", ""2 -3"", ""2 -3"", ""2 -3"", ""2 -3"", ""2"", ""2"", NA, NA)","c(""black beans"", ""tomatoes"", ""roma tomatoes"", ""green onions"", ""garlic"", ""cilantro"", ""white pepper"")",3,1,114.3,3.8,0.5,0,3.7,15.6,5.5,1.4,5.4,8,NA,"c(""Combine all ingredients in a bowl."", ""Serve with tortilla chips."")"
000058,*58*,Low-Fat Burgundy Beef & Vegetable Stew,1533,Dancer,PT2H14M,PT30M,PT2H44M,1999-08-14T19:48:00Z,Make and share this Low-Fat Burgundy Beef & Vegetable Stew recipe from Food.com.,"c(""https://img.sndimg.com/food/image/upload/w_555,h_416,c_fit,fl_progressive,q_95/v1/img/recipes/58/picnE8qoe.jpg"", ""https://img.sndimg.com/food/image/upload/w_555,h_416,c_fit,fl_progressive,q_95/v1/img/recipes/58/picwiayaY.jpg"", ""https://img.sndimg.com/food/image/upload/w_555,h_416,c_fit,fl_progressive,q_95/v1/img/recipes/58/picAaGXgc.jpg"", ""https://img.sndimg.com/food/image/upload/w_555,h_416,c_fit,fl_progressive,q_95/v1/img/recipes/58/picD2ey4Z.jpg"", ""https://img.sndimg.com/food/image/upload/w_555,h_416,c_fit,fl_progressive,q_95/v1/img/recipes/58/picKtSTwb.jpg"", 
""https://img.sndimg.com/food/image/upload/w_555,h_416,c_fit,fl_progressive,q_95/v1/img/recipes/58/picY2Aqui.jpg"")",Stew,"c(""Vegetable"", ""Meat"", ""Low Cholesterol"", ""Healthy"", ""Free Of..."", ""Weeknight"", ""< 4 Hours"")","c(""1 1/2"", ""1"", ""1"", ""1/2"", ""1/2"", ""1"", ""1/2"", ""3"", ""5 1/2"", ""1"", ""2"", ""1"")","c(""beef eye round"", ""dried thyme leaves"", ""salt"", ""pepper"", ""ready-to-serve beef broth"", ""Burgundy wine"", ""garlic"", ""cornstarch"", ""frozen sugar snap peas"")",4.5,7,280.1,6,1.5,66.9,591.5,22.4,6.1,9.2,29.8,6,NA,"c(""Trim fat from beef, cut into 1-inch pieces."", ""In Dutch oven, heat oil over medium high hunt until hot. Add beef (half at a time) and brown evenly, stirring occasionally."", ""Pour off drippings."", ""Season with thyme, salt and pepper."", ""Stir in broth, wine and garlic. Bring to boil; reduce heat to low."", ""Cover tightly and simmer 1 1/2 hours."", ""Add carrots and onions."", ""Cover and continue cooking 35 to 40 minutes or until beef and vegetables are tender."", ""Bring beef stew to a boil over medium-high heat. Add cornstarch mixture; cook and stir 1 minute. Stir in sugar snap peas."", 
""Reduce heat to medium and cook 3 to 4 minutes or until peas are heated through."")"
000059,*59*,Lou's Fabulous Bruschetta,1578,klcesarz,PT10M,PT30M,PT40M,1999-09-13T04:06:00Z,Make and share this Lou's Fabulous Bruschetta recipe from Food.com.,"""https://img.sndimg.com/food/image/upload/w_555,h_416,c_fit,fl_progressive,q_95/v1/img/recipes/59/pickKDLXe.jpg""",Vegetable,"c(""European"", ""Low Cholesterol"", ""Healthy"", ""Spring"", ""Summer"", ""< 60 Mins"", ""Oven"")","c(""1"", NA, NA, ""3/4"", NA, NA, ""4 -5"", ""1 -2"", ""4 -5"")","c(""French baguette"", ""butter"", ""garlic powder"", ""ricotta cheese"", ""parmesan cheese"", ""salt"", ""tomatoes"", ""olive oil"", ""fresh basil leaves"")",5,4,221.5,6.5,2.5,11.8,367.8,32.5,2.5,1.8,8.1,8,NA,"c(""Cut baguette into slices."", ""Butter and then sprinkle garlic powder each piece, and bake till lightly golden brown."", ""Mix garlic powder, Parmesan cheese, and salt in the ricotta cheese, till a lovely blended taste."", ""Dice tomatoes in small cubes,   add Olive Oil, and  small strips of fresh basil leaves, cut into thin strips."", ""Spread the ricotta mixture, generously on the cooled garlic bread slices."", ""Top with tomato mixture and bake at 350F for 10 minutes."", ""Enjoy!"")"
000060,*60*,Blueberry Dessert,1545,Nancy Van Ess,NA,PT35M,PT35M,1999-08-16T05:59:00Z,Make and share this Blueberry Dessert recipe from Food.com.,character(0),Dessert,"c(""Berries"", ""Fruit"", ""< 60 Mins"", ""Oven"")","c(""2"", ""1/2"", ""1/2"", ""2"", ""16"", ""1"", ""1"", ""1/4"")","c(""Bisquick baking mix"", ""sugar"", ""butter"", ""margarine"", ""eggs"", ""frozen blueberries"", ""Bisquick baking mix"", ""sugar"", ""firm butter"", ""margarine"")",3,1,381.1,17.3,8.8,62.1,437.6,54.5,1.6,36.9,3.9,12,NA,"c(""Heat oven to 400 degrees."", ""Mix 2 cups baking mix, 1/2 cup sugar, 1/2 cup butter  and egg yolks until crumbly."", ""Press into ungreased rectangular pan, 13x9x2\""."", ""Bake 10 min."", ""Beat egg whites until stiff; fold in blueberries."", ""Spread over baked  layer."", ""Mix remaining ingredients until crumbly; sprinkle over blueberry mixture. Bake until golden brown, about 20 min."")"
000061,*61*,Brownie Heart Cake,1555,Cindy Hartlin,PT42M,PT35M,PT1H17M,1999-09-07T14:15:00Z,Make and share this Brownie Heart Cake recipe from Food.com.,character(0),Dessert,"c(""Weeknight"", ""Oven"", ""< 4 Hours"")","c(""1 1/2"", ""3/4"", ""1"", ""3"", ""3/4"", ""1/2"", ""1/4"", ""3/4"", ""1/4"", ""1"", ""1/2"", NA, NA)","c(""brown sugar"", ""butter"", ""vanilla"", ""eggs"", ""all-purpose flour"", ""salt"", ""white chocolate"", ""butter"", ""sour cream"")",NA,NA,4713.8,286.5,144.2,1097.5,2157.8,509.9,29,392.5,71.7,NA,1 Large cake,"c(""CAKE:  Grease 5 cup heart shaped pan; dust with unsweetened cocoa"", ""powder and set aside.  In bowl, blend together brown sugar, butter and vanilla; add eggs, one at a time, beating well with wooden spoon after each addition."", ""Sift together flour, cocoa and salt; add all at once to creamed mixture, mixing just until blended."", ""Stir in nuts; spread in prepared pan."", ""Loosely cover tip of heart with foil to prevent from drying out. Bake in 350xF oven for 35 to 40 minutes or until just barley firm to the touch."", 
""Let cool in pan for 10 minutes; turn out onto rack and let cool completely."", ""FROSTING:  In top of double boiler over hot, not boiling, water, melt white chocolate with butter."", ""(Alternatively, in microwaveable dish, microwave at Medium/50% for 1 to 2 minutes or until softened.)  Remove from heat and let cool slightly; stir in sour cream until smooth and blended."", ""Refrigerate for 10 minutes; spread smoothly over sides then top of cooled cake. GARNISH:  Sprinkle cocoa in attractive pattern on top of cake. Arrange almonds around top edge.""
)"
000062,*62*,"Black Bean, Corn, and Tomato Salad",1570,Dave Miner,PT15M,PT10M,PT25M,1999-08-19T05:12:00Z,"This is easy, delicious, colorful, delicious, uses currently-in-season fresh corn and tomatoes, and, oh yes, is really good.  I made a double batch of this yesterday for two of us, and we just polished off the rest of it this evening.    BTW, Ordinary tomato is fine instead of plum tomato (and we happen to use  more of it); I highly recommend flat-leaf parsley, if you can find it, because  the curly stuff is not nearly as flavorful; You can use radicchio or any other  kind of lettuce (if you choose to use any at all); The salad tastes even  better the second day!; Flavor is better when served closer to room temp  as opposed to ice cold.",character(0),Black Beans,"c(""Corn"", ""Beans"", ""Vegetable"", ""Low Cholesterol"", ""Healthy"", ""Free Of..."", ""Spring"", ""Summer"", ""< 30 Mins"", ""Easy"")","c(""3"", ""2"", ""1"", ""1"", ""1"", ""1"", ""2"", ""1"", ""4"")","c(""fresh lemon juice"", ""olive oil"", ""black beans"", ""fresh corn kernels"", ""plum tomato"", ""scallion"", ""fresh parsley leaves"", ""cayenne"", ""boston lettuce leaves"")",5,23,407.8,15.4,2.3,0,20,55.8,16.6,4.3,17.1,2,NA,"c(""In a bowl whisk together lemon juice, oil, and salt to taste."", ""Stir in remaining ingredients, except lettuce leaves, with salt and black pepper to taste."", ""Let salad stand, stirring once or twice, 15 minutes for flavors to develop."", ""Line 2 plates with lettuce and divide salad between them."")"
000063,*63*,Cabbage and Sausage Soup,1544,tranch,PT25M,PT15M,PT40M,1999-09-07T12:52:00Z,Make and share this Cabbage and Sausage Soup recipe from Food.com.,character(0),< 60 Mins,NA,"c(""2"", ""1 1/2"", ""2"", ""4"", ""1/4"", ""1/2"", ""1/4"", ""1/2"", ""1/2"", ""1 1/4"", ""6"", ""6"")","c(""olive oil"", ""Italian sausage"", ""garlic"", ""red pepper flakes"", ""salt"", ""black pepper"", ""sun-dried tomato"", ""white wine"", ""cabbage"")",5,4,586.1,38.7,12.3,71.9,2020.8,26.1,3.5,11.6,30.2,6,NA,"c(""In a medium stockpot or Dutch oven heat olive oil, over high heat, and saute sausage for 3 minutes."", ""Remove with a slotted spoon and set aside. Add onion, garlic, red pepper flakes, salt, pepper and sun dried tomatoes."", ""Reduce heat to medium high and saute until onions are soft, about 3 - 5 minutes."", ""Stir in the wine and cook 2 minutes."", ""Add cabbage, reserved sausage and chicken stock."", ""bring to a boil, reduce heat and simmer 15 minutes."", ""- - - - - - - - - - - - - - - - - - NOTES :    To serve, place a piece of garlic toast in the bottom of the bowl and ladle soup over top.""
)"
000064,*64*,Almond Pound Cake,125579,GrandmaIsCooking,PT1H,PT15M,PT1H15M,1999-08-07T16:33:00Z,Make and share this Almond Pound Cake recipe from Food.com.,character(0),Dessert,"c(""Fruit"", ""Nuts"", ""Weeknight"", ""Oven"", ""< 4 Hours"")","c(""2/3"", ""3 1/2"", ""1 1/4"", ""4"", ""2 1/4"", ""5"", ""1"", ""1/2"")","c(""butter"", ""almond paste"", ""sugar"", ""eggs"", ""flour"", ""cornstarch"", ""baking powder"", ""milk"")",4.5,3,408.5,17.9,9,118.9,159.4,56,1.3,29,6.9,10,1 cake,"c(""Preheat oven to 350 degrees Fahrenheit."", ""Cream butter and almond paste until fluffy."", ""Add sugar, gradually add eggs, one at a time.  Mix together flour, cornstarch and baking powder, then add flour mixture and milk alternately."", ""Bake in greased 9x5 loaf pan for 1 hour."", ""Double recipe for a bundt pan and bake 75 minute."", ""Cool 10 min in pan, then turn out and cool completely."", ""Serve with powdered sugar, orange glaze or chocolate glaze."")"
000066,*66*,Black Coffee Barbecue Sauce,174711,Queen Dragon Mom,PT20M,PT10M,PT30M,1999-09-10T21:43:00Z,"It's great to know folks like this sauce so much! I wish I could take credit for it but it was adopted after the original member left. Thank you, all, just the same.
I have made the recipe with regular brewed coffee but highly recommend the espresso. In a pinch use strong instant if you have nothing else. The acid of the coffee balances the sweetness of the other ingredients.","c(""https://img.sndimg.com/food/image/upload/w_555,h_416,c_fit,fl_progressive,q_95/v1/img/recipes/66/pic6Ysx4x.jpg"", ""https://img.sndimg.com/food/image/upload/w_555,h_416,c_fit,fl_progressive,q_95/v1/img/recipes/66/picknLY3c.jpg"", ""https://img.sndimg.com/food/image/upload/w_555,h_416,c_fit,fl_progressive,q_95/v1/img/recipes/66/piclB5wbq.jpg"")",Lactose Free,"c(""Low Protein"", ""Low Cholesterol"", ""Healthy"", ""Free Of..."", ""< 30 Mins"", ""Easy"")","c(""1/2"", ""1"", ""1/4"", ""3/4"", ""1"", ""2"", ""2"", ""2"", ""2"", ""2"", ""2"")","c(""brewed coffee"", ""ketchup"", ""red wine vinegar"", ""dark brown sugar"", ""onion"", ""garlic cloves"", ""dark molasses"", ""hot dry mustard"", ""Worcestershire sauce"", ""cumin"", ""chili powder"")",5,19,772,3.9,0.5,0,2241.9,189.6,6.4,164.3,7,NA,1 1/2 cups,"c(""Combine all ingredients in a saucepan and simmer over low heat for 20  minutes."", ""Cool, then puree in a blender or food processor until smooth."", ""This can be stored in the refrigerator for up to 2 weeks in a covered  container."")"
000067,*67*,Bourbon Pecan Pound Cake,1573,benluc,PT1H,PT1H,PT2H,1999-09-01T09:01:00Z,Make and share this Bourbon Pecan Pound Cake recipe from Food.com.,character(0),Dessert,"c(""Fruit"", ""Nuts"", ""Weeknight"", ""Oven"", ""< 4 Hours"")","c(""1/2"", ""2 1/2"", ""6"", ""3"", ""2"", ""1"", ""1"", ""1"", ""1/2"", ""1 1/2"", ""2"", ""1"", ""2"")","c(""butter"", ""sugar"", ""eggs"", ""cake flour"", ""baking powder"", ""salt"", ""nutmeg"", ""sour cream"", ""Bourbon"", ""pecans"", ""powdered sugar"", ""Bourbon"", ""water"")",5,1,697.7,31.7,13.6,143.6,441.9,91.2,1.9,62.6,7.8,12,NA,"c(""Combine butter and sugar in bowl of electric mixer and blend until light and fluffy."", ""Add eggs one at a time, beating constantly."", ""Sift together flour, baking powder, salt, and nutmeg."", ""Blend sour cream and bourbon."", ""Alternately add flour and sour cream mixture to batter."", ""Add pecans."", ""Grease bottom and sides of tube or bunt pan."", ""Pour in batter and bake at 325 degrees for about one hour and 30 minutes."", ""Test cake frequently after first hour and 15 minutes for doneness."", ""Let cake cool in pan for 15 minutes before turning out on wire rack."", 
""To prepare glaze, combine sugar and bourbon."", ""Stir while gradually adding water."", ""Add only enough water to make a pourable glaze without allowing mixture to become too thin."", ""Pour glaze over top of warm cake and let dribble down sides."")"
000068,*68*,Chicago Style Pizza,174711,Queen Dragon Mom,PT2H38M,PT35M,PT3H13M,1999-08-22T04:56:00Z,Make and share this Chicago Style Pizza recipe from Food.com.,character(0),Weeknight,"c(""Oven"", ""< 4 Hours"")","c(""1"", ""1 1/4"", ""1"", ""1 1/2"", ""1/4"", ""3"", ""2"", ""0.5"", ""1"", NA, NA, ""1/4"", ""1/4"", ""1/4"", ""1/4"", ""1/4"")","c(""dry yeast"", ""water"", ""sugar"", ""salt"", ""flour"", ""cornmeal"", ""mozzarella cheese"", ""oregano"", ""pepper"", ""green pepper"", ""mushroom"", ""parmesan cheese"")",NA,NA,471.4,24.5,10.1,55,990,41.1,1.9,2.5,20.9,8,8 slices,"c(""For crust, dissolve yeast in water."", ""Add sugar,  salt and 2 tablespoons oil."", ""Stir in flour to make a soft  dough."", ""Turn out onto well floured board."", ""Knead about 3  minutes."", ""Put in greased bowl; cover and let rise in warm place  about 1 1/2  hours."", ""Brush a 14-inch deep-dish pizza pan with  2 tablespoons oil; sprinkle  with corn meal."", ""Punch dough down;  press in bottom of pan."", ""Let rise 30 minutes."", ""Punch down  again, lightly coat with olive oil."", ""Cook at 450 degrees for  about  10 minutes until set. (Punch down dough after 5 minutes or so.) Arrange cheese  over dough."", 
""Place pepperoni,  olives, peppers and mushrooms over cheese. Spread  pizza sauce. Sprinkle with oregano, crushed pepper and  Parmesan cheese. Place  pizza in oven and cook at 450 degrees  until cheese is melted and crust is  golden (about 20 to 25 minutes). Makes  8 slices."")"
000069,*69*,Chicha Peruana,1595,Enrique1,PT1H50M,PT2H45M,PT4H35M,1999-08-14T06:20:00Z,"Chicha (corn beer). Chicha is made in South and, to a lesser extent, Central America. Unlike African opaque beer, it is not brewed commercially, but instead is made and served in what sound to me like wee tiny brewpubs. An abbreviated version is also made in people's kitchens. Chicha is consumed whilst still fermenting and so is low in alcohol. It is often spiced and may also be served with fruit.  With Bill's help and a little patience, a friend and I recently completed a batch. This was a very interesting and satisfying endeavour which included growing and malting the corn used. Every step of the process was very simple, and I highly recommend attempting this at home. My second crop of corn is about to come in and the results were good enough that I will be doing this again in the near future.",character(0),Beverages,"c(""Mexican"", ""Free Of..."", ""Weeknight"", ""Easy"")","c(""1 1/2"", ""1"", ""1"")","c(""piloncillo cone"", ""Nottingham dry yeast"")",NA,NA,21.1,0.3,0,0,3.6,2.7,1.5,0,2.7,NA,1 batch,"c(""Procedure: Mash for 90 minutes at 160°F."", ""We did two 1.5 gallon batches, each spiced differently (one with curacao/coriander, the other with allspice/cinammon). We would rather have used a higher proportion of jora, but on brewday we discovered that our ability to determine the weight of things is seriously imparied."", ""Instead of the 4.5lbs we thought we had, we found we had only 3lbs of jora."", ""Rather than readjust (the OG would have been more appropriate at ~1.045 in any case), we added more sugar, a course of action that was inspired by homebrewed Weizen as much as anything else. The result is a very tasty beverage, pretty big all the way around on corn, and yet the flavor is quite subtle. Be warned that chicha is at its peak 2 to 4 days after pitching while it still retains some sweetness and body."", 
""Once the chicha ferments out, you are left with a fairly bland beverage that reminds me of iced tea more than anything else. If I'd been thinking (chicha lends itself to gulping), I would have kegged the stuff on the third day after pitching and stuck it in the fridge. While we took the trouble to grow our own (blue) corn, I see no reason why one could not start with good ol' yellow corn from the grocery store (domestic 20-row?) In fact, I plan on doing this if only to see what kind of chicha it makes."", 
""Specifics:  OG: 1.055  FG: 1.012 Types of Chicha So far, there appear to me to be several main ways in which chicha de jora is made. These range in difficulty from trivial to a process almost indentical to what barley-beer homebrewers are familiar with."", ""Facil (easy) - Corn is mixed with water and sugar and allowed to sit for several days until the corn begins to germinate. The sugar ferments and the corn, lending nothing fermentable, adds flavor."", ""Abbreviated - The jora is mashed but the mash is ultimately brought to a boil, allowed to settle, and the clear liquid, or upi, now finished chicha, is drawn off."", 
""Traditional - Similiar to the Abbreviated method, but the jora is mashed and the mash is allowed to settle. The upi is drawn off the mash into a separate vessel for boiling."", ""Modern - The ground jora is mashed and lautered through some sort of filtering device such as a manifold or false bottom."", ""This process is helped by the inclusion of some crushed malted barley (Barley Assisted). The first is apparently how much chicha is made in people's kitchens."", ""Bill Ridgely describes most of the others in his articles."", 
""Also note that the methods that include mashing use a batch sparge. That is, the sweet liquor (upi) is merely drained from the mash and there are no continuous additions of sparge water to the surface of the mash."", ""Certainly sparging can be performed if desired, but it is neither traditional nor necessary (corn kernels have no husk and therefore do not form a filterbed). Chicha is traditionally allowed to spontaneously ferment. For the last type (Modern), George Duarte suggests that ground, unmalted corn could be mixed with a small amount of crushed 2-row malted barley and boiled for 20 minutes or so to gelatinize the starch in the corn."", 
""This gooey mass would then be added to more water and barley malt and mashed as per 'normal' homebrew procedures."", ""This could probably be sparged as usual."")"
000070,*70*,Buckwheat Bread,1547,Morton Design Graph,PT3H,PT35M,PT3H35M,1999-08-24T04:19:00Z,Make and share this Buckwheat Bread recipe from Food.com.,character(0),Yeast Breads,"c(""Breads"", ""Healthy"", ""Weeknight"", ""Oven"", ""< 4 Hours"")","c(""1"", ""2"", ""2"", ""2"", ""1"", ""2"", ""3/4"", ""1"", ""1"", ""1"")","c(""eggs"", ""water"", ""buckwheat flour"", ""light brown sugar"", ""whole wheat flour"", ""buttermilk"", ""salt"", ""caraway seed"", ""all-purpose flour"")",1,2,2389.3,27.3,7.1,379.4,2717,466.9,57.5,30.2,97.8,NA,1 large loaf,"c(""Proof the yeast in the lukewarm water with the sugar."", ""After you get a yeast sponge add the buttermilk (room temperature), salt, eggs and the three different kinds of flour and caraway seeds."", ""Mix well."", ""Take the dough out onto a lightly floured work surface, kneading until smooth."", ""Place the dough in a large buttered bowl, cover with a towel and let stand in a warm place to rise until doubled in bulk."", ""This will take from 1~/2 to 2 hours."", ""Take the dough out and punch it down a couple of times."", 
""Knead and shape the dough into a loaf and place in a buttered loaf pan (9~ by 5~). Let stand in a warm place, covered with a towel, to rise for about 1 hour or until doubled in size. Preheat the oven to 400 degrees. Brush the bread with a little melted butter and bake in the oven for about 30 minutes or until light brown and the bread sounds hollow when tapped with your finger."", ""Cool wrapped in a towel."")"
000071,*71*,Chicken and Dumplings,1582,Diana van den Broek,PT43M,PT1H25M,PT2H8M,1999-08-25T06:51:00Z,Make and share this Chicken and Dumplings recipe from Food.com.,character(0),Whole Chicken,"c(""Chicken"", ""Poultry"", ""Meat"", ""Winter"", ""Weeknight"", ""Broil/Grill"", ""Oven"", ""Stove Top"", ""< 4 Hours"")","c(""4"", ""1"", ""2"", ""1"", ""2"", ""1/4"", ""1"", ""1"", ""1"", NA, NA, ""2"", ""1/4"", ""3"", ""3/4"", ""1"")","c(""chicken"", ""carrot"", ""celery"", ""onion"", ""chicken bouillon cubes"", ""butter"", ""flour"", ""sherry wine"", ""lemon juice"", ""salt"", ""baking powder"", ""salt"", ""shortening"", ""milk"", ""peas"")",5,12,657.9,42.7,14.4,188.7,637.7,19.1,2.1,2.6,46.1,8,NA,"c(""Place chickens in large saucepan, cover with water and bring to a boil."", ""Simmer until chickens are tender."", ""Remove chickens from pan and set aside. Remove backbones."", ""Add chopped carrot, celery and onion and simmer 30 minutes."", ""Add chicken stock base and remove from heat. Strain and reserve stock."", ""Melt butter and stir in 1 cup flour until smooth."", ""Add to straine reserved chicken stock."", ""Simmer 5 minutes."", ""Add sherry and lemon juice, salt to taste and, if desired, food color."", 
""For dumplings, combine 1 1/2 cups flour, baking powder and 1/4 tsp salt in mixing bowl."", ""Cut in shortening until mixture resembles cornmeal."", ""Stir in milk until just blended."", ""Place about 1/2 inch water in saucepan with wire rack that comes 2 to 3 inches above water line. Cover rack with lightly oiled waxed paper, oiled side up."", ""With water gently simmering, drop dumplings by tablespoon onto waxed paper, leaving room in between for expansion."", ""Steam 8 minutes, uncovered, then cover and steam 7 minutes longer."", 
""Meanwhile, remove skin from cooked chicken and bone, if desired."", ""Cut in large pieces."", ""Place chicken pieces in casserole. Arrange dumplings on chicken."", ""Cover with sauce and sprinkle with peas for color."")"
000072,*72*,Brownie Pudding,193853,MirandaLee,PT35M,PT40M,PT1H15M,1999-08-20T09:50:00Z,Make and share this Brownie Pudding recipe from Food.com.,character(0),Dessert,"c(""Low Protein"", ""Healthy"", ""Weeknight"", ""Oven"", ""< 4 Hours"")","c(""1/2"", ""1/2"", ""1/2"", ""2"", ""1/4"", ""1/2"", ""1"", ""2"", ""1/2"", ""1/2"", ""1 3/4"")","c(""all-purpose flour"", ""granulated sugar"", ""baking powder"", ""salt"", ""milk"", ""vanilla"", ""butter"", ""brown sugar"", ""boiling water"")",5,10,182.8,5.9,3.6,7.8,160.2,34,2.1,25.3,2.3,10,NA,"c(""Preheat oven to 350 degrees."", ""Combine flour, granulated sugar, 1/4  cup cocoa,  baking powder and salt in a bowl."", ""Stir in milk, butter and vanilla  until  smooth."", ""Stir in chocolate chips."", ""Spread in ungreased shallow 1  1/2 quart  casserole.  Sprinkle brown sugar and 1/4 cup cocoa on top."", ""Place in oven, pour  boiling water over top."", ""Bake 35 minutes, cool 10 minutes before  serving."", ""Serve with ice cream if desired."")"
000073,*73*,Bratwurst,1547,Morton Design Graph,PT1H,PT50M,PT1H50M,1999-08-22T05:04:00Z,"Although they can be made with a fine grind, we prefer the slightly coarse texture obtained with the 3/8 in. (0.95 cm) plate.",character(0),High Protein,"c(""Free Of..."", ""High In..."", ""Weeknight"", ""< 4 Hours"")","c(""3"", ""7"", ""1"", ""1"", ""1/2"", ""2"", ""2"", ""2"", ""1"", ""4"", ""5"", NA, NA)","c(""milk"", ""fine salt"", ""white pepper"", ""mace"", ""ginger"", ""nutmeg"", ""powdered soy protein concentrate"", ""eggs"", ""fresh parsley"")",1,1,1243.1,74.6,27.6,418.3,1519.1,28.3,6.6,11.1,113.3,NA,10 pounds (4.5 kg),"c(""Grind the veal and pork with a 3/8 in.  (0.95 cm) plate."", ""Place the ground meat into a mixing tub and add all remaining ingredients."", ""Mix very thoroughly."", ""Return to the cooler and chill at least 1 hour."", ""Stuff the prepared casings.Tie into 4 in.  (10 cm) links."", ""Poach the sausages in good veal stock for the best flavor."", ""Cover with the cold stock and heat gently."", ""Maintain a temperature of no more than 160 F (710C). When the sausages reach an internal temperature of 140 F (60 C), remove from the stock."", 
""Cool quickly."", ""Dry wrap, and refrigerate for use."")"
000074,*74*,Brownie Cheesecake Torte,67395,Dannygirl,PT55M,PT35M,PT1H30M,1999-08-22T04:49:00Z,Make and share this Brownie Cheesecake Torte recipe from Food.com.,"""https://img.sndimg.com/food/image/upload/w_555,h_416,c_fit,fl_progressive,q_95/v1/img/recipes/74/kZ2yXx22RimC8sHBAlFa_image.jpg""",Cheesecake,"c(""Dessert"", ""Weeknight"", ""Oven"", ""< 4 Hours"")","c(""15 1/4"", ""2"", ""1/2"", ""4"", NA, ""1/2"", ""2"", ""4"", ""1"", ""8"", ""8"", ""2"", ""3"", ""2"", NA, NA)","c(""instant coffee granules"", ""cinnamon"", ""sugar"", ""sugar"", ""all-purpose flour"", ""vanilla extract"", ""fat free cream cheese"", ""skim milk"", ""fresh raspberry"")",NA,NA,122.1,4.9,3,15.9,194.7,14.4,0.5,10.9,5.7,12,12,"c(""Preheat oven to 425 degrees F."", ""Combine first 4 ingredients in a bowl."", ""Firmly press mixture into bottom and 1 inch up sides of a 9-inch springform pan coated with cooking spray."", ""Set aside. Combine 1/2 cup sugar, flour, vanilla, and cheeses;  beat at medium speed of a mixer until well-blended."", ""Add egg whites and 2 tablespoons milk; beat well."", ""Combine 1/2 cup batter, 1 tablespoon milk, 2 tablespoons sugar, and cocoa in a small bowl; stir well."", ""Spoon remaining batter alternately with cocoa mixture into prepared crust. Swirl together using the tip of a knife.  Bake at 425 degrees for 10 minutes."", 
""Reduce oven temperature to 250 degrees; bake 45 minutes or until almost set. Cool completely on a wire rack."", ""Garnish with chocolate syrup and fresh raspberries, if desired."")"
000075,*75*,California Chilled Salsa,1551,Sean Coate,NA,PT25M,PT25M,1999-09-06T05:11:00Z,Make and share this California Chilled Salsa recipe from Food.com.,character(0),Sauces,"c(""Low Protein"", ""Low Cholesterol"", ""Healthy"", ""Free Of..."", ""< 30 Mins"")","c(""2"", ""1"", ""1"", ""1"", ""1 1/2"", ""1"", ""1"", ""1"")","c(""tomatoes"", ""celery"", ""onion"", ""green pepper"", ""salt"", ""cider vinegar"", ""sugar"", ""green chili pepper"")",NA,NA,21,0.1,0,0,354.9,4.9,0.9,3.3,0.6,10,NA,"c(""* Also delicious made with red sweet peppers or a combination of red and  green for nice color."", ""Combine all ingredients; if finer texture is desired may be put  through food grinder using fine blade."", ""Cover tightly and chill overnight."", ""Serving Ideas : Serve cold as a relish with meat."", ""Kim C."")"
000076,*76*,Alfredo Sauce,1535,Marg CaymanDesigns,PT10M,PT5M,PT15M,1999-09-15T04:26:00Z,"This is my son's favorite meal. I make it with shrimp for him for his birthday every year. GREAT for company because it is so easy and yet taste wonderful! I cook this in the microwave, but I'm sure you could do it on the stove too. Times are what work in my microwave. Please use your own good judgment on times to use in your microwave. (In my quest to eat healthier, I now make it with light butter, light cream and reduced fat Parmesan cheese. It still tastes wonderful, but there isn't any guilt!)
PLEASE NOTE! This is an &quot;authentic&quot; Alfredo sauce recipe! Real Alfredo sauce *only* contains butter, cream, Parmesan cheese and pepper. It will be thin and there is no garlic in it! If you want a thicker sauce or one with garlic like modern restaurants serve, please look elsewhere! Recipe #52892 and Recipe #8596 are two good places to start.","c(""https://img.sndimg.com/food/image/upload/w_555,h_416,c_fit,fl_progressive,q_95/v1/img/recipes/76/lfS6kBlpRJMGzvXr3Gkz_AS%204%20-%20final_2.jpg"", ""https://img.sndimg.com/food/image/upload/w_555,h_416,c_fit,fl_progressive,q_95/v1/img/recipes/76/RU5fnqOQ6kQhNPHuyepw_AS%204%20-%20final_4.jpg"", ""https://img.sndimg.com/food/image/upload/w_555,h_416,c_fit,fl_progressive,q_95/v1/img/recipes/76/7Zay46y4T5iIMpwytGAh_9A7A15FF-075C-4696-911B-80C05EC777C8.jpeg"", ""https://img.sndimg.com/food/image/upload/w_555,h_416,c_fit,fl_progressive,q_95/v1/img/recipes/76/rD6D3t6SrmNouznAOrTT_IMG_1241.JPG"", 
""https://img.sndimg.com/food/image/upload/w_555,h_416,c_fit,fl_progressive,q_95/v1/img/recipes/76/pic9nC3rH.jpg"", ""https://img.sndimg.com/food/image/upload/w_555,h_416,c_fit,fl_progressive,q_95/v1/img/recipes/76/picOZfuNC.jpg"", ""https://img.sndimg.com/food/image/upload/w_555,h_416,c_fit,fl_progressive,q_95/v1/img/recipes/76/picvhwJQj.jpg"", ""https://img.sndimg.com/food/image/upload/w_555,h_416,c_fit,fl_progressive,q_95/v1/img/recipes/76/piczatR8o.jpg"", ""https://img.sndimg.com/food/image/upload/w_555,h_416,c_fit,fl_progressive,q_95/v1/img/recipes/76/picCBDhXY.jpg"", 
""https://img.sndimg.com/food/image/upload/w_555,h_416,c_fit,fl_progressive,q_95/v1/img/recipes/76/pict87aHR.jpg"")",Sauces,"c(""European"", ""Very Low Carbs"", ""High In..."", ""< 15 Mins"", ""Easy"")","c(""1/4"", ""1"", ""3/4"", NA, ""1/4"")","c(""sweet butter"", ""heavy cream"", ""parmesan cheese"", ""salt"", ""pepper"")",5,207,489.9,50.4,31.5,159,312.4,2.5,0,0.2,8.7,4,NA,"c(""Place butter in microwave safe pot and heat on high for 30 seconds or until melted."", ""Add cream and warm on high for approximately 1 minute."", ""Add Parmesan cheese and warm until cheese melts."", ""Add salt and pepper to taste. (If serving with shrimp, you might not need much salt.)."", ""Pour over 4 servings of warm noodles (I use angel hair) and toss to coat. Serve immediately."", ""Notes: I serve it with cubed, grilled or broiled chicken breast mixed in with the noodles or shrimp. Add a green salad and you have a complete meal. I have used margarine and canned Parmesan cheese and it worked fine.""
)"
000078,*78*,Buttermilk Ranch Dressing,1582,Diana van den Broek,NA,PT20M,PT20M,1999-08-18T04:20:00Z,Make and share this Buttermilk Ranch Dressing recipe from Food.com.,character(0),Free Of...,"""< 30 Mins""","c(""1"", ""3"", ""3/4"", ""1/2"", ""2"", ""1"", ""1"", NA)","c(""garlic"", ""salt"", ""buttermilk"", ""sour cream"", ""lime juice"", ""parsley"", ""chives"")",3.5,2,267.2,20.6,12.8,46.4,577.9,14.1,0.3,7.7,8.2,NA,1 1/4 cups,"c(""Mash together garlic and salt to form a paste.  Remove to a small bowl."", ""Whisk in buttermilk sour cream, lime juice, parsley, chives, and salt and pepper."", ""Taste  and adjust seasonings."", ""Use immediately or cover and refrigerate."")"
000079,*79*,Brisket with Sauerkraut and Applesauce,1549,Dave5003,PT3H,PT25M,PT3H25M,1999-09-06T04:33:00Z,Make and share this Brisket with Sauerkraut and Applesauce recipe from Food.com.,character(0),Weeknight,"c(""Stove Top"", ""< 4 Hours"", ""Easy"")","c(""1"", ""8"", ""1"", ""2"", ""1"")","c(""stewed tomatoes"", ""sauerkraut"", ""applesauce"", ""dark brown sugar"", ""beef brisket"")",NA,NA,232.9,13.6,5.4,36.5,475.7,19.3,2.3,8.5,9.6,6,NA,"c(""In a large cook pot place undrained tomatoes, sauerkraut with applesauce and  brown sugar."", ""Bring to a boil."", ""Lower heat and add brisket so that mixture can  cover some of brisket.Cover and simmer until meat is fork tender ( about 3 hours ); spooning sauce over brisket intermittently."", ""When meat is done, place brisket  on serving platter."", ""Remove excess fat from pot. Season sauce to taste ( more  sugar, spices etc. ). Thicken if desired with a bit of cornstarch mixed with  some cold water and add to sauce and cook and stir till thickened."", 
""For best  serving, prepare brisket ahead of time, let cool completely, slice meat, cover  with sauce and refrigerate till needed ( may be frozen ). Gently reheat and  serve slices of meat and sauce."")"
000080,*80*,Bread Pudding,1538,Duckie067,PT45M,PT20M,PT1H5M,1999-09-19T06:23:00Z,Make and share this Bread Pudding recipe from Food.com.,character(0),Dessert,"c(""Weeknight"", ""Oven"", ""< 4 Hours"")","c(""2"", ""1"", ""2"", ""2"", ""9"", ""1/2"", ""1"", ""2"", ""1/4"")","c(""milk"", ""eggs"", ""sugar"", ""salt"", ""real vanilla"", ""unsalted butter"")",5,4,487.1,25.6,14.5,264.8,597.1,49.3,0.4,29.6,15.6,4,NA,"c(""Mix bread and milk together."", ""Add the 2 eggs and the 2 egg yolks with 5 tbsp of sugar and salt."", ""Add to the milk mixture will be the vanilla and butter."", ""Mix well and pour into a slightly greased 1 1/2 quart casserole."", ""Bake in a pie pan of water at 350° oven for 45 minutes."", ""For the Meringue topping: Beat the egg whites until stiff and add the 4 tbsp of sugar to it."", ""Pour in slowly"", ""Top the already baked pudding with it--making swirly peaks for decorations."", ""Bake again at 300° until a golden brown.""
)"
000081,*81*,All Purpose Quick Mix With 28 Variations,125579,GrandmaIsCooking,PT30M,PT10M,PT40M,1999-09-10T17:09:00Z,"--Adopted Recipe--
Don't be intimidated by all the steps.  Really, there are just a few steps.  The additional &quot;steps&quot; are all the wonderful variations you can make.  Nutrition information is not correct, as it does not include the extra ingredients listed in the variations below.",character(0),High In...,"c(""< 60 Mins"", ""Easy"")","c(""3"", ""3"", ""3"", ""1"", ""1"")","c(""whole wheat flour"", ""flour"", ""baking powder"", ""salt"", ""butter"")",5,2,529.3,24.3,14.8,61,865.8,69.7,6.8,0.3,11.2,NA,8 cups,"c(""Blend flours, baking powder and salt.  Cut  butter or margarine into flour mixture until  it resembles coarse cornmeal."", ""Store  tightly covered in refrigerator or  freezer until needed."", ""To prepare a variation:  Mix together baking mix and additional ingredients listed in one of the variations.  Spread batter in a 13x9 inch loaf pan  and bake at 350 degrees for 30 minutes or until done.  You may also make as muffins; baking time will be shorter."", ""There are 28 variations of what you can do with  this mix: Variations include  almond, apple, apricot, banana,  blueberry, butterscotch chip, carrot, chocolate or carob chip, coconut,  cranberry, date, fig, granola, lemon, orange, peach,  pineapple, peanut, pear,  pecan, pineapple, prune, pumpkin, raisin, spice, yam,  walnut, yogurt & zucchini---with this same mix as the base for all of them! HERE ARE THE VARIATIONS:"", 
""SWEET POTATO OR YAM:    3 1/2 cup quick mix  1 teaspoons Cinnamon  1/2 teaspoons allspice  1 cup chopped 1 cup mashed, cooked sweet potato  nuts  1 egg  2/3 cup honey - 1/3 cup milk OR 3/4 cup sugar - 1/2 cup milk."", ""WALNUT:  3 1/2 cup quick mix  1 cup chopped walnuts  1 egg  2/3 cup honey - 1 cup milk OR 3/4 cup sugar - 1 1/4 cup milk."", ""YOGURT:  3 1/2 cup quick mix  1/2 teaspoons Baking soda  1 cup chopped nuts 1 cup yogurt, any flavor   1 egg  2/3 cup honey - 1/2 cup milk OR 3/4 cup sugar - 2/3 cup milk."", 
""ZUCCHINI:  3 1/2 cup quick mix  1 teaspoons Cinnamon  1 cup chopped nuts  1 cup shredded zucchini  1 egg  2/3 cup honey - 2/3 cup milk OR 3/4 cup brown sugar, firmly packed - 1 cup milk."", ""ALMOND:  3 1/2 cup quick mix  1 teaspoons almond extract  1 cup sliced almonds  1 egg  2/3 cup honey - 1 cup milk OR 3/4 cup sugar - 1 1/4 cup milk."", ""APPLE:  3 1/2 cup quick mix  1 teaspoons Cinnamon  1 cup chopped nuts  1 cup apple, shredded  1 egg  2/3 cup honey - 2/3 cup milk or apple juice OR 3/4 cup brown sugar, firmly packed - 1 cup milk or  apple juice."", 
""APRICOT:  3 1/2 cup quick mix  1 cup chopped nuts  1 cup diced, dried apricots  1 egg  3/4 cup honey - 3/4 cup apricot nectar OR 1 cup sugar - 1 cup apricot nectar."", ""BANANA:  3 1/2 cup quick mix  1 cup chopped nuts  1 cup mashed bananas  1 egg  2/3 cup honey - 1/3 cup milk OR 3/4 cup sugar - 1/2 cup milk."", ""BLUEBERRY:  3 1/2 cup quick mix  1 teaspoons grated orange peel  1 cup chopped nuts  1 cup blueberries  1 egg  2/3 cup honey - 1 cup orange juice OR 3/4 cup sugar - 1 cup orange juice."", ""BUTTERSCOTCH CHIP:  3 1/2 cup quick mix  1 teaspoons vanilla  1 cup chopped nuts  1 cup butterscotch chips  1 egg  2/3 cup honey - 1 cup milk OR 3/4 cup brown sugar, firmly packed - 1 1/4 cup milk."", 
""CARROT:  3 1/2 cup quick mix  1 teaspoons Cinnamon  1 cup chopped nuts  1 cup grated carrot  1 egg  2/3 cup honey - 2/3 cup milk OR 3/4 cup brown sugar, firmly packed - 1 cup milk."", ""CHOCOLATE OR CAROB CHIP:  3 1/2 cup quick mix  1 cup chopped nuts  1 cup chcolate or carob chips 1 egg   2/3 cup honey - 1 cup milk OR 3/4 cup sugar - 1 1/4 cup milk."", ""COCONUT:  3 1/2 cup quick mix  1 cup chopped nuts  3/4 cup coconut  1 egg  2/3 cup honey - 1 cup milk OR 3/4 cup brown sugar, firmly packed - 1 1/4 cup milk."", 
""CRANBERRY:  3 1/2 cup quick mix  1 Tbsp grated orange peel  1 cup chopped nuts  3/4 cup cranberries, chopped  1 egg  2/3 cup honey - 3/4 cup orange juice OR 3/4 cup brown sugar, firmly packed - 1 cup orange  juice."", ""DATE:  3 1/2 cup quick mix  1 Tbsp grated orange peel  1 cup chopped nuts  1 cup dates, chopped 1 egg   2/3 cup honey - 3/4 cup orange juice OR 3/4 cup sugar - 1 cup orange juice."", ""FIG:  3 1/2 cup quick mix  1/2 teaspoons Cinnamon  1/2 teaspoons allspice  1 cup chopped nuts  1 cup chopped, dried figs  1 egg  2/3 cup honey - 3/4 cup orange juice OR 3/4 cup sugar - 1 cup orange juice."", 
""GRANOLA:  3 1/2 cup quick mix  1 cup granola  1 egg  2/3 cup honey - 1 cup milk, apple, or orange juice OR 3/4 cup sugar - 1 1/4 cup milk, apple, or orange juice."", ""LEMON:  3 1/2 cup quick mix  2 Tbsp grated lemon peel  1 cup chopped nuts  1 egg  2/3 cup honey - 1 cup milk OR 3/4 cup sugar - 1 1/4 cup milk."", ""ORANGE:  3 1/2 cup quick mix  2 Tbsp grated orange peel  1 cup chopped nuts  1 egg  2/3 cup honey - 1 cup orange juice OR 3/4 cup sugar - 1 1/4 cup orange juice."", ""PEACH:  3 1/2 cup quick mix  1 teaspoons Cinnamon  1 cup chopped nuts  1 cup diced, dried peaches  1 egg  2/3 cup honey - 3/4 cup orange juice OR 3/4 cup sugar - 1 cup orange juice."", 
""PEANUT:  3 1/2 cup quick mix  1 cup chopped peanuts  1 egg  2/3 cup honey - 1 cup milk OR 3/4 cup brown sugar, firmly packed - 1 1/4 cup milk."", ""PEAR:  3 1/2 cup quick mix  1 teaspoons Cinnamon  1 cup chopped nuts  1 cup diced, dried pears  1 egg  2/3 cup honey - 3/4 cup orange juice OR 3/4 cup sugar - 1 cup orange juice."", ""PECAN:  3 1/2 cup quick mix  1 cup chopped pecans  1 egg  2/3 cup honey - 1 cup milk OR 3/4 cup brown sugar, firmly packed - 1 1/4 cup milk."", ""PINEAPPLE:  3 1/2 cup quick mix  1 Tbsp grated orange peel  1 cup chopped nuts  2/3 cup drained, crushed pineapple  1 egg  2/3 cup honey - 2/3 cup orange juice OR 3/4 cup brown sugar, firmly packed - 3/4 cup  orange juice."", 
""PRUNE:  3 1/2 cup quick mix  1 Tbsp grated orange peel  1 cup chopped nuts  1 cup chopped, dried prunes  1 egg  2/3 cup honey - 3/4 cup prune juice OR 3/4 cup sugar - 1 cup prune juice."", ""PUMPKIN:  3 1/2 cup quick mix  1 teaspoons cinnamon  1/2 teaspoons allspice  1 cup chopped nuts  1 cup canned pumpkin  1 egg  2/3 cup honey - 1/3 cup milk OR 3/4 cup sugar - 1/2 cup."", ""RAISIN:  3 1/2 cup quick mix  1 cup chopped nuts  1 cup raisins  1 egg  2/3 cup honey - 3/4 cup milk or orange juice OR 3/4 cup sugar - 1 cup milk or orange juice."", 
""SPICE:  3 1/2 cup quick mix  1/2 teaspoons Cinnamon  1/2 teaspoons nutmeg  1/4 teaspoons cloves  1 cup chopped nuts  1 egg  2/3 cup honey - 1 cup milk OR 3/4 cup sugar - 1 1/4 cup milk."")"
000082,*82*,Brazilian Empadinhas,1600,Leon  Miriam Posvol,PT2H37M,PT1H,PT3H37M,1999-08-24T05:35:00Z,The empanadas in Brazil are different from those in other  Latin american countries and are called empadas or empadinhas. They look more like mini pies,"""https://img.sndimg.com/food/image/upload/w_555,h_416,c_fit,fl_progressive,q_95/v1/img/recipes/82/82.jpg""",Brazilian,"c(""South American"", ""Weeknight"", ""Oven"", ""< 4 Hours"")","c(NA, ""2 1/2"", ""1/2"", ""1/4"", ""1"", ""1"", ""3"", ""1"", ""1/2"", ""1/2"", ""3"", ""1"", ""1"", NA, NA, NA, ""1/2"", ""2"", ""2"", ""1"", ""2"")","c(""butter"", ""flour"", ""salt"", ""margarine"", ""milk"", ""water"", ""shrimp"", ""onion"", ""tomatoes"", ""parsley"", ""lemon"", ""salt"", ""pepper"", ""Tabasco sauce"", ""garlic"", ""cornstarch"", ""olive oil"", ""cumin"", ""bell peppers"")",3.5,3,329.7,16.7,3.4,77.5,446.8,35.6,2,1.9,9.3,8,NA,"c(""DOUGH Cut butter into salt and flour."", ""Stir in rest of the ingredients and knead to  combine or just process everything until it forms a ball."", ""Let rest covered 1  hour Make balls the size of a walnut, from 2/3  of the dough and line small  muffin tins with the dough."", ""Place 2 tsp. of the cold filling into the lined  tins."", ""Make small balls with the rest of the dough."", ""Flatten them to make lids for the mini pies."", ""Brush tops with egg yolk Bake in preheated 350 F oven for 30 to  35 minutes or until golden brown."", 
""SHRIMP FILLING Clean and devein shrimp, saving heads and shells."", ""Make a broth with the shells  and heads and 2 cups water."", ""Cook 1 hour, uncovered over low heat. Strain broth  and cook it down to 1/2 cup."", ""Cook onions and garlic in olive oil until they  start changing color."", ""Add bell pepper and cook 2 minutes, Add tomatoes, broth  and seasonings and simmer almost to a paste. Add shrimp and cook just until they become opaque. Stir in cornstarch diluted in 2 Tbsp water."", ""Stir until thick."", 
""Add parsley."", ""Let cool before using"", ""NOTES : May use other fillings such as chicken, hearts of palms, cheese Miriam Podcameni Posvolsky Rio de Janeiro"")"
000083,*83*,Bubble and Squeak,1544,tranch,PT2H27M,PT30M,PT2H57M,1999-08-28T02:59:00Z,Make and share this Bubble and Squeak recipe from Food.com.,character(0),Breakfast,"c(""European"", ""Weeknight"", ""Broil/Grill"", ""Oven"", ""Stove Top"", ""< 4 Hours"")","c(""2"", ""2"", ""1/4"", ""4"", ""1/3"", ""1/2"", ""1"", ""1/2"", ""1"", ""1/2"")","c(""baking potatoes"", ""unsalted butter"", ""heavy cream"", ""bacon"", ""onion"", ""celery"", ""sage"", ""white pepper"", ""Brussels sprout"")",3,3,480.7,24.9,11.5,54.9,286.1,56.9,7.6,4.9,11.1,4,NA,"c(""Wash potatoes under cold running water then place in a large saucepan."", ""Cover with salted water, bring to a boil, reduce heat and simmer until soft, uncovered, about 15 minutes."", ""Drain and set aside and allow to cool slightly."", ""Peel potatoes and mash."", ""Add butter and cream and mix well."", ""Meanwhile fry bacon until crisp."", ""Drain on paper towel and set aside. In the same skillet add onion to bacon drippings and saute until soft, about 3 - 5 minutes."", ""Stir in celery, sage and pepper and saute 2 minutes longer."", 
""Add lemon juice. Combine vegetables with mashed potatoes, stir well to combine and refrigerate for 2 hours."", ""Shape potato mixture into 10 patties."", ""Melt 2 tablespoons butter in a large skillet and saute patties until brown and crispy, about 5 minutes per side. Crumble bacon over top and serve.                    - - - - - - - - - - - - - - - - - -"")"
000084,*84*,Braised Brussels Sprouts With Vinegar and Dill,1555,Cindy Hartlin,PT23M,PT25M,PT48M,1999-09-07T14:16:00Z,Make and share this Braised Brussels Sprouts With Vinegar and Dill recipe from Food.com.,"""https://img.sndimg.com/food/image/upload/w_555,h_416,c_fit,fl_progressive,q_95/v1/img/recipes/84/pickFstbF.jpg""",Vegetable,"c(""< 60 Mins"", ""Oven"", ""Easy"")","c(""3"", ""1/4"", ""2"", NA)","c(""Brussels sprouts"", ""fresh dill"", ""wine vinegar"")",5,5,40.9,0.6,0.1,0,23.9,8.1,3,2,2.9,12,NA,"c(""Trim sprouts; halved if desired."", ""In large pot of boiling salted water, cook Brussels sprouts for 8 minutes if whole, 6 minutes if halved, or until barely tender."", ""Drain, refresh under cold running water and drain again."", ""In well-greased 13x9-inch casserole, combine sprouts, dill, vinegar, and salt and pepper to taste; mix well."", ""Bake, covered, in 350°F oven for 10 minutes."", ""Uncover and bake for 5 minutes longer."")"
000085,*85*,Butter Madeira Cake,1543,Doreen Randal,PT1H45M,PT1H10M,PT2H55M,1999-09-12T06:01:00Z,Make and share this Butter Madeira Cake recipe from Food.com.,"c(""https://img.sndimg.com/food/image/upload/w_555,h_416,c_fit,fl_progressive,q_95/v1/img/recipes/85/picH7CI8k.jpg"", ""https://img.sndimg.com/food/image/upload/w_555,h_416,c_fit,fl_progressive,q_95/v1/img/recipes/85/picxHaQSq.jpg"", ""https://img.sndimg.com/food/image/upload/w_555,h_416,c_fit,fl_progressive,q_95/v1/img/recipes/85/pic3a9BE3.jpg"")",Dessert,"c(""Weeknight"", ""Oven"", ""< 4 Hours"")","c(""225"", ""2"", ""175"", ""175"", ""3"", ""1"", ""1"")","c(""flour"", ""baking powder"", ""caster sugar"", ""butter"", ""eggs"", ""milk"", ""vanilla essence"")",5,2,373.8,19.9,11.8,126.3,243.8,43.9,0.8,22.2,5.5,8,NA,"c(""Grease lined tin with melted butter."", ""Sift flour and baking powder into  processor and add all remaining ingredients."", ""Run machine for 20 counts."", ""Scrape  down sides."", ""Run machine for a further 30 counts."", ""Transfer to prepared tin and spread evenly with a spatula.  Bake at 160° C for 1 1/2 hours."", ""Leave in tin 15 minutes  before turning onto a rack."", ""VARIATIONS Seed cake = Add 2-3 tsp caraway seeds after scraping down the sides."", ""Orange Cake = omit vanilla."", ""Add 1 tsp orange peel."", 
""Lemon Cake = Add 1 tsp lemon peel."", ""Chocolate Speckle Cake = Add 1 crushed Chocolate Flake Bar after scraping down sides."", ""Raisin Cake = Add 3 oz raisins after scraping down sides."", ""Spicy Cake = Add 2-3 tsp Mixed Spice with the other ingredients."")"
000086,*86*,Butter Dips,1559,Will Parkinson,PT20M,PT1H5M,PT1H25M,1999-09-15T03:40:00Z,Make and share this Butter Dips recipe from Food.com.,character(0),Breads,"c(""High In..."", ""Weeknight"", ""Oven"", ""< 4 Hours"")","c(""1/2"", ""2 1/4"", ""1"", ""3 1/2"", ""3/4"", ""1"")","c(""butter"", ""flour"", ""sugar"", ""baking powder"", ""salt"", ""milk"")",5,4,64.1,3.2,2,8.7,118.6,7.6,0.2,0.4,1.2,NA,32 Butter dips,"c(""Heat oven to 450."", ""Melt butter in oven oblong 13 x 9 1/2 x 3 inch pan."", ""Remove when butter is melted."", ""Sift dry ingredients into bowl."", ""Add milk."", ""Stir slowly with a fork until dough just clings together."", ""Knead lightly about 10 times."", ""Roll out 1/2 inch thick into rectangular 12 x 8 inch pan."", ""Cut in half lengthwise, then crosswise into 16 strips."", ""Dip each strip on both sides in melted butter."", ""Place close together in two rows."", ""Bake 15-20 minutes until golden brown."", 
""Serve piping hot."")"
000087,*87*,Brownies,1577,Karina Isabel Caputi,PT30M,PT35M,PT1H5M,1999-09-07T20:32:00Z,Make and share this Brownies recipe from Food.com.,character(0),Bar Cookie,"c(""Dessert"", ""Cookie & Brownie"", ""Weeknight"", ""Oven"", ""< 4 Hours"")","c(""150"", ""1"", ""2"", ""1"", ""4"", ""50"", NA, NA, NA)","c(""bittersweet chocolate"", ""butter"", ""sugar"", ""flour"", ""eggs"", ""vanilla extract"", ""rum"", ""filter coffee"")",4.5,4,355.1,19.5,10.6,111.2,164.1,42.6,0.7,33.7,4.2,12,NA,"c(""Preheat oven."", ""It must be hot to begin the baking."", ""Cut the chocolate and the butter into small pieces and put together in a pan."", ""Cook until butter and chocolate are well melted and mixed (one  or two minutes). Don't let the chocolate burn or it will become too much bitter! I suggest to use always wooden tablespoons, if possible. Add the two cups of sugar and let the preparation get cold."", ""Incorporate the eggs, mixing very well after each one of them."", ""Parfum with the vanilla, the rum and the coffee. Add the nuts and the flour, mixing always very well."", 
""Put this heavy cream into a rectangular bakery pan and bake it for approximately 30 minutes."", ""Serve cold (room temperature).          Serves: about 12 big brownies (for tea time)                 about 24 small ones  (for coffee, after a meal)."")"
000088,*88*,Breakfast Burritos,1575,lindaWWJD,NA,PT35M,PT35M,1999-08-13T13:36:00Z,Make and share this Breakfast Burritos recipe from Food.com.,character(0),Breakfast,"c(""Mexican"", ""< 60 Mins"", ""Easy"")","c(""8"", ""1"", ""2"", ""10"")","c(""eggs"", ""country sausage"", ""flour tortillas"")",3.5,3,1974,112.2,41.1,656.1,4146,150.2,8.8,9.3,84.7,4,NA,"c(""Scramble eggs with a small amount of milk."", ""In another pan, crumble sausage and brown."", ""Combine with cheese; cook over low flame until cheese melts."", ""Mix in just enough ketchup until mixture holds together."", ""Warm tortillas in microwave on medium for about 30 seconds until soft enough to roll up without cracking."", ""Place about 1/4 cup egg mixture in tortilla and roll up."", ""Serve with salsa."")"
000089,*89*,Almond Joy Cake,98016,Queen of Everything,PT1H,PT20M,PT1H20M,1999-08-16T05:07:00Z,Make and share this Almond Joy Cake recipe from Food.com.,character(0),Dessert,"c(""Low Protein"", ""Weeknight"", ""Oven"", ""< 4 Hours"")","c(""1"", ""1/2"", ""3/4"", ""3/4"", ""24"", ""14"", ""3"", ""3/4"", ""2/3"", ""1"", ""6"", ""1"", NA)","c(""margarine"", ""milk"", ""sugar"", ""marshmallows"", ""coconut"", ""sugar"", ""margarine"", ""evaporated milk"", ""vanilla flavoring"", ""marshmallow creme"")",5,2,1001.4,50.4,27.8,6.2,634.9,141.6,7.8,110.2,6.7,12,NA,"c(""Cake:  Bake according to directions on Super Moist Betty Crocker German Chocolate Cake Mix in 9\""x13\"" pan. Grease and flour pan. After allowing cake to to cool thoroughly, slice in half, making two thin layers. Lay top half aside carefully."", ""Center:  Cut up marshmallows with kitchen shears, (rub blades with margarine to prevent  sticking)."", ""Boil margarine, milk, and sugar together for 3 minutes.   Pour over marshmallows until melted.   Add coconut and stir."", ""Spread this mixture over bottom half of cake. Sprinkle generously with chopped almonds, if desired."", 
""Replace top half of cake."", ""Icing:  Combine sugar, milk and margarine, cook to soft ball stage or until candy  thermometer reaches 238 degrees.  Stir constantly to prevent scorching.    Remove  from heat, stir in chocolate chips, add marshmallow creme and vanilla flavoring.   Beat until well blended."", ""Cool, (not very much). Spread on cake. Sprinkle entire  cake generously with almond  pieces."", ""Cake is better if it sits overnight."")"
000090,*90*,Almond Paste,1537,Barbara5,PT168H,PT15M,PT168H15M,1999-08-23T12:33:00Z,Make and share this Almond Paste recipe from Food.com.,"""https://img.sndimg.com/food/image/upload/w_555,h_416,c_fit,fl_progressive,q_95/v1/img/recipes/90/picbvBYE9.jpg""",Dessert,"c(""Fruit"", ""Nuts"", ""Lactose Free"", ""Vegan"", ""Low Cholesterol"", ""Egg Free"", ""Free Of..."", ""Weeknight"", ""Refrigerator"", ""Easy"")","c(""1"", ""3"", ""1"", ""2"")","c(""fresh lemon juice"", ""water"", ""sugar"")",4,2,2123.5,119.8,9,0,49.1,244,22.6,210.7,48.9,NA,2 pounds,"c(""Force blanched almonds through fine blade of food chopper 4x or whirl in electric blender. Add lemon juice."", ""Cook water and sugar until candy thermometer registers 240*F or until a small amount of mixture dropped into cold water forms a soft ball. Add to ground almonds. Mix well. When cool enough to handle, knead until smooth. Cool."", ""Pack in a jar, cover & store in refrigerator for at least 1 week to ripen. Makes about 2 pounds."", ""NOTE: If almond paste is too stiff to handle after storage, place in top part of double boiler and heat over hot, NOT boiling, water until sufficiently soft to handle. Use in cookies, coffee cakes or in other pastries and desserts.""
)"
000091,*91*,Brown Rice and Vegetable Pilaf,1576,Robb Dabbs,PT2H,PT30M,PT2H30M,1999-09-06T04:30:00Z,Make and share this Brown Rice and Vegetable Pilaf recipe from Food.com.,character(0),Brown Rice,"c(""Rice"", ""Vegetable"", ""Weeknight"", ""< 4 Hours"")","c(""1 1/2"", ""3"", ""3"", ""1/2"", ""1/2"", ""1/2"", ""5"", ""1"", ""1"", ""1"", ""1"", ""1 1/2"", ""2"", ""3/4"")","c(""brown rice"", ""chicken broth"", ""unsalted butter"", ""oregano"", ""marjoram"", ""summer savory"", ""unsalted butter"", ""celery"", ""fresh snow pea"", ""broccoli floret"", ""green onion"", ""lemons"", ""coconut"")",5,8,412.6,24.4,16.3,40.7,410.7,42.1,4.4,2.7,8.1,6,NA,"c(""Preheat oven to 325 degrees F."", ""Heat chicken broth to boiling."", ""Combine broth   with brown rice, butter, oregano, marjoram, and summery  savory in 3 quart  casserole and bake, covered, for 1-1/2 hours or until  rice is tender."", ""Keep  hot.   Melt butter in large skillet or dutch oven."", ""Add celery, snow peas,  broccoli, green onion, and ginger and stir fry until crisp-tender."", ""Add  vegetables, lemon rind, and toasted coconut to rice.  Toss lightly  to combine.  Adjust seasonings."")"
000092,*92*,Brown Bag Apple Salad,1533,Dancer,NA,PT10M,PT10M,1999-08-13T13:13:00Z,Make and share this Brown Bag Apple Salad recipe from Food.com.,character(0),Oranges,"c(""Apple"", ""Berries"", ""Grapes"", ""Citrus"", ""Fruit"", ""Nuts"", ""Lactose Free"", ""Low Protein"", ""Low Cholesterol"", ""Egg Free"", ""Healthy"", ""Kosher"", ""Free Of..."", ""Sweet"", ""< 15 Mins"", ""Easy"")","c(""1/2"", ""1"", ""1"", ""1"", ""1"", ""1/4"", ""1"")","c(""oranges"", ""grapefruit juice"", ""seedless grapes"", ""honey"", ""oranges"", ""grapefruit section"", ""lemon juice"", ""lime juice"", ""walnuts"", ""apple"")",5,6,141.4,5,0.5,0,1.5,25.4,3.3,20.6,2.1,4,NA,"c(""In medium-size bowl, stir together orange juice, honey and lemon juice."", ""Add apples, grapes, orange sections and walnuts; toss to coat with juice mixture."", ""Refrigerate or pack into individual containers for lunches and snacks."")"
000093,*93*,Blue Stuffed Mushrooms,1533,Dancer,NA,PT15M,PT15M,1999-08-12T06:42:00Z,Make and share this Blue Stuffed Mushrooms recipe from Food.com.,character(0),Free Of...,"c(""< 15 Mins"", ""Easy"")","c(""4"", ""4"", ""1"", ""14"", ""14"", ""14"")","c(""blue cheese"", ""cream cheese"", ""half-and-half"", ""mushrooms"", ""pecan halves"", ""fresh basil leaves"")",5,11,246.3,22.2,12.1,53.8,482.8,3.5,0.9,1,9.9,4,NA,"c(""In a medium bowl, combine the blue cheese and the cream cheese."", ""Beat them together with an electric mixer so that they are smooth."", ""Add the half & half and beat it in so that the mixture is fluffy."", ""Fill the mushroom caps with the cheese mixture."", ""Top each with a pecan half and a basil leaf."")"
000094,*94*,Blueberry Buttertarts,1556,Strawberry Girl,PT25M,PT15M,PT40M,1999-09-12T05:46:00Z,Make and share this Blueberry Buttertarts recipe from Food.com.,character(0),Dessert,"c(""Berries"", ""Fruit"", ""< 60 Mins"", ""Oven"")","c(""12"", ""1"", ""1/2"", ""1"", ""3/4"", ""1/3"", ""1"", ""1 1/2"")","c(""egg"", ""corn syrup"", ""lemon juice"", ""vanilla"", ""brown sugar"", ""all-purpose flour"", ""blueberries"")",5,4,337.9,18.4,4.7,17.6,125.7,40.2,1.2,11.5,4.2,12,12 tarts,"c(""Preheat oven to 375F."", ""Leave shells in foil cups and place on a baking sheet. In  large bowl, whisk egg with syrup, juice and vanilla."", ""In another bowl, stir sugar with flour."", ""Divide berries among shells."", ""Pour in egg mixture, filling each shell right to top."", ""Bake on bottom rack at 375F oven until bubbly and top is a bit  crusty, from 18-23 minutes.Tarts will firm up when cool and can be refrigerated  2 days."")"
000096,*96*,Calzone,1584,Lynn Macom,PT6M,PT35M,PT41M,1999-09-10T05:13:00Z,"Calzone has the same flavors as pizza, but it is made like a  huge turnover with the meat, sauce and melting cheese sealed inside. It can  stand alone as a substantial snack, or, combined with a green salad and soup, it makes an easy supper.",character(0),Pork,"c(""Meat"", ""European"", ""< 60 Mins"", ""Oven"")","c(""1"", ""1"", ""1"", ""1"", ""2"", NA, ""3"", ""2 1/4"", ""1 1/2"")","c(""tomato sauce with onion"", ""basil leaves"", ""oregano leaves"", ""Italian pork sausage"", ""water"", ""olive oil"", ""mozzarella cheese"", ""romano cheese"", ""parmesan cheese"")",NA,NA,622.8,50.6,21.5,125.9,1504.2,8.9,1.2,0.9,33.1,4,2 Calzones,"c(""Open rolls and let stand until they reach room temperature. Heat tomato sauce  with basil and oregano; set aside. Simmer sausages in water to cover for 20  minutes; drain, cool, remove the casings and slice thinly."", ""For each Calzone,  compress half the rolls into a flat cake and roll on a floured board to make an  11-inch diameter circle. Brush lightly with oil and spread half the tomato sauce over half the dough circle to within 1/2 inch of edge. Top sauce with half the  sausage; sprinkle with half the Mozzarella cheese and Romano cheese. Fold plain  half over filling to within 1/4 inch of opposite edge. Roll bottom edge up over  top edge; pinch or crimp together to seal."", 
""Brush with oil."", ""Repeat to make second Calzone. Transfer both Calzones with a wide spatula to a greased baking sheet,  placing slightly apart. Pierce tops in a few places with a fork."", ""Bake in a 500  degrees oven for 6 minutes or until golden brown."", ""*Any brand of biscuits refrigerated dough may be substituted."")"
000097,*97*,"Capsicum, Tomato and Crunchy Bread Salad",1543,Doreen Randal,PT40M,PT1H10M,PT1H50M,1999-08-24T04:44:00Z,I've made this one with stale toast bread it worked ok. My friends enjoyed this. Didn't have any egg tomatoes so used ordinary ones (not too big)   Any type of dry Italian-style bread can be used pagnotta was used in this recipe.,character(0),Low Protein,"c(""Low Cholesterol"", ""Weeknight"", ""< 4 Hours"")","c(NA, ""1"", ""9"", ""1/4"", ""2"", ""2"", ""1"", ""1"", ""1"", ""2"", ""1/3"")","c(""garlic"", ""egg tomatoes"", ""olive oil"", ""olive oil"", ""red capsicums"", ""yellow capsicum"", ""fresh basil leaf"", ""red wine vinegar"", ""brown sugar"", ""olive oil"")",NA,NA,283.9,26,3.6,0,11.1,12.4,3.2,7.4,2.3,6,NA,"c(""DRESSING:Separate garlic bulbs into cloves, don't peel."", ""Combine garlic, tomatoes and oil in baking dish."", ""Bake uncovered, in moderately hot oven about 30 minutes, or until tomatoes are soft, gently turning tomato occasionally; cool."", ""Reserve garlic for the dressing."", ""Cut bread into 2 cm squares, combine in a bowl with extra olive oil; mix well."", ""Place bread in single layer on oven tray, toast in moderate oven about 10 minutes."", ""Quarter capsicums, remove seeds and membranes."", ""Grill capsicums, skin side up, until skin blisters and blackens."", 
""Peel away skin, slice capsicums into thick strips."", ""Combine tomatoes, capsicums, basil in a large bowl; toss gently."", ""Add crunchy bread to salad just before serving."", ""DRESSING Squeeze pulp from garlic.  Blend with vinegar and sugar until smooth."", ""Add oil gradually in a thin stream while motor is running."", ""Blend until thick."")"
000099,*99*,Chaat Masala,1530,Carole Reu,NA,PT25M,PT25M,1999-08-26T19:39:00Z,"Asafoetida, mango powder and black salt distinguish the chaat masala from other  masalas, giving the blend a sourness that makes it a welcome accompaniment to  fresh fruit and other snacks.    

&quot;Chaat&quot; refers to various snacks and to the North Indian cafes that serve them. 

Fresh fruit often is sprinkled with lime juice  and chaat masala.    

Black salt (which is actually a reddish gray), available at  Indian food stores, has a distinctive flavor that's quite different from sea salt or table salt.  

The garam masala is the wild card in this recipe; either one of  the Tamil Nadu Curry Powder or Punjabi-Style Garam Masala may be used.",character(0),Asian,"c(""Indian"", ""< 30 Mins"", ""Easy"")","c(""2"", ""1 1/2"", ""1"", ""1"", ""1"", ""1"", ""1"", ""1/4"")","c(""cumin seeds"", ""fennel seeds"", ""garam masala"", ""mango powder"", ""black salt"", ""cayenne pepper"", ""asafoetida powder"", ""ginger"")",5,1,125.3,6.9,0.5,0,13999.9,16.4,6,0.9,5.7,NA,1/2 cup,"""Toast and grind cumin and fennel seeds and combine with remaining ingredients."""
000100,*100*,Bread Pudding with Jack Daniels Sauce,1571,Linda Johansen,PT1H52M,PT50M,PT2H42M,1999-08-17T03:57:00Z,Make and share this Bread Pudding with Jack Daniels Sauce recipe from Food.com.,character(0),Dessert,"c(""Weeknight"", ""Oven"", ""< 4 Hours"")","c(""1"", ""1 1/3"", ""3"", ""4"", ""1/4"", ""2/3"", ""2"", NA, ""1/2"", ""1/3"", ""1/4"", ""1/4"", ""1/4"", ""1"", NA, NA)","c(""milk"", ""eggs"", ""evaporated milk"", ""butter"", ""sugar"", ""vanilla"", ""nutmeg"", ""cinnamon"", ""butter"", ""sugar"", ""water"", ""butter"", ""sugar"", ""water"")",3.5,5,517.6,25.4,14.7,130.4,521.2,55.5,1.4,25.6,9.2,8,NA,"c(""Cube bread."", ""Set aside in a large mixing bowl."", ""Combine all ingredients except butter."", ""Mix well and pour over bread."", ""Soak bread in milk mixture for 15 minutes."", ""Pour into a 13x9 buttered pan."", ""Top bread mixture, with cut up butter."", ""Bake at 325 for 60-90 minutes or until pudding mixture has risen 1 inch."", ""Serve warm Sauce over bread pudding."", ""Sauce"", ""combine ingredients and add sugar and water until dissolved."", ""Add butter, and simmer until melted."", ""Cook over high heat of 2 minutes."", 
""Add Jack Daniels, and simmer for 3-5 minutes."")"
000101,*101*,Braised Chicken with Onions and Tomatoes,1533,Dancer,PT42M,PT20M,PT1H2M,1999-08-09T04:09:00Z,Make and share this Braised Chicken with Onions and Tomatoes recipe from Food.com.,character(0),Chicken Breast,"c(""Chicken Thigh & Leg"", ""Chicken"", ""Poultry"", ""Meat"", ""Free Of..."", ""Weeknight"", ""< 4 Hours"")","c(""3"", ""4"", ""1"", ""8"", ""2 -3"", ""5"", ""3 -4"", ""2"", ""5 -6"", ""6 -8"", ""2"", ""3"", ""2"", ""1"", ""1/4"", ""1/2"", ""1/4"", ""1"", NA, ""8 -10"")","c(""onions"", ""gingerroot"", ""garlic"", ""green serrano chilies"", ""tomatoes"", ""black cardamom pods"", ""cinnamon sticks"", ""cloves"", ""black peppercorns"", ""bay leaves"", ""cumin"", ""cayenne pepper"", ""turmeric"", ""plain yogurt"", ""dark rum"", ""salt"", ""cilantro"", ""chicken pieces"")",NA,NA,184.2,8.4,1.4,2.6,413.1,20.9,3.9,10.1,3.9,NA,6,"c(""Heat oil in large saucepan over high heat. Add onions and sauti 2 minutes."", ""Stir in ginger, garlic and chiles."", ""Add chicken pieces and brown lightly."", ""Add tomatoes and remaining spices, yogurt, rum and salt. Reduce heat to low and braise 40 minutes until chicken is cooked through."", ""Serve with cilantro and rice. With leftovers."", ""Freezes well."")"
000102,*102*,Cheesy Scalloped Potato Side Dish,125579,GrandmaIsCooking,PT1H30M,PT25M,PT1H55M,1999-08-14T20:12:00Z,"--Adopted Recipe--
This is a simple scalloped potato recipe.  Everyone has their own way of preparing them, and I guess some people will like it and some won't, but this method is very similar to the way I make them.  The original directions gave the crockpot cooking method as the preferred method, with oven baking as an option.  I have reversed this option, since I don't do much cooking in the crockpot.  I hate to leave any electric appliance on when no one is at home.","c(""https://img.sndimg.com/food/image/upload/w_555,h_416,c_fit,fl_progressive,q_95/v1/img/recipes/10/2/picKlg7Uh.jpg"", ""https://img.sndimg.com/food/image/upload/w_555,h_416,c_fit,fl_progressive,q_95/v1/img/recipes/10/2/picmDH8PY.jpg"", ""https://img.sndimg.com/food/image/upload/w_555,h_416,c_fit,fl_progressive,q_95/v1/img/recipes/10/2/picH4phGr.jpg"", ""https://img.sndimg.com/food/image/upload/w_555,h_416,c_fit,fl_progressive,q_95/v1/img/recipes/10/2/picEtXOFk.jpg"")",Potato,"c(""Cheese"", ""Vegetable"", ""Healthy"", ""Weeknight"", ""Oven"", ""< 4 Hours"")","c(""5"", ""1/4"", ""1 1/2"", ""1 1/2"", ""1/2"", NA, NA)","c(""potatoes"", ""flour"", ""half-and-half"", ""cheddar cheese"", ""parmesan cheese"", ""paprika"")",4,25,332,10.5,6.5,32.3,260.7,46,5.2,4.3,14.2,NA,NA,"c(""Layer potatoes, flour, milk, and salt and pepper (if desired) in a large casserole dish in several layers, then top with cheeses and paprika."", ""Bake at 350°F for 1 1/2 hours."", ""Optional crockpot method:  Spray crock pot with non-stick spray.  Layer ingredients in crockpot as directed for oven method.  Cook on high about 5 hours, until potatoes are tender."", ""All cooking times are approximate.  Preparation time allows for peeling and slicing potatoes.  Cooking time is for oven method."")"
000103,*103*,Borscht,1550,Linda Sundbye,PT30M,PT20M,PT50M,1999-08-16T05:27:00Z,Make and share this Borscht recipe from Food.com.,character(0),Vegetable,"c(""Russian"", ""European"", ""Low Protein"", ""Low Cholesterol"", ""Healthy"", ""Free Of..."", ""< 60 Mins"")","c(""2"", ""1"", ""1"", ""2"", ""1"", ""1"", ""1"", ""1"", ""1"", ""2"")","c(""cabbage"", ""onion"", ""celery"", ""butter"", ""beets"", ""tomato sauce"", ""brown sugar"", ""bay leaf"", ""rosemary"", ""lemon juice"")",3,3,631.8,24.7,14.9,61.1,1759,100.9,18.3,70.5,14.3,NA,1 batch,"c(""Saute cabbage, onion and celery in butter until soft in large saucepan."", ""Add  tomato sauce, beets with juice, herbs, sugar and enough water to cover  ingredients."", ""Bring to boil, reduce heat, simmer 25-30 minutes."", ""Add lemon  juice  a few minutes before serving."", ""Serve with chopped boiled eggs, sour cream  and pumpernickel bread."")"
000104,*104*,Cheeseburger Casserole,1535,Marg CaymanDesigns,PT25M,PT15M,PT40M,1999-08-19T05:30:00Z,This is popular with the kids especially. My hubby and I find it a bit 'boring' but think adding mustard to it at the table helps give it a little zip.,"c(""https://img.sndimg.com/food/image/upload/w_555,h_416,c_fit,fl_progressive,q_95/v1/img/recipes/10/4/picP5Bk3R.jpg"", ""https://img.sndimg.com/food/image/upload/w_555,h_416,c_fit,fl_progressive,q_95/v1/img/recipes/10/4/pic7l8Eud.jpg"", ""https://img.sndimg.com/food/image/upload/w_555,h_416,c_fit,fl_progressive,q_95/v1/img/recipes/10/4/picacxtDK.jpg"", ""https://img.sndimg.com/food/image/upload/w_555,h_416,c_fit,fl_progressive,q_95/v1/img/recipes/10/4/picdIpfbV.jpg"", ""https://img.sndimg.com/food/image/upload/w_555,h_416,c_fit,fl_progressive,q_95/v1/img/recipes/10/4/pic8kCDB4.jpg"", 
""https://img.sndimg.com/food/image/upload/w_555,h_416,c_fit,fl_progressive,q_95/v1/img/recipes/10/4/picqFCjkj.jpg"")",Cheese,"c(""Meat"", ""< 60 Mins"", ""Oven"")","c(""1 1/2"", ""1 -2"", ""1/4"", ""1"", ""1/2"", ""1"", ""1/8"", ""1"", ""1"")","c(""flour"", ""ground beef"", ""onion"", ""tomato sauce"", ""ketchup"", ""salt"", ""pepper"", ""cheddar cheese"")",4.5,14,543.5,29.2,11.3,71.9,1795.1,44.8,1.5,12.6,25.5,6,NA,"c(""Combine ground beef and flour in skillet. Add onion and brown."", ""Pour off drippings."", ""Add tomato sauce, ketchup, salt and pepper."", ""Pour into 1 1/2-quart casserole dish."", ""Bake for 10 minutes at 425°F."", ""Top with cheese and biscuits."", ""Bake for 10-15 minutes longer."")"
000105,*105*,Caputo's Halibut With Mint and Balsamic Vinegar,97901,Zaney1,NA,PT10M,PT10M,1999-08-23T21:10:00Z,This is an adopted recipe. I will post any revisions after I make it.This recipe is so quick and easy you can prepare it in minutes.,character(0),Halibut,"c(""Very Low Carbs"", ""High Protein"", ""Free Of..."", ""High In..."", ""< 15 Mins"", ""Easy"")","c(""4"", ""1/4"", ""1/4"", ""8"", ""1"", NA)","c(""halibut steaks"", ""extra virgin olive oil"", ""mint leaves"", ""garlic clove"")",4,1,505.8,18.9,3.1,199.9,281.5,3,0,2.4,75.8,4,NA,"c(""Brush both sides of the fish with some of the olive oil and place on hot grill, barbecue or hot skillet."", ""Cook 2 to 3 minutes on each side or until  fish is done."", ""In another pan, heat the remaining oil, balsamic vinegar and the mint until just warm."", ""Just before serving, add the garlic to the sauce and spoon over the fish."")"
000106,*106*,Cajun Beef Burgers,1533,Dancer,PT50M,PT40M,PT1H30M,1999-08-13T13:44:00Z,Make and share this Cajun Beef Burgers recipe from Food.com.,character(0),Meat,"c(""Cajun"", ""Weeknight"", ""< 4 Hours"")","c(""1"", ""1/4"", ""1/8"", ""1"", ""4"", ""2 -4"", ""2"", ""1"", ""1/2"", ""1"", ""1/2"")","c(""beef"", ""black pepper"", ""fresh parsley"", ""Spanish onion"", ""salt"", ""cajun-style stewed tomatoes"", ""dried thyme leaves"")",NA,NA,1012.8,88.5,34.8,112.4,1000,38.5,3.4,4.3,15.9,4,NA,"c(""To make sauce: In large saucepan, heat oil over medium heat until hot. Add onion and salt; cook and stir over low heat 10 minutes."", ""Add tomatoes and thyme; bring  to a broil."", ""Reduce heat; simmer 8 to 10 minutes or until sauce thickens  slightly."", ""Meanwhile shape ground beef into four 1/2-inch thick patties."", ""Sprinkle both sides of patties with black pepper and red pepper; brush lightly with 1  teaspoon oil."", ""Heat large heavy nonstick skillet over medium heat 5 minutes."", ""Place patties in skillet; panbroil 10 to 12 minutes or until centers are no  longer pink, turning once. Spoon approx."", 
""1/2 of sauce onto bottom halves or  rolls; top with patties."", ""Spoon remaining sauce over patties; sprinkle with  parsley."", ""Close with roll tops."", ""Serve immediately."", ""Makes 4 servings (serving size: 1 sandwich). Tip: Mexican-style stewed tomatoes may be substituted for Cajun-style. To grill, place patties on grid over medium, ash-covered coals."", ""Grill uncovered, 11 to 13 minutes or until centers are no longer pink, turning once."")"
000108,*108*,Buttermilk Pie in Cornmeal Pastry,1535,Marg CaymanDesigns,PT40M,PT1H,PT1H40M,1999-08-06T00:41:00Z,Make and share this Buttermilk Pie in Cornmeal Pastry recipe from Food.com.,character(0),Pie,"c(""Dessert"", ""Weeknight"", ""Oven"", ""< 4 Hours"")","c(""1"", ""1/2"", ""1/2"", ""1/2"", ""1/2"", ""1/4"", ""3"", ""1"", ""1"", ""1/4"", ""2"", ""1/4"", ""2"", ""3"", ""1 -2"", ""1/2"")","c(""flour"", ""salt"", ""cornmeal"", ""shortening"", ""cheddar cheese"", ""water"", ""eggs"", ""sugar"", ""butter"", ""flour"", ""buttermilk"", ""lemon zest"", ""lemon juice"", ""sugar"")",3,2,459,19.4,6.6,83.4,323.9,61.8,1.1,40.8,10.6,8,NA,"c(""For Pastry: Sift together flour and salt; stir in cornmeal."", ""Cut in shortening until mixture resembles fine crumbs."", ""Stir in grated Cheddar cheese; sprinkle water over mixture gradually, mixing lightly with fork."", ""Shape into ball; flatten on lightly floured surface. Roll to about 1/8\"" thickness."", ""Line 9\"" pie pan; trim and flute edge. Fill and bake as directed below."", ""For Filling: Separate 3 eggs and set whites aside for use in meringue."", ""Beat yolks, adding sugar gradually."", ""Cut butter into flour; add buttermilk, lemon peel and juice. Fold in yolks."", 
""Pour into 9\"" Cornmeal Pie Shell."", ""Bake in hot oven (425°F) 10 minutes; reduce temperature to 350°F and bake 20 to 25 minutes."", ""Cool."", ""To make meringue: Beat 4-5 egg whites in a large bowl with electric mixer on high, until foamy. Gradually add sugar, beating until stiff peaks form. (Amount of sugar actually used will depend on the humidity in the air)."", ""Pile meringue lightly over cooled Butterrmilk filling."", ""Bake in moderate oven (350°F.) 12 to 15 minutes."")"
000109,*109*,Butterflied Lamb with Garlic Butter,1543,Doreen Randal,PT4H15M,PT45M,PT5H,1999-09-13T03:18:00Z,Make and share this Butterflied Lamb with Garlic Butter recipe from Food.com.,"c(""https://img.sndimg.com/food/image/upload/w_555,h_416,c_fit,fl_progressive,q_95/v1/img/recipes/10/9/picnSlN8g.jpg"", ""https://img.sndimg.com/food/image/upload/w_555,h_416,c_fit,fl_progressive,q_95/v1/img/recipes/10/9/picHIRziT.jpg"")",Lamb/Sheep,"c(""Meat"", ""High Protein"", ""High In..."", ""Weeknight"", ""Oven"")","c(""2"", ""1/4"", ""1"", ""1"", ""4"", ""1"", ""90"", ""1/4"", ""1"", ""250"", ""2"")","c(""lamb"", ""parsley"", ""fresh thyme"", ""lemon, rind of"", ""garlic"", ""cracked black pepper"", ""butter"", ""lemon juice"", ""small potato"", ""shallots"", ""olive oil"")",5,2,1194.6,74.8,33,312.1,348.1,52.7,8,7.7,75.9,4,NA,"c(""Open lamb out flat, place the fat-side down on a board.  Using a meat mallet or  rolling pin pound the lamb to even thickness."", ""Combine herbs, rind, garlic,  pepper and butter in a small bowl; spread the mixture over the fat-side of the  lamb."", ""Place lamb in a large shallow dish, drizzle the juice over.  Cover,  refrigerate 3 hours or overnight."", ""Place the potatoes and onions in a large  roasting dish; drizzle with oil.  Bake uncovered, in a moderately hot oven 20  minutes."", ""Place lamb, fat-side up, over the vegetables in the roasting dish.  Bake uncovered in moderately hot oven about 40 minutes or until lamb doneness as  desired."", 
""Remove the lamb from the dish, cover loosely with foil to keep warm."", ""Drain the excess juices from the pan, bake potatoes and onions in a very hot  oven another 15 minutes or until crisp."", ""Slice lamb and serve with the  vegetables."")"
000110,*110*,Borsch,1572,Ed Paulhus,NA,PT1H,PT1H,1999-08-16T06:02:00Z,Make and share this Borsch recipe from Food.com.,character(0),Very Low Carbs,"c(""Low Protein"", ""Low Cholesterol"", ""Healthy"", ""< 60 Mins"", ""Easy"")","c(""6 -8"", ""8"", ""1"", ""1"", NA)","c(""beets"", ""water"", ""fresh dill"", ""sour cream"")",4,3,48,0.3,0.1,0,168.7,10.8,1.8,8,1.7,4,NA,"c(""Scrub well beets (DO NOT PEEL THEM)  Put in large pot with 8 cups water."", ""Bring  to boil and then reduce to  simmer and cook until tender."", ""(SAVE COOKING BEET  WATER). When tender take slotted spoon and put beets immediately into cold  water."", ""Slip skins off with your hands."", ""If you have a cuisinart, chop beets into tiny pieces."", ""If no cuisinart, then you will have to chop the beets up by hand."", ""Put chopped beets into pot, add fresh dill, chopped, 1 can Campbell's Tomato  Zest soup (undiluted) and 6 cups of the cooking beet water."", 
""If you want a  thinner borscht use a little more of the beet water."", ""Stir well."", ""Serve with 1  tbsp.  sour cream per individual serving."", ""Add salt to your own taste.  I don't  use any salt.  ENJOY!"")"
000112,*112*,Chicken and Broccoli Lasagna,1562,Libby1,PT55M,PT15M,PT1H10M,1999-09-20T19:33:00Z,Make and share this Chicken and Broccoli Lasagna recipe from Food.com.,character(0),Chicken,"c(""Poultry"", ""Vegetable"", ""Meat"", ""European"", ""Potluck"", ""Weeknight"", ""Oven"", ""< 4 Hours"")","c(""4"", ""4"", ""2"", ""1"", ""3"", ""1/2"", NA, ""2"", ""1"", ""1"", ""1 1/2"", ""2"", ""1/4"", ""2"", ""1/4"", ""1/2"", ""1"", ""1"")","c(""butter"", ""flour"", ""milk"", ""chicken broth"", ""eggs"", ""parmesan cheese"", ""butter"", ""onion"", ""garlic"", ""chicken"", ""broccoli"", ""parsley"", ""mozzarella cheese"", ""parmesan cheese"", ""salt"", ""nutmeg"")",4,7,270.1,19.6,11.4,125.4,610.2,9.7,0.9,1.7,14.4,9,NA,"c(""Sauce: Melt butter, stir in flour.  Add milk, whisk until smooth.  Stir in broth.  Cook, stirring constantly, until thick."", ""Beat eggs in   separate bowl, add small amount of sauce; then combine egg mix with   all sauce. Stir in cheese and seasonings."", ""Cook noodles."", ""Saute chicken in butter with onion and garlic. Stir in broccoli, cook 5 min.  until tender.  Add seasonings."", ""Layer in 9 x 13 pan: sauce, mozzarella, noodles, chicken."", ""Repeat. Finish with cheese."", ""Freeze. Bake 350 for 50 min, until bubbly.""
)"
000113,*113*,Carrot Ginger Biscuits,1530,Carole Reu,PT15M,PT35M,PT50M,1999-08-14T19:52:00Z,Make and share this Carrot Ginger Biscuits recipe from Food.com.,character(0),Breads,"c(""Low Cholesterol"", ""Healthy"", ""< 60 Mins"", ""Oven"")","c(""1 1/2"", ""1/2"", ""1 1/2"", ""1 1/2"", ""1 1/2"", ""1/2"", ""1/2"", ""2"", ""2"", ""2"")","c(""all-purpose flour"", ""whole wheat flour"", ""baking powder"", ""baking soda"", ""ginger"", ""salt"", ""carrot"", ""plain low-fat yogurt"", ""canola oil"", ""honey"")",3,1,127,3.3,0.6,2.5,332.4,20.2,1.1,4.2,4.5,12,NA,"c(""Preheat oven to 450."", ""In a large bowl, stir together the all-purpose flour and  whole wheat flour, baking powder and baking soda, ginger and salt.  In a small  bowl, stir together the carrot, yogurt, oil and honey."", ""Add carrot mixture to  dry ingredients and stir until just combined."", ""Place the dough on a well-floured surface.  Using a lightly floured rolling pin, roll out the dough until 1/2\"" thick."", ""Using a 2 1/4\"" biscuit cutter or glass ,  cut out rounds, gently rerolling the scraps, to form 12 biscuits."", 
""Place the  biscuits on an ungreased baking sheet, spacing them 1\"" apart.  Bake for 12 to 15 minutes or until golden."", ""Serve warm."")"
000114,*114*,Chicken Breasts Saltimbocca,39194,OzMan,PT6H,PT1H,PT7H,1999-08-14T20:09:00Z,Make and share this Chicken Breasts Saltimbocca recipe from Food.com.,"c(""https://img.sndimg.com/food/image/upload/w_555,h_416,c_fit,fl_progressive,q_95/v1/img/recipes/11/4/picn5ling.jpg"", ""https://img.sndimg.com/food/image/upload/w_555,h_416,c_fit,fl_progressive,q_95/v1/img/recipes/11/4/pickW002f.jpg"", ""https://img.sndimg.com/food/image/upload/w_555,h_416,c_fit,fl_progressive,q_95/v1/img/recipes/11/4/pic6wVin0.jpg"")",Chicken Breast,"c(""Chicken"", ""Poultry"", ""Meat"", ""European"", ""Weeknight"")","c(""6"", ""6"", ""6"", ""1/4"", ""1/4"", ""1"", ""1/2"", ""1/4"", ""1/3"", ""1"", ""1/2"", ""1/4"", ""1/4"", NA)","c(""boneless skinless chicken breast halves"", ""ham slices"", ""swiss cheese"", ""all-purpose flour"", ""parmesan cheese"", ""salt"", ""dried sage"", ""pepper"", ""dry white wine"", ""cornstarch"", ""water"", ""rice"")",5,5,511.9,29.5,9.6,124.9,1357.2,15.8,0.6,0.9,40.6,6,NA,"c(""Pound chicken breast halves until thin between  two sheets of waxed paper or  foil."", ""Place a slice of ham and cheese on each chicken piece.  Roll up and tuck  ends in; secure with small skewers or  wooden picks."", ""Combine flour, Parmesan  cheese, salt, sage and pepper in a shallow bowl."", ""Coat chicken rolls in flour  mixture.  Refrigerate chicken at least 1 hour."", ""In a large skillet, heat oil  over medium heat.  Add chicken rolls and cook, turning, until browned on all  sides."", ""Place browned chicken in a slow cooker."", 
""Combine soup and wine and pour  over chicken rolls."", ""Cover and cook on LOW 4 to 5 hours or until chicken is  tender."", ""Turn control to HIGH."", ""In a small bowl, dissolve cornstarch in water;  stir into cooking juices in cooker."", ""Cover and cook on HIGH 10 minutes."", ""Serve  with hot rice."")"
000115,*115*,A New Spaghetti with Clams,1533,Dancer,PT20M,PT20M,PT40M,1999-08-11T19:47:00Z,Make and share this A New Spaghetti with Clams recipe from Food.com.,character(0),Spaghetti,"c(""European"", ""< 60 Mins"")","c(""36"", ""1"", ""3"", ""1"", ""1/4"", ""1/2"", ""1"", ""1"", ""8"", ""1/2"")","c(""littleneck clams"", ""extra virgin olive oil"", ""garlic"", ""Canadian bacon"", ""smoked ham"", ""dry white vermouth"", ""dry white wine"", ""bottled clam broth"", ""baking potato"", ""spaghetti"", ""flat leaf parsley"")",5,1,1536.7,24.4,3.7,200,1258.3,214.9,10,5.4,106.8,1,NA,"c(""Bring 4 quarts of water to a boil in a large pot for cooking pasta."", ""Scrub"", ""the clam shells under cold water with a stiff bristle brush."", ""Heat the olive oil in a large nonstick skillet. Add the garlic and cook over a medium heat until fragrant but not brown, about 1 minute. Stir in the bacon and pepper flakes and cook for 1 minute. Add vermouth and bring to a boil."", ""Add the clam broth, and bring to a boil."", ""Stir in the potatoes and clams, tightly cover the pan, and cook until the shells open and the potatoes are tender, about 8 minutes."", 
""Cook the spaghetti in the boiling water until al dente, about 8 minutes."", ""Drain the pasta in a colander."", ""Stir it into the sauce and cook until thoroughly heated and coated with sauce, about 2 minutes."", ""Stir in the parsley and serve at once."")"
000116,*116*,Blueberry Scones,1531,Mimi Hiller,PT22M,PT55M,PT1H17M,1999-08-18T04:30:00Z,Make and share this Blueberry Scones recipe from Food.com.,"c(""https://img.sndimg.com/food/image/upload/w_555,h_416,c_fit,fl_progressive,q_95/v1/img/recipes/11/6/3VsX300jTOOiZyIg6oV2_blueberry-scones-3.jpg"", ""https://img.sndimg.com/food/image/upload/w_555,h_416,c_fit,fl_progressive,q_95/v1/img/recipes/11/6/Pdw8MwSBSeSeIjtGzdEn_IMG_3687.JPG"", ""https://img.sndimg.com/food/image/upload/w_555,h_416,c_fit,fl_progressive,q_95/v1/img/recipes/11/6/29KUHClS4CNI0qz1BanJ_FB6A1B91-56B2-442D-B7CE-0DC70CA05C81.jpeg"", ""https://img.sndimg.com/food/image/upload/v1/img/feed/116/YO6JtCb3TemvhHvh9bi5_image.jpg"", 
""https://img.sndimg.com/food/image/upload/w_555,h_416,c_fit,fl_progressive,q_95/v1/img/recipes/11/6/a7WQtWyRf6AkQ7YGBZoR_DSC_1135.JPG"", ""https://img.sndimg.com/food/image/upload/w_555,h_416,c_fit,fl_progressive,q_95/v1/img/recipes/11/6/7qrKeQQh263RVQAjQRsg_image.jpg"", ""https://img.sndimg.com/food/image/upload/w_555,h_416,c_fit,fl_progressive,q_95/v1/img/recipes/11/6/01496581463.jpeg"", ""https://img.sndimg.com/food/image/upload/w_555,h_416,c_fit,fl_progressive,q_95/v1/img/recipes/11/6/QbZXDx15QvmTEZcJFsDJ_blueberry-scones-4.jpg"", 
""https://img.sndimg.com/food/image/upload/w_555,h_416,c_fit,fl_progressive,q_95/v1/img/recipes/11/6/L1y2uQxRc23Shd4MqRhn_blueberry-scones-2.jpg"", ""https://img.sndimg.com/food/image/upload/w_555,h_416,c_fit,fl_progressive,q_95/v1/img/recipes/11/6/picxvhWQW.jpg"", ""https://img.sndimg.com/food/image/upload/w_555,h_416,c_fit,fl_progressive,q_95/v1/img/recipes/11/6/picI1PiFQ.jpg"", ""https://img.sndimg.com/food/image/upload/w_555,h_416,c_fit,fl_progressive,q_95/v1/img/recipes/11/6/picq9Ryom.jpg"")",Scones,"c(""Quick Breads"", ""Breads"", ""Berries"", ""Fruit"", ""Sweet"", ""Weeknight"", ""Oven"", ""< 4 Hours"")","c(""2"", ""3"", ""1"", ""3/4"", ""6"", ""1 1/2"", ""1"", ""1/3"", ""2"")","c(""all-purpose flour"", ""sugar"", ""baking powder"", ""salt"", ""unsalted butter"", ""fresh blueberries"", ""lemon, zest of"", ""heavy cream"", ""eggs"")",5,38,277.3,13.9,8.2,83,377.8,33.4,1.5,7.6,5.3,8,NA,"c(""Adjust rack to center of oven, and heat to 400 degrees."", ""Place a Silpat baking mat on a baking sheet, and set aside. In a large bowl, sift together flour, 3 tablespoons sugar, baking powder, and salt. Using a pastry blender, or two knives, cut in butter until the largest pieces are the size of small peas."", ""Stir in blueberries and zest. Using a fork, whisk together cream and egg in a liquid measuring cup."", ""Make a well in the center of dry ingredients and pour in cream mixture. Stir lightly with fork just until dough comes together."", 
""Turn out onto a lightly floured surface, and knead a few times to mix well."", ""Pat dough into a 6-inch square about 1 1/4 inches thick."", ""Using a floured knife, cut into four 3-inch squares."", ""Cut squares in half on the diagonal to form eight triangles."", ""Transfer to prepared baking sheet. Brush tops with cream and sprinkle with sugar."", ""Bake until golden brown, 20 to 22 minutes."", ""Transfer scones from baking sheet to wire racks to cool."")"
000117,*117*,Blueberry Cookies,1545,Nancy Van Ess,PT15M,PT4H,PT4H15M,1999-08-16T05:40:00Z,Make and share this Blueberry Cookies recipe from Food.com.,"""https://img.sndimg.com/food/image/upload/w_555,h_416,c_fit,fl_progressive,q_95/v1/img/recipes/11/7/picDf97kf.jpg""",Drop Cookies,"c(""Dessert"", ""Cookie & Brownie"", ""Berries"", ""Fruit"", ""Weeknight"", ""For Large Groups"", ""Oven"")","c(""2"", ""2"", ""1/2"", ""1/2"", ""1"", ""1"", ""1/4"", ""1"", ""1 1/2"", ""1"")","c(""flour"", ""baking powder"", ""salt"", ""vegetable shortening"", ""sugar"", ""egg"", ""milk"", ""lemon zest"", ""blueberries"")",4.5,6,58.4,2.4,0.7,4.6,41.6,8.7,0.2,4.5,0.7,48,NA,"c(""Combine flour, baking powder and salt."", ""In a large bowl, cream the shortening and  sugar."", ""Beat in the egg."", ""Beat in the milk, almond extract and lemon rind."", ""Gradually blend in the dry ingredients."", ""Fold in the blueberries."", ""Cover and chill for at least 4 hours.Preheat oven to 375°."", ""Drop dough by spoonfuls about  1-inch apart onto ungreased cookie sheets."", ""Bake for 12-15 minutes, until pale golden."", ""Transfer to wire racks to cool."", ""NOTES: Canned or frozen blueberries can be used, but fresh gives the best results.""
)"
000118,*118*,Abby's Pecan Apple Cake,1534,Tonkcats,PT1H10M,PT20M,PT1H30M,1999-09-15T04:30:00Z,Make and share this Abby's Pecan Apple Cake recipe from Food.com.,"""https://img.sndimg.com/food/image/upload/w_555,h_416,c_fit,fl_progressive,q_95/v1/img/recipes/11/8/pic1UgDNm.jpg""",Dessert,"c(""Apple"", ""Fruit"", ""Nuts"", ""Weeknight"", ""Oven"", ""< 4 Hours"")","c(""2"", ""1 1/2"", ""1/2"", ""1/2"", ""1 1/2"", ""3"", ""1/2"", ""2"", ""1/3"", ""2"", ""2"", ""2"", ""1 1/2"", ""1 1/2"", ""1 1/2"")","c(""butter"", ""sugar"", ""cinnamon"", ""nutmeg"", ""all-purpose flour"", ""tart apples"", ""butter"", ""eggs"", ""milk"", ""rum"", ""vanilla extract"", ""pecans"", ""baking powder"", ""baking soda"", ""salt"")",4,2,357.2,15.1,8,74,692.7,51.3,1.9,34.7,4,10,NA,"c(""* , such as Granny Smith, peeled, halved, and sliced (3 cups)  Preheat the oven to 350 degrees."", ""Brush the sides of a 8 x 3 1/4-inch  springform pan with the melted butter."", ""Mix together 1/2 cup sugar, cinnamon,  nutmeg, and 1/4 cup flour and sprinkle the mixture evenly over the bottom of  the pan."", ""Wrap foil around the pan to prevent leakage. Starting at the outside  edge, arrange a ring of apple slices in the pan, slightly overlapping and  pointing to the center."", ""(It will feel backwards.) Fill in the center with  another circle of apples, with some overlap occurring."", 
""Layer any remaining  apple slices evenly, overlapping to prevent the batter from escaping."", ""With a  wooden spoon or electric mixer, beat together the butter and 1 cup sugar."", ""Add  the eggs, milk, rum, and vanilla."", ""The batter will look curdled."", ""Add 1 1/4  cups flour, the nuts, baking powder, baking soda, and salt, beating only  until the flour is completely incorporated."", ""Pour the batter over the apples  and spread evenly."", ""Place the pan on a baking sheet and bake in the middle of  the oven until a toothpick inserted in the cake comes out clean, about 70  minutes."", 
""Cover with a piece of foil if the top begins to brown too quickly."", ""Let the cake rest in the pan on a rack for 5 minutes, then, using a small,  flexible knife, gently separate the sides of the cake from the pan."", ""Invert  the cake on the rack, letting it stay in the pan for another 10 minutes, then  remove the pan, lifting it up carefully."")"
000119,*119*,Carrot & Tahini Sandwich,1556,Strawberry Girl,NA,PT15M,PT15M,1999-08-21T10:25:00Z,"Ok, so this is not terribly weird, but most people look at me weird when I tell  them about it. It's yummy! (I  have found that this mixture is best eaten right away as the tahini tends to get sticky like natural peanut butter.)",character(0),Lunch/Snacks,"c(""Vegan"", ""< 15 Mins"", ""Easy"")","c(""1"", ""1 -2"", ""1"", NA, NA)","c(""carrot"", ""tahini sesame butter"", ""tofunaise"", ""mayonnaise"", ""raisins"")",4,2,110.5,7.3,1,0,53.2,9.8,3.1,2.9,3.2,1,NA,"c(""In small bowl, combine all ingredients."", ""Use as sandwich filling or spread."")"
000120,*120*,Carrot Cake II,1538,Duckie067,PT1H,PT15M,PT1H15M,1999-09-19T06:21:00Z,Make and share this Carrot Cake II recipe from Food.com.,character(0),Dessert,"c(""Vegetable"", ""Weeknight"", ""Oven"", ""< 4 Hours"")","c(""1"", ""4"", ""2"", ""3"", ""1/2"", ""2"", ""2"", ""2"", ""1/2"", ""1 1/2"", ""1"", ""1"", ""4"", ""2"")","c(""carrot"", ""eggs"", ""sugar"", ""all-purpose flour"", ""salt"", ""baking powder"", ""baking soda"", ""cinnamon"", ""walnuts"", ""cream cheese"", ""sugar"", ""unsalted butter"", ""real vanilla"")",5,5,1173.5,69.8,19.4,154.7,720.2,129.9,3.7,89.4,11.5,8,NA,"c(""Preheat oven to 325°."", ""Add 1 egg at a time to the grated carrots until all 4 have been added."", ""Beat after each egg  Add the oil and mix."", ""Then sift all of the dry ingredients together and add it to the oil, egg, and carrot mixture in 4 parts, beating after each addition."", ""Next, add the walnuts and mix well."", ""Pour into a greased/floured tube pan."", ""Bake for 1 hour at 325°, or or when a tooth pick is inserted into the cake and it comes out clean."", ""FOR THE ICING: Soften butter and cheese. Blend well and then add the sugar and vanilla."", 
""Beat until smooth and creamy."", ""Frost only after cake is cooled."")"
000121,*121*,Lamb and Pork Cassoulet,1590,j godsey,PT1H,PT15M,PT1H15M,1999-09-20T06:48:00Z,Make and share this Lamb and Pork Cassoulet recipe from Food.com.,character(0),Lamb/Sheep,"c(""Pork"", ""Meat"", ""European"", ""Weeknight"", ""Roast"", ""Oven"", ""< 4 Hours"")","c(""1"", ""1"", ""1"", ""1"", ""1/2"", ""1/4"", ""1"", ""1"", ""1"", ""1"")","c(""cannellini beans"", ""ketchup"", ""chili powder"", ""thyme"", ""water"", ""bacon bits"", ""lamb chop"", ""onion"")",NA,NA,584.9,30.3,9.9,104.7,838.4,36.7,12.4,7.2,40.5,2,NA,"c(""Saute onion and garlic in oil."", ""Add lamb and pork."", ""Saute 5 minutes until cooked  though."", ""Combine everything in a small deep oven safe dish."", ""Bake uncovered 350   30 minutes."", ""HINTS: for those who like more beans & less meat Add another can of beans & half as much meat. Just use a tad more water."", ""If you liked it or hated it please let me know -- ."")"
000122,*122*,Commissary Carrot Cake,1589,kenk1492,PT1H55M,PT2H5M,PT4H,1999-09-09T13:37:00Z,Make and share this Commissary Carrot Cake recipe from Food.com.,character(0),Dessert,"c(""Vegetable"", ""Low Protein"", ""Weeknight"", ""For Large Groups"", ""Oven"", ""< 4 Hours"")","c(""1 1/2"", ""1/4"", ""3/4"", ""1 1/2"", ""6"", ""1 1/4"", ""2"", ""1 1/4"", ""2"", ""2"", ""2"", ""2"", ""1"", ""4"", ""4"", ""1"", ""1"", NA, ""8"", ""8"", ""1"", ""1"", ""4"")","c(""sugar"", ""flour"", ""salt"", ""heavy cream"", ""unsalted butter"", ""pecans"", ""vanilla"", ""sugar"", ""flour"", ""cinnamon"", ""baking powder"", ""salt"", ""eggs"", ""carrots"", ""pecans"", ""raisins"", ""unsalted butter"", ""cream cheese"", ""powdered sugar"", ""vanilla extract"", ""coconut"")",5,2,1011.8,67.4,28.3,146,401.4,101.3,4.5,80.1,7.4,16,NA,"c(""In a heavy saucepan,blend well the flour,sugar and salt.  Gradually stir in the cream."", ""Add the butter."", ""Cook and stir the mixture over a  low heat until the butter has melted, then let simmer for 20-30 minutes until  golden brown in color, stirring occasionally."", ""Cool to lukewarm."", ""Stir in the  nuts and vanilla."", ""Let cool and refrigerate, preferably overnight.  If too thick  to spread, bring to room temperature before using."", ""Carrot Cake Preheat oven to 350 F."", ""Have ready a greased and floured 10\"" tube  cake pan."", 
""In a large bowl Whisk together the corn oil and sugar."", ""Sift together  the flour, cinnamon,baking powder, baking soda and salt. Sift half the dry  ingredients into the sugar-oil mixture and blend."", ""Alternately, sift in the rest of the dry ingredients while adding the eggs, one by one.  Combine well."", ""Add  the carrots, raisins, and pecans."", ""Pour into the prepared tube pan and bake for  70 minutes."", ""Cool upright on a cooling rack  If you fare not using the cake that day it can be removed from the pan,wrapped in plastic and stored at room temp."", 
""Cheese Cream Filling Cream the butter well."", ""Add the cream cheese and beat until  blended."", ""Sift in the sugar and add the vanilla."", ""If it is to soft to spread,  chill a bit.Chill if not using immediately, but bring to room Temp."", ""before  spreading."", ""Assembly Preheat oven to 300 F."", ""Spread the coconut on a baking  sheet and bake for 10-15 minutes until it colors lightly."", ""Toss the coconut  occasionally  while it is baking so that it browns evenly  Cool completely."", ""Have the filling and the frosting at a spreadable consistency."", 
""Loosen the cake  in it's pan and invert onto a serving plate.  With a long serving knife,  carefully split the cake into three horizontal layers."", ""Spread the filling  between the Layers."", ""Spread the frosting over the top and sides."", ""Pat the  coconut onto the sides of the cake.  If desired, save 1/2 cup of the frosting  and color 1/2  with green food coloring 1/2 with orange, pipe on the top to form little carrots"")"
000123,*123*,Carrot Maple Cheesecake,1555,Cindy Hartlin,PT1H5M,PT45M,PT1H50M,1999-09-13T14:14:00Z,Make and share this Carrot Maple Cheesecake recipe from Food.com.,character(0),Cheesecake,"c(""Dessert"", ""Weeknight"", ""Oven"", ""< 4 Hours"")","c(""1 1/3"", ""1/4"", ""2"", ""3"", ""1/3"", ""1/3"", ""3"", ""1/4"", ""1/4"", ""1/2"")","c(""graham crackers"", ""butter"", ""carrots"", ""light cream cheese"", ""granulated sugar"", ""maple syrup"", ""eggs"", ""water"", ""granulated sugar"", ""carrot"")",5,2,302.5,20.3,11,103,320.9,22.9,0.9,16.8,8.2,12,NA,"c(""CRUST:  Combine ingredients; mix well."", ""Press into 9 inch springform pan.  Bake in preheated 350 F oven for 10 minutes."", ""FILLING:  Simmer shredded carrots in water to cover for 5 minutes.  Drain and remove excess liquid."", ""In food processor combine carrots, cream cheese, sugar and maple syrup, process until completely smooth and evenly colored."", ""Add eggs, one at a time, and mix until just blended."", ""Pour onto crumb crust and bake at 300 F for 45 minutes or until center is almost set.  Cool to room temperature.  Refrigerate 3 hours or overnight. ."", 
""OPTIONAL GARNISH:  In small saucepan simmer water with sugar for 5 minutesAdd shredded carrots and simmer 5 minutes.   Drain well and scatter on top of chilled cheesecake."")"
000124,*124*,Catherine's Excellent Yorkshire Pudding,1591,Richard James,PT20M,PT15M,PT35M,1999-09-06T04:56:00Z,You haven't lived until you have experienced the mouth watering taste of my yorkshire puddings.  Warning! They must be flooded with gravy.,character(0),Dessert,"c(""Healthy"", ""< 60 Mins"", ""Oven"")","c(""4"", ""1"", ""1"", NA, ""1"", ""1/4"", ""1/4"")","c(""plain flour"", ""salt"", ""black pepper"", ""egg"", ""milk"", ""water"")",5,1,141.6,2.6,1.1,50.8,73.1,23.4,0.8,0.1,5.5,NA,NA,"c(""Sieve the flour into mixing bowl."", ""Add the salts and pepper."", ""Make hole in middle  of flour and add egg. Start mixing gently whilst gradually adding the milk and  water."", ""Use small foil cases and put a small amount of cooking oil in each and  place on a high shelf in a preheated oven, gas mark 7."", ""( the fat needs to be hot before you add the mixture ) Pour equal amounts of the mixture into each case  and place in the oven Cook for 20-25 mins Serve with all roast meats ( don't  forget the lashings of gravy ) Please enjoy   from Cathy the Northern Cook.""
)"
000125,*125*,Caribbean Cowpeas and Rice,1587,rosasharn,NA,PT25M,PT25M,1999-08-09T21:32:00Z,Make and share this Caribbean Cowpeas and Rice recipe from Food.com.,character(0),Beans,"c(""Caribbean"", ""Free Of..."", ""< 30 Mins"")","c(""1"", ""1"", ""1"", ""2"", ""1/2"", ""1"", ""1"", ""1"", ""1"", ""1/2"", ""1/2"", ""1/2"")","c(""black-eyed peas"", ""onion"", ""garlic cloves"", ""cumin"", ""thyme"", ""bay leaf"", ""long-grain rice"", ""vegetable broth"", ""tomatoes"", ""allspice"", ""salt"")",5,1,267.2,1.9,0.5,0,484.5,58.5,6.1,2,7.5,4,NA,"c(""Soak peas."", ""COmbine peas with onion, jalapeno, garlic, cumin, thyme, bay leaf and 2 cups water."", ""Boil."", ""Reduce and simmer."", ""Add rice, broth, tomato, allspice and salt."")"
000126,*126*,Carnation Lean Fettuccine Alfredo,1556,Strawberry Girl,PT10M,PT30M,PT40M,1999-08-14T19:35:00Z,Make and share this Carnation Lean Fettuccine Alfredo recipe from Food.com.,character(0),Vegetable,"c(""Healthy"", ""< 60 Mins"")","c(""12"", ""1"", ""1"", ""2"", ""3/4"", ""4"", ""1"", ""1"", ""1"", ""1"", ""6"", ""2/3"", ""1"")","c(""fettuccine"", ""olive oil"", ""garlic"", ""milk"", ""parmesan cheese"", ""fresh dill"", ""fresh chives"", ""nutmeg"", ""salt"", ""pepper"", ""asparagus"", ""smoked salmon"", ""lemon juice"")",5,1,535.7,15.9,7.4,110.6,588.1,69.7,3.7,2.5,28.6,4,NA,"c(""In a large pot of boiling water, cook the fettuccine for 8-10 minutes until  tender but firm."", ""Drain."", ""In a non-stick skillet, heat oil and cook garlic for 30  seconds."", ""Add to drained pasta along with milk and cheese. Cook over medium heat, stirring gently for four to five minutes, until sauce is thickened."", ""Remove from  heat and let stand two to three minutes to thicken more. Stir in dill and chives and season with salt and pepper."", ""Stir in blanched  asparagus, salmon and lemon juice. Garnish each serving with more freshly grated Parmesan, if desired.""
)"
000127,*127*,Caramel Rice Pudding,1543,Doreen Randal,PT3H,PT55M,PT3H55M,1999-09-01T12:27:00Z,Make and share this Caramel Rice Pudding recipe from Food.com.,character(0),Dessert,"c(""Short Grain Rice"", ""Rice"", ""Weeknight"", ""Oven"", ""< 4 Hours"")","c(""1/2"", ""1/3"", ""30"", ""1 1/2"", ""300"", ""1"")","c(""short-grain rice"", ""brown sugar"", ""butter"", ""milk"", ""nutmeg"")",4,1,686.8,44.2,27.6,155.3,266.5,58.2,0.8,17.9,16.1,4,NA,"c(""Wash the rice well and drain."", ""Mix with remaining ingredients and put in a buttered baking dish and bake in a slow oven 140 C for 2 - 2 1/2 hours, until rice is tender and creamy."", ""Stir every 30 minutes during cooking and add more milk if necessary."", ""When ready, the milk and cream should be a rich, caramel cream and a golden crust should have formed."", ""Serve hot or cold."", ""This can be cooked in individual dishes if wished and just eat from them."", ""You can use brown, raw or demerara sugars.""
)"
000128,*128*,Caramel Apple Milkshakes,1530,Carole Reu,NA,PT25M,PT25M,1999-09-12T05:43:00Z,Make and share this Caramel Apple Milkshakes recipe from Food.com.,"c(""https://img.sndimg.com/food/image/upload/w_555,h_416,c_fit,fl_progressive,q_95/v1/img/recipes/12/8/picfvdzrj.jpg"", ""https://img.sndimg.com/food/image/upload/w_555,h_416,c_fit,fl_progressive,q_95/v1/img/recipes/12/8/picQZEhmD.jpg"")",Frozen Desserts,"c(""Beverages"", ""Dessert"", ""Apple"", ""Fruit"", ""Low Protein"", ""Low Cholesterol"", ""Healthy"", ""< 30 Mins"", ""Easy"")","c(""3"", ""3/4"", ""1/2"", ""1"", ""1/4"")","c(""frozen yogurt"", ""1% low-fat milk"", ""applesauce"", ""cinnamon"")",5,2,208.7,6.5,4.2,26.4,185.3,31.2,0.9,10.9,8.3,4,NA,"c(""Place the yogurt, milk, cinnamon, and topping in a blender."", ""Cover and blend  until smooth."", ""Pour into 4 glasses."", ""Serve immediately."")"
000129,*129*,Champagne Punch,1592,polar-express,NA,PT5M,PT5M,1999-08-21T11:22:00Z,Here is a good punch recipe for any special occasion.  We serve this every year for Christmas Eve.  It is always a big hit.,"""https://img.sndimg.com/food/image/upload/w_555,h_416,c_fit,fl_progressive,q_95/v1/img/recipes/12/9/picI35rA2.jpg""",Punch Beverage,"c(""Beverages"", ""Low Protein"", ""Low Cholesterol"", ""Healthy"", ""Free Of..."", ""Christmas"", ""< 15 Mins"", ""For Large Groups"", ""Easy"")","c(""1"", ""1"", ""1"", ""1"", ""1"")","c(""frozen limeade concentrate"", ""ginger ale"")",5,30,236.8,0.2,0,0,14.2,41.6,0.2,38.1,0.6,20,NA,"c(""Mix the juice concentrates in punch bowl (do not add water)."", ""Stir in the Gingerale then add the Champagne (do not stir after adding the champagne!)"", ""** Note ** The large bottles of Gingerale and Champagne should be equal volumes (I use 2 L.  bottles)."")"
000130,*130*,Butterscotch Apple Dumpling,125579,GrandmaIsCooking,PT30M,PT45M,PT1H15M,1999-08-13T12:28:00Z,Make and share this Butterscotch Apple Dumpling recipe from Food.com.,character(0),Dessert,"c(""Apple"", ""Fruit"", ""Low Protein"", ""Healthy"", ""Weeknight"", ""Oven"", ""< 4 Hours"")","c(""2"", ""1"", ""1/8"", ""2"", ""2"", ""2"", ""1"", ""1"", ""1"", ""1 1/4"")","c(""green apples"", ""self rising flour"", ""salt"", ""sugar"", ""butter"", ""water"", ""butter"", ""brown sugar"", ""golden syrup"", ""water"")",NA,NA,271.6,8.9,5.5,22.9,321.8,48,1.5,33.2,1.8,8,8 dumplings,"c(""Sift flour and salt.  Add sugar.  Rub in butter, then add water and mix to a soft dough."", ""Peel and quarter apples."", ""Divide pastry into 8 equal portions."", ""Roll out each portion of pastry and wrap each around an apple quarter."", ""Place in an oven proof dish."", ""Combine sauce ingredients in saucepan and bring to boil."", ""Pour sauce over pastries in dish."", ""Bake 25-30 minutes in  a moderate oven, about 325 degrees Fahrenheit.  Serve with ice cream."")"
000131,*131*,Buttermilk-Oat Bread,1530,Carole Reu,PT20M,PT30M,PT50M,1999-08-28T02:34:00Z,Make and share this Buttermilk-Oat Bread recipe from Food.com.,character(0),Yeast Breads,"c(""Breads"", ""Low Cholesterol"", ""Healthy"", ""Bread Machine"", ""< 60 Mins"", ""For Large Groups"", ""Small Appliance"", ""Easy"")","c(""3/4"", ""1"", ""1 1/2"", ""1 3/4"", ""1/3"", ""1/2"", ""1"")","c(""buttermilk"", ""honey"", ""butter"", ""margarine"", ""bread flour"", ""rolled oats"", ""salt"", ""active dry yeast"", ""bread machine yeast"")",4.5,6,68.7,0.7,0.3,1.4,88.4,13.3,0.6,1.7,2.1,16,1 loaf,"c(""For toasted rolled oats, place oats in a shallow baking pan.  Bake at 350 for 15 to 20 minutes or till oats are lightly browned, stirring occasionally.   Cool."", ""Add all of the ingredients to a bread machine according to manufacturer's  directions.   Bake the bread using the regular or white setting."")"
000133,*133*,Blueberry Pancake Syrup,1571,Linda Johansen,PT36M,PT50M,PT1H26M,1999-08-06T00:41:00Z,"I've made this blueberry syrup several times, but I bet it would work well for raspberries.  It's worth a try!",character(0),Sauces,"c(""Breakfast"", ""Dessert"", ""Berries"", ""Fruit"", ""Vegan"", ""Free Of..."", ""Sweet"", ""Weeknight"", ""< 4 Hours"", ""Easy"")","c(""4"", ""3"", ""2"", ""3"", NA)","c(""blueberries"", ""water"", ""lemons, rind of"", ""sugar"", ""lemon juice"")",5,4,1329.7,1,0.1,0,16.6,342.8,7.1,328.9,2.2,NA,2 pints,"c(""Pour the blueberries into a saucepan and crush them with a potato masher or a wooden spoon until most of the skins are broken."", ""Add 1 cup of water  and strips of lemon peel and bring to a simmer."", ""Turn heat down to low and cook the berries for 5 minutes at just under a simmer."", ""Pour the hot berries into a strainer lined with two layers of cheesecloth and let the blueberry juice drip through."", ""Twist the cloth to extract all the juice; there should be about 2 cups."", ""Discard the berry pulp."", 
""Combine the remaining  2 cups water with the sugar in a small saucepan."", ""Bring the mixture to a boil, stirring, until the sugar is dissolved and the mixture is clear."", ""Wash down the sides of the pan with a wet pastry brush, then boil the syrup, without stirring, until it reaches 260 degrees on a candy thermometer."", ""Add the blueberry syrup to the sugar syrup and bring the mixture to boil."", ""Boil for 1 minute.  Let the syrup cool, then add lemon juice to taste. Pour the syrup into two pint jars and refrigerate if you plan to use it in a month or two."", 
""To can (for indefinite storage) Pour into canning jars with 1/2 inch headspace.  Process in hot water bath for 30 minutes."", ""Cool."")"
000134,*134*,Chanfana Ou Lampantana,1549,Dave5003,PT4H,PT20M,PT4H20M,1999-08-16T06:16:00Z,"This dish was typical of the Beira provinces in Mozambique where it was served at large gatherings.  This dish is best prepared a day in advance and reheated. It is preferable to use an iron pot, but a good quality oven proof pot will do. Lamb may be used instead of goat.",character(0),Very Low Carbs,"c(""Free Of..."", ""Weeknight"", ""Oven"")","c(""3"", ""120"", ""125"", ""25"", ""2"", ""5"", ""2"", ""2"", ""1"", ""1"", ""3"", NA, NA, ""3 -4"")","c(""bacon"", ""olive oil"", ""onions"", ""paprika"", ""cloves"", ""nutmeg"", ""bay leaf"", ""parsley"", ""garlic"", ""piri-piri"", ""red wine"")",NA,NA,1266,42.5,10.6,302.1,598.5,17.5,0.8,4.7,106.2,NA,NA,"c(""Preheat oven to 200 degrees C.  Place the meat and bacon in a pot and add the oil and lard.  Add the onions, spices, herbs and seasonings.    Cover completely with the wine. Cover the pot and place it in a very hot oven (200 degrees C) for 1 hour."", ""Remove the lit and stir.   Add more wine if necessary."", ""Cover the pot again and reduce the oven temperature of 100 degrees C."", ""Continue cooking, preferably overnight or until the meat is tender."", ""(The time taken will depend on the age of the lamb or goat.)  Serve with potatoes boiled in their Jackets.""
)"
000135,*135*,Cherry Sandwich Maker Snack,1593,Traci Evans,NA,PT30M,PT30M,1999-09-02T18:31:00Z,Make and share this Cherry Sandwich Maker Snack recipe from Food.com.,character(0),Lunch/Snacks,"c(""Low Protein"", ""Low Cholesterol"", ""Healthy"", ""< 30 Mins"", ""Easy"")","c(""2"", ""1"", NA)","""powdered sugar""",5,5,73.3,0.8,0.2,0,171.3,14.3,0.6,1.1,1.9,NA,2 triangular,"c(""Spread a thin layer between buttered bread and place in sandwich maiker."", ""Note: do not add too much filling or it will make one terrible mess in sandwich maker."", ""Let brown."", ""Remove from sandwich maker and sprinkle with powdered sugar."", ""Makes two triangular tarts."", ""My kids love them."")"
000136,*136*,Cheesecake Cupcakes with Blueberries,1545,Nancy Van Ess,NA,PT50M,PT50M,1999-08-16T05:43:00Z,Make and share this Cheesecake Cupcakes with Blueberries recipe from Food.com.,character(0),Cheesecake,"c(""Dessert"", ""Berries"", ""Fruit"", ""< 60 Mins"", ""Oven"")","c(""12"", ""8"", ""1"", ""2"", ""1/2"", ""1/2"", ""1/2"", ""3"", ""1"")","c(""cream cheese"", ""sugar"", ""eggs"", ""sour cream"", ""vanilla"", ""lemon, rind of"", ""flour"", ""blueberries"")",5,6,249.5,12.7,6.5,67.9,126.4,31.1,0.5,23.7,3.8,12,NA,"c(""Heat oven to 325 degrees.Line 12 muffin cups with foil liners."", ""Place a cookie in bottom of each liner; trim cookies to fit if necessary.Beat together cream  cheese and sugar on med."", ""speed in large bowl until smooth."", ""Add eggs, beating  just until blended."", ""Beat in sour cream, vanilla and lemon rind."", ""On low speed,  beat in flour."", ""Stir in blueberries."", ""Spoon batter into cups, dividing  equally.Bake for 35-40 min., until cakes are set. Cool cakes in pan on rack for  20 min."", ""Remove cakes to rack to cool."", 
""Refrigerate.                    - - - - - - - - - - - - - - - - - -"")"
000138,*138*,Cheese and Pineapple Dip,1543,Doreen Randal,PT2H,PT20M,PT2H20M,1999-08-06T00:41:00Z,Make and share this Cheese and Pineapple Dip recipe from Food.com.,character(0),Pineapple,"c(""Cheese"", ""Tropical Fruits"", ""Fruit"", ""Weeknight"", ""< 4 Hours"", ""Easy"")","c(""1"", ""1"", ""1/2"", ""1"")","c(""cheese"", ""pineapple"")",NA,NA,98.7,4.7,2.9,12.1,182.7,11.1,1.1,7,4.1,NA,3 cups,"c(""Mix reduced cream, tomato & onion soup, cheese and crushed pineapple together until well combined."", ""Chill for 2 hours before serving."", ""Makes  about 3 cups."", ""Cheers,  Doreen Doreen Randal,  Wanganui."", ""New Zealand."")"
000139,*139*,Chicken and Pineapple Salad With Curry Mayonnaise,1543,Doreen Randal,PT1H5M,PT20M,PT1H25M,1999-08-12T06:50:00Z,"This is nice, I have used ordinary roast chicken.   CHICKEN AND PINEAPPLE SALAD WITH CURRY MAYONNAISE",character(0),Whole Chicken,"c(""Chicken"", ""Pineapple"", ""Poultry"", ""Tropical Fruits"", ""Fruit"", ""Meat"", ""Free Of..."", ""Weeknight"", ""< 4 Hours"", ""Easy"")","c(""1"", ""1/2"", ""1"", ""4"", ""1"", ""1/4"", ""1"", ""1"", ""3/4"", ""1/4"")","c(""barbecued chicken"", ""coconut"", ""unsweetened pineapple slices"", ""spring onions"", ""curry powder"", ""five-spice powder"", ""garlic clove"", ""fresh ginger"", ""mayonnaise"", ""coconut milk"")",5,5,409.7,27.9,11.9,43.5,362.5,30.2,4.3,15.3,13.3,4,NA,"c(""CURRIED MAYONNAISE:"", ""Combine all ingredients thoroughly."", ""CHICKEN AND PINEAPPLE SALAD:"", ""Toast coconut on oven tray in moderate oven for about 5 minutes."", ""Cut chicken and pineapple into chunks; place in bowl, mix in coconut, shallots and Mayonnaise."", ""Refrigerate 1 hour before serving."", ""Serves 4."", ""Cheers,  Doreen Doreen Randal,  Wanganui."", ""New Zealand."")"
000141,*141*,Carrie's Pizza Rolls,30094,acid.,PT3H30M,PT55M,PT4H25M,1999-08-23T20:56:00Z,Make and share this Carrie's Pizza Rolls recipe from Food.com.,character(0),Low Cholesterol,"c(""Healthy"", ""Weeknight"", ""Oven"")","c(""1"", ""1/2"", ""1/2"", ""4"", ""1"", ""1"", ""1"", ""1"", ""1"", ""1/2"", ""1"", ""2"", ""1"", ""1"", ""1"", ""1"")","c(""dry yeast"", ""water"", ""honey"", ""white flour"", ""water"", ""garlic clove"", ""tomatoes"", ""tomato sauce"", ""mozzarella cheese"", ""parmesan cheese"", ""romano cheese"", ""olive oil"", ""salt"", ""pepper"", ""oregano"", ""basil"")",4,1,3521.8,108.1,39,183.9,2905.4,548.4,96.2,29.7,134.2,1,NA,"c(""Dough: Dissolve yeast with honey and 1/2 cup  water; let stand 10 minutes."", ""Put 4 cups flour in large  mixing bowl; stir in oil, water and yeast mixture. Mix   thoroughly."", ""Knead 8 to 10 minutes."", ""Let dough rise 1 hour until  doubled."", ""Punch  down and roll on floured surface to about 1/2- inch."", ""Cut into rectangles about 4 x 6-inches or desired size of  pizza roll."", ""Sauce: Place all ingredients (except  the  Mozzarella cheese) in a crock-pot and simmer on low for  about 2 hours."", 
""Let cool to room temperature. Hot sauce will  make dough soggy."", ""Rolls: Place a small amount of sauce on the  dough rectangles, spreading it to cover the entire   piece of dough."", ""Sprinkle Mozzarella cheese over half of the  dough."", ""Roll up the  dough burrito-style, sealing edges with  moistened fingers."", ""Place rolls on a  cookie sheet. Allow to rest for  about 10 minutes."", ""Bake in a hot 500 degrees  oven until  dough is golden brown."", ""Serve rolls with a side bowl of hot pizza  sauce  for dipping the pizza rolls inches."", 
""These freeze beautifully."", ""Can be   reheated in the microwave. Variations: You may wish to add slices of  mushroom,  olive, shredded beef, pepperoni slices or  whatever in addition to the  Mozzarella cheese inside the pizza roll."")"
000142,*142*,Almond Fudge Banana Cake,104600,CoolMonday,PT1H,PT50M,PT1H50M,1999-08-20T08:51:00Z,Make and share this Almond Fudge Banana Cake recipe from Food.com.,"c(""https://img.sndimg.com/food/image/upload/w_555,h_416,c_fit,fl_progressive,q_95/v1/img/recipes/14/2/picZy4Zce.jpg"", ""https://img.sndimg.com/food/image/upload/w_555,h_416,c_fit,fl_progressive,q_95/v1/img/recipes/14/2/picBalUMf.jpg"", ""https://img.sndimg.com/food/image/upload/w_555,h_416,c_fit,fl_progressive,q_95/v1/img/recipes/14/2/pict7Ozd5.jpg"")",Dessert,"c(""Weeknight"", ""For Large Groups"", ""Oven"", ""< 4 Hours"")","c(""3"", ""1 1/2"", ""1/2"", ""3"", ""3"", ""1"", ""1 1/3"", ""1/3"", ""1"", ""1/2"", ""1/2"")","c(""DOLE&reg; Banana"", ""sugar"", ""margarine"", ""eggs"", ""amaretto liqueur"", ""vanilla extract"", ""all-purpose flour"", ""baking soda"", ""salt"")",5,23,224.8,9.2,1.8,34.9,246.8,33.9,1.9,21.8,3.8,NA,NA,"c(""Mash bananas and set aside.  Beat sugar and margarine until light and fluffy."", ""Beat in eggs, liqueur and vanilla."", ""Combine dry ingredients."", ""Stir in almonds."", ""Add to sugar mixture alternately with bananas."", ""Beat well."", ""Pour batter into greased 10-inch Bundt pan."", ""Bake in preheated 350°F oven 45 to 50 minutes or until toothpick inserted in center comes out almost clean and cake pulls away from side of pan."", ""Cool 10 minutes."", ""Remove cake from pan to wire rack to cool completely."", 
""Drizzle glaze over top and down side of cake.  Make 16-20 servings."")"
000143,*143*,Cherry Tomatoes on Provolone Garlic Bread,2178,troyh,PT1H10M,PT35M,PT1H45M,1999-08-16T06:03:00Z,Make and share this Cherry Tomatoes on Provolone Garlic Bread recipe from Food.com.,"c(""https://img.sndimg.com/food/image/upload/w_555,h_416,c_fit,fl_progressive,q_95/v1/img/recipes/14/3/picBwpb8U.jpg"", ""https://img.sndimg.com/food/image/upload/w_555,h_416,c_fit,fl_progressive,q_95/v1/img/recipes/14/3/picJwZRaN.jpg"", ""https://img.sndimg.com/food/image/upload/w_555,h_416,c_fit,fl_progressive,q_95/v1/img/recipes/14/3/picxHeUf1.jpg"")",Weeknight,"""< 4 Hours""","c(""2"", ""2"", ""1/4"", ""1"", ""3"", ""1/3"", ""3"", NA, ""3"", ""3"", ""4"", ""4"", ""1/4"")","c(""cherry tomatoes"", ""scallions"", ""parsley"", ""rosemary"", ""garlic"", ""extra virgin olive oil"", ""extra virgin olive oil"", ""garlic"", ""provolone cheese"", ""parmesan cheese"")",5,7,488.6,38.6,10,24.8,483.5,23.7,2.9,7.2,13.4,4,NA,"c(""For the tomatoes, mix tomatoes, scallions, parsley, rosemary, garlic, olive oil and vinegar in a shallow bowl."", ""Season with salt and pepper."", ""Cover bowl and let tomatoes marinate at room temperature for at least 1 hour, but preferably 3-4 hours."", ""Stir occasionally to distribute seasonings."", ""For the bread, combine olive oil and garlic and let mixture stand for about 10 minutes so flavors can mingle.  Meanwhile, heat the broiler."", ""Brush one side of each bread slice with garlic and olive oil mixture and broil them oiled-side up until lightly browned."", 
""Put a slice of provolone and a generous sprinkling of Parmesan on each slice, reserving a little of the parmesan for garnish."", ""Set aside.  Just before serving, heat up broiler again and toast cheese until bubbly."", ""Serve bread in shallow bowls, spooning about 3/4 cup of tomatoes and marinade over each slice, garnishing with remaining parmesan."")"
000144,*144*,Cheesy Chicken Noodle Casserole,1594,danica b. froisland,NA,PT35M,PT35M,1999-09-15T03:29:00Z,Make and share this Cheesy Chicken Noodle Casserole recipe from Food.com.,character(0),Chicken Breast,"c(""Chicken"", ""Poultry"", ""Meat"", ""< 60 Mins"", ""Oven"")","c(""2"", ""0.5"", ""1"", ""1/4"", ""0.5"", ""1"", ""1"", ""1/2"", ""1"")","c(""chicken breasts"", ""olive oil"", ""Velveeta cheese"", ""corn"", ""seasoning salt"", ""parsley flakes"", ""pepper"")",3,1,544,22,7.8,107.8,747.1,59.1,4.2,8.2,30.4,4,NA,"c(""Cook egg noodles in boiling water till chewy."", ""Cook chicken in olive oil, and  Lawry salt till chicken is not pink in middle, then drain oil."", ""Combine cream of chicken soup, egg noodles, and chicken till boiling."", ""Reduce heat, and add  Velveeta cheese, corn, and pepper."", ""Cook until all of Velveeta is melted."", ""Remove from heat and sprinkle with parsley flakes."")"
000145,*145*,Caramel Sultana Square,1543,Doreen Randal,PT30M,PT20M,PT50M,1999-08-25T05:13:00Z,Make and share this Caramel Sultana Square recipe from Food.com.,character(0),Dessert,"c(""< 60 Mins"", ""Oven"")","c(""125"", ""125"", ""1"", ""1 1/2"", ""2"", ""1"", NA, ""90"", ""7"", ""2"", ""1/4"")","c(""butter"", ""sugar"", ""egg"", ""flour"", ""baking powder"", ""sultana"", ""butter"", ""golden syrup"", ""sugar"")",NA,NA,3770.5,198.6,123.2,742.8,1963.4,468.4,5.1,302.6,44.2,NA,1 cake,"c(""Cream butter and sugar, add egg then dry ingredients."", ""Divide shortcake in two."", ""Press one half in tin."", ""Melt together and pour over base.  Sprinkle with sultanas and cover with remaining mixture.  Bake in a moderate oven 20 - 30 minutes."")"
000146,*146*,&quot;21&quot; Apple Pie,67395,Dannygirl,PT1H6M,PT1H45M,PT2H51M,1999-09-10T21:47:00Z,Make and share this &quot;21&quot; Apple Pie recipe from Food.com.,character(0),Pie,"c(""Dessert"", ""Apple"", ""Fruit"", ""Low Protein"", ""Weeknight"", ""Oven"", ""< 4 Hours"")","c(""2"", ""1/2"", ""6"", ""1/4 - 1/3"", ""12"", ""2"", ""1/4"", ""1/4"", ""1/4"", ""1"", ""1"")","c(""all-purpose flour"", ""salt"", ""unsalted butter"", ""apples"", ""lemons"", ""dark brown sugar"", ""light brown sugar"", ""cinnamon"", ""egg"")",3,1,694.3,25.1,15,96.2,222.5,113,13.6,61.9,7.2,NA,NA,"c(""Add the cold butter cubes and, with a pastry blender, blend in the flour until mixture becomes mealy ans butter forms peas-size nuggets plainly visible in the flour."", ""The water should be added to the flour slowly to ensure that only the minimum amount of water is used."", ""Do not over-mix the dough."", ""When the dough has been mixed just sufficiently to combine the ingredients, form it into a ball and wrap in a piece of plastic wrap and refrigerate for several  hours."", ""To prepare the filling, melt the butter in a large saute pan until it  begins to brown."", 
""Add the sliced apples and cook over medium heat until they begin to soften, about 2 to 3 minutes."", ""In a bowl, combine the lemon juice, sugars, Southern Comfort, and  cinnamon."", ""Add this mixture to the apples and cook 2 to 3 minutes over medium-high heat until the apples are completely caramelized and covered with all the sugar."", ""Remove filling from the heat and  allow to cool."", ""Preheat the oven to 375 degrees."", ""When ready to use, remove the dough from the refrigerator, lightly flour a pastry board and a rolling pin, and unwrap the dough."", 
""Divide the dough into 2 equal pieces and begin to roll out into a circle by rolling evenly outward from the center and turning   the dough in small 1/8th turns to keep the rolling even."", ""When the  dough is  rolled out to an even thickness and is about 12 inches in  diameter and 1/8-inch thick, it is ready to be transferred to a 10-inch pie pan or plate."", ""Lightly butter the pie plate, partially roll the dough up on the rolling pin, lift the dough and center it in the pie pan and unroll."", ""Roll the second half of the pie dough into a round slightly larger than the pie pan."", 
""Fill the bottom crust with the cooked apples using a slotted spoon to drain the apples."", ""Reserve juices if desired, for sauce. Brush an egg wash coating over the lip of the dough."", ""This is where it will be sealed to the top  crust. Cover the apples  with the top half of the pie dough."", ""Trim any excess  from the top  crust before using both hands to crimp the edges of the two crust together to seal."", ""With a sharp knife, make several crosshatch slits in the top  crust. Brush with the egg wash and bake for 35 to 40 minutes."", 
""Remove from the oven and cool 20 minutes."", ""Serve with vanilla ice cream."", ""Reserved juices can be reduced with heavy cream for a sauce for the pie."")"
000147,*147*,Campfire Orange Cake,1585,JenniferYana,NA,PT30M,PT30M,1999-08-28T02:53:00Z,"When I was a child, my mother made orange cake every time we went camping. She would scoop out an orange, fill it with (I think) white jiffy cake mix, wrap it in foil and put it it the campfire to bake.  They were wonderful!",character(0),Dessert,"c(""Low Protein"", ""Low Cholesterol"", ""Healthy"", ""< 30 Mins"", ""Easy"")","c(""1"", ""3"")","""oranges""",4.5,2,332.5,9.6,2.4,0,453.6,59.2,2.8,38.3,3.6,6,NA,"c(""You could probably do this with any cake mix.  Foil is nice (keeps ash  out), but apparently not necessary unless you are worried about burning the  bottom of the orange cups.  Follow the directions on the package for the  cake batter and do like below:"", ""Gingerbread Cups  Halve and clean inside of oranges out.  Prepare a package of  gingerbread mix, fill cups 3/4 full."", ""Place cups in a bed of coals, not too  hot.  Bake slowly, turning around from time to time."")"
000148,*148*,Bugwiches,1579,Deborah2,NA,PT40M,PT40M,1999-08-11T04:35:00Z,"A little bit of fun for the kids this summer. Happy Hunting! Deborah   Bugwiches:  Whatever filling you choose to put between the top and bottom of your dinner rolls, your little critters are sure to get the shivers when they sit down to eat. You'll want to slice your vegetables a variety of ways in order to make such body parts as legs and antennae, and scales and eyes.  What you'll need:",character(0),Lunch/Snacks,"c(""Tuna"", ""Very Low Carbs"", ""Low Protein"", ""Low Cholesterol"", ""Healthy"", ""Kid Friendly"", ""< 60 Mins"")","c(""1"", NA, NA, NA, NA, NA, NA, NA, NA, NA, NA)","c(""carrot"", ""lettuce"", ""cucumber"", ""radish"", ""raisins"", ""mayonnaise"", ""celery"", ""tuna salad"", ""salmon salad"")",NA,1,84,2,0.5,0.3,145.9,14.1,0.8,0.7,2.4,1,NA,"c(""How to assemble: Slice roll horizontally, about 1/2 inch from bottom."", ""Pull out  bread from top half, leaving walls about 1/2 inch thick."", ""Place cucumber or  radish slices over bottom halves of rolls, sticking out slightly to make mouths  or tongues."", ""Spoon a mound of filling on top and cover with top halves of rolls."", ""Insert carrot sticks into filling for legs."", ""Make two slits on each side of top  half of bun and insert lettuce leaves as wings."", ""Decorate with vegetable pieces  for eyes, antennae, scales and other body parts."", 
""Attach using mayonnaise."")"
000149,*149*,Cheese Rolls,1543,Doreen Randal,NA,PT45M,PT45M,1999-09-01T12:34:00Z,Make and share this Cheese Rolls recipe from Food.com.,character(0),Lunch/Snacks,"c(""Cheese"", ""Low Cholesterol"", ""Healthy"", ""< 60 Mins"", ""Oven"", ""Easy"")","c(""1"", NA, NA)","c(""cheese"", ""pepper"")",5,1,66.5,0.8,0.2,0,127.8,12.7,0.6,1.1,1.9,1,NA,"c(""Butter thin slices of white bread, cut off crusts."", ""Spread with grated tasty cheese and sprinkle with a little pepper."", ""Roll up as for asparagus rolls."", ""Bake in oven until crisp."")"
000150,*150*,All-Purpose Crock Pot Chicken,1536,Hilary,PT8H40M,PT20M,PT9H,1999-08-10T19:18:00Z,"I discovered this one a few weeks ago. I started out trying to make chicken and  rice and ended up with this.

It is very tender and very good.  An excellent  make-ahead dish for summer.  All the work is done before the crock pot is even  warm.

This is excellent for fajitas, pasta salads,  chicken salad, soup, added to beans and rice, just laying on bread for chicken  sandwiches, or just eating cold.",character(0),Whole Chicken,"c(""Chicken"", ""Poultry"", ""Meat"", ""Very Low Carbs"", ""Weeknight"")","c(""1"", NA, NA, ""1"", NA, NA, NA, NA, NA, NA)","c(""chicken"", ""lemon pepper"", ""salt"", ""bell pepper"", ""celery"", ""carrot"", ""green onion"", ""garlic"", ""water"")",5,12,247.2,17.3,5,86.2,99.9,0,0,0,21.4,8,NA,"c(""If using thigh portions or a cut up fryer, etc, remove all skin and as much fat  as possible. I boil the skins with garlic for the dog."", ""There is no need to bone  the chicken."", ""Put about 1/4 inch water in the slow cooker."", ""Rinse the chicken  well, getting into the crevices, and sprinkle with the Cajun seasoning on both  sides."", ""Go easy at first; this is NOT low-salt and it tends to be a little spicy."", ""I start immediately placing the chicken in the slow cooker."", ""I rinse one piece,  season both sides, and layer it in the pot. When you are done seasoning all the  chicken (I generally do 2-3 lbs in a batch; less is not worth the time), cover  the pot and let the chicken stand for 30 minutes."", 
""At the end of that time, cover the chicken fully with water (don't skimp) and set the cooker on \""Low.\"" Cooking time is up to you."", ""A minimum of 8-10 hours is what I recommend.  I  usually set the chicken cooking in an afternoon, and let it cook overnight.  Often it will cook for 12-24 hours."", ""This is an excellent dish for those of us  who never learned to properly debone a chicken ;) At the end of the cooking  time, merely pull out the chicken pieces and separate the bones from the meat.  It will literally fall apart. Save the broth for adding to mashed potatoes,  gravy, rice or soup."", 
""You will have a good deal of chicken here. Separate into  smaller portions and freeze."")"
000151,*151*,Anise Toast,1538,Duckie067,NA,PT25M,PT25M,1999-09-13T03:09:00Z,Make and share this Anise Toast recipe from Food.com.,character(0),< 30 Mins,"""Oven""","c(""6"", ""1 1/2"", ""1 1/2"", ""3"", ""1/2"", ""1"", ""1"", ""1"")","c(""eggs"", ""sugar"", ""flour"", ""salt"", ""baking powder"", ""vanilla"")",NA,NA,978.7,60.1,9.8,211.5,325.6,98.3,1.7,50.6,12.8,NA,NA,"c(""In a large bowl, beat all eggs, then add sugar, oil, and remaining ingredients."", ""Spread the batter on a cookie sheet. Place in 350° oven for 20 minutes."", ""Remove from oven and cut into squares while it is still hot."", ""Put back into oven for 5 minutes  and remove. Makes a great little add on to ice cream and other flavorful desserts."")"
000152,*152*,Angel Food Cake Waldorf,193853,MirandaLee,NA,PT1H15M,PT1H15M,1999-08-17T03:46:00Z,Make and share this Angel Food Cake Waldorf recipe from Food.com.,character(0),Dessert,"c(""Weeknight"", ""< 4 Hours"")","c(""6"", ""1/8"", ""6"", ""3"", ""1/3"", ""1/3"", ""1"")","c(""sugar"", ""salt"")",5,2,613.8,39.9,21.4,122.3,450.4,60.1,2.9,32.9,9.7,8,NA,"c(""Prepare Angel Food Cake by cutting a 1 inch slice off the top."", ""Remove the  center, leaving walls around a cavity."", ""Whip cream."", ""Combine sugar, salt and  cocoa."", ""While beating the cream sprinkle in the cocoa mixture.."", ""Whip until  stiff."", ""Fold in cut-up almonds."", ""Fill cavity."", ""Replace top of cake and spread rest of cream mixture on top and sides of cake.   Sprinkle with 1/3 cup shaved  toasted almonds."", ""Chill 3 hrs.  or more before  serving."")"
000153,*153*,Amish Friendship Bread and Starter,1540,gowiththefro,PT1H10M,PT0S,PT1H10M,1999-09-06T21:41:00Z,"Many recipes have been posted for the Amish bread, but none have included the starter, so I thought I'd send this along.  Happy baking!  Amish Friendship Bread and Starter","c(""https://img.sndimg.com/food/image/upload/w_555,h_416,c_fit,fl_progressive,q_95/v1/img/recipes/15/3/picjFhmLD.jpg"", ""https://img.sndimg.com/food/image/upload/w_555,h_416,c_fit,fl_progressive,q_95/v1/img/recipes/15/3/picldR2s3.jpg"", ""https://img.sndimg.com/food/image/upload/w_555,h_416,c_fit,fl_progressive,q_95/v1/img/recipes/15/3/picqwMJR8.jpg"")",Quick Breads,"c(""Breads"", ""Oven"", ""< 4 Hours"", ""Easy"")","c(""3"", ""3"", ""3"", ""1"", ""1/2"", ""3"", ""1"", ""2"", ""1"", ""1 1/2"", ""2"", ""1/2"", ""1/2"", ""1"", ""1"", ""1"", ""1/2"")","c(""sugar"", ""milk"", ""flour"", ""milk"", ""eggs"", ""vanilla extract"", ""flour"", ""sugar"", ""baking powder"", ""cinnamon"", ""salt"", ""baking soda"", ""instant vanilla pudding"", ""cinnamon"", ""sugar"")",5,50,615.9,21.3,4,42.4,374.9,100,2.3,65.2,8.5,NA,16-18 squares,"c(""Place ONE cup each sugar, milk, and flour in large glass or plastic bowl."", ""Cover lightly with plastic wrap and set on your counter at room temperature. Stir with a wooden spoon everyday for 17 days."", ""On day 18 do nothing."", ""On days 19, 20, and 21, stir."", ""On day 22, add 1 cup sugar, 1 cup milk, and 1 cup flour, and stir again."", ""On days 23, 24, 25, and 26 stir."", ""On day 27, add 1 cup milk, 1 cup flour, and 1 cup sugar and stir."", ""It's now ready to use to make the bread."", ""Give away two cups of the starter to two friends, use one to make the bread, and keep one to keep the starter going.  When you give away a cup of the starter, give these directions for keeping it going:  Do not refrigerate; Do not use metal spoon or metal bowl; Do not cover tightly, cover loosely with plastic wrap."", 
""AMISH FRIENDSHIP BREAD:  Mix oil, eggs, and vanilla with the starter mix."", ""In a separate bowl, mix flour, sugar, baking powder, cinnamon, salt, baking soda, vanilla pudding mix, and nuts."", ""Add to liquid mixture and stir thoroughly."", ""Pour into two large well-greased 9x5 inch loaf pans, or one Bundt pan, that have been sprinkled with a mixture of cinnamon, sugar, and flour."", ""Sprinkle more cinnamon and sugar on the tops of the unbaked loaves (or cake).  Bake at 325F for one hour or until done.""
)"
000154,*154*,Amish Cornbread,1539,opal Fitzgerald,PT32M,PT5M,PT37M,1999-09-01T05:22:00Z,Make and share this Amish Cornbread recipe from Food.com.,character(0),Sourdough Breads,"c(""Yeast Breads"", ""Quick Breads"", ""Breads"", ""Lunch/Snacks"", ""< 60 Mins"", ""Oven"", ""Easy"")","c(""1"", ""2"", ""1 1/2"", ""2"", ""1/2"", ""1 1/2"", ""1/4"", ""3/4"", ""1/2"", ""1"")","c(""Amish Friendship Starter"", ""eggs"", ""milk"", ""sugar"", ""flour"", ""cornmeal"", ""baking soda"", ""salt"", ""baking powder"")",5,2,1792.5,85,20.6,474.2,3580.5,217.9,15.1,10.5,45.9,NA,1 9inch pan,"c(""Combine all above in large bowl and beat at medium speed for 2 minutes."", ""Add:  oil, baking soda, salt, and baking powder Mix well and pour in well greased 9\"" pan."", ""Bake at 425*F 25-30 minutes."")"
000155,*155*,Light Cucumber Soup,1530,Carole Reu,PT8H,PT15M,PT8H15M,1999-09-07T16:24:00Z,Make and share this Light Cucumber Soup recipe from Food.com.,"c(""https://img.sndimg.com/food/image/upload/w_555,h_416,c_fit,fl_progressive,q_95/v1/img/recipes/15/5/jAqyjMulRhqQ8Jkd5Ch8_DSC_7660.JPG"", ""https://img.sndimg.com/food/image/upload/w_555,h_416,c_fit,fl_progressive,q_95/v1/img/recipes/15/5/pickuBJGX.jpg"")",Low Protein,"c(""Low Cholesterol"", ""Healthy"", ""Weeknight"", ""Easy"")","c(""2"", ""1 1/4"", ""1"", ""1"", ""4"", ""2"", ""1"", ""1/4"")","c(""cucumbers"", ""nonfat sour cream"", ""low sodium chicken broth"", ""onion"", ""fresh parsley"", ""fresh dill"", ""dill weed"", ""lemon juice"", ""white pepper"")",4.5,26,113.7,1.6,0.8,7.2,80,20.3,1.1,9.2,6.2,4,NA,"c(""Cut cucumbers into large chunks; place in a blender with remaining ingredients."", ""Puree; pour into bowl."", ""Cover and refrigerate for at least 8 hours."")"
000156,*156*,Cold Celery,1543,Doreen Randal,NA,PT40M,PT40M,1999-08-27T05:11:00Z,Make and share this Cold Celery recipe from Food.com.,character(0),Lunch/Snacks,"c(""Low Protein"", ""Low Cholesterol"", ""< 60 Mins"", ""Easy"")","c(""1"", ""1"", ""1"", ""1"", ""1"")","c(""celery"", ""salt"", ""soy sauce"", ""brown sugar"")",3,2,135.1,5.3,0.8,0,1546.3,19.7,7.8,13.5,5.2,1,NA,"c(""Wash the celery and cut into 1 inch lengths."", ""Put into a large pan, cover with cold water and bring to the boil, drain and immediately cover with water."", ""Chill completely under cold running water."", ""Drain."", ""Add the salt, soy sauce, sugar and sesame oil."", ""Mix well and serve chilled."")"
000157,*157*,Coconut-Lemon Macaroons,1543,Doreen Randal,PT30M,PT35M,PT1H5M,1999-09-03T05:32:00Z,Make and share this Coconut-Lemon Macaroons recipe from Food.com.,character(0),Dessert,"c(""Coconut"", ""Fruit"", ""Nuts"", ""Weeknight"", ""Oven"", ""< 4 Hours"")","c(""2 2/3"", ""1"", ""4"", ""1"", ""2"", ""1/3"")","c(""coconut"", ""sugar"", ""lemon juice"", ""lemons, rind of"", ""flour"")",NA,NA,2495,147,129.8,0,304,287.6,38.2,217.9,34.4,NA,1 batch,"c(""In a medium pan combine coconut, sugar, 1 egg white, lemon rind and strained lemon juice.  Stir over a low heat until lukewarm, cool."", ""Beat remaining egg whites until soft peaks form."", ""Gradually fold egg whites into cooled mixture.  Add sifted flour, combine gently."", ""Place mixture in heaped teaspoonfuls on greased oven trays which have been lightly dusted with cornflour."", ""Bake in slow oven 30 minutes."", ""Cool on trays."")"
000158,*158*,Chicken Flambe,1533,Dancer,PT35M,PT35M,PT1H10M,1999-08-14T06:11:00Z,Make and share this Chicken Flambe recipe from Food.com.,character(0),Chicken Breast,"c(""Chicken"", ""Poultry"", ""Meat"", ""Weeknight"", ""Oven"", ""< 4 Hours"")","c(""1"", NA, ""2"", ""1/2"", ""2"", ""1/3"", ""1"", ""2"", ""4"", ""2"")","c(""boneless skinless chicken breast"", ""onion"", ""portabella mushroom caps"", ""dry white wine"", ""butter"", ""margarine"", ""flour"")",NA,NA,304.6,14.6,4.5,88,158.6,6.6,0.8,2.2,25.6,4,NA,"c(""Preheat oven to  350  F."", ""Lightly season the chicken breasts with salt and pepper."", ""In a large skillet over medium heat, brown chicken breasts on both sides."", ""Add onions and mushrooms and stir cook until the onions soften."", ""Transfer mixture to a shallow casserole dish and bake, uncovered, for 15 minutes."", ""In a small sauce pan warm the orange liqueur over low heat (should be lukewarm, not hot). Take the casserole out of the oven."", ""Pour the liqueur over the chicken and vegetables and ignite it. When the flames die out, add the wine and return the casserole to the oven for another 15 minutes or until chicken breasts are no longer pink inside. Remove the casserole from the oven."", 
""Arrange the chicken and vegetables on a warm platter and keep hot. Mix butter and flour to make a paste. Stir this into the pan juices, add cream and simmer over low heat for 5 minutes until thickened."", ""Pour sauce over chicken."", ""Serve with wild rice and vegetables."")"
000159,*159*,Chicken Curry,148316,- Carla -,PT42M,PT1H5M,PT1H47M,1999-08-15T07:42:00Z,"Accompany curry with  pappadams and chutney.  This particular combination of spices, which includes  cardamom and cinnamon, gives a mild heat and rich fragrance to  the dish.  You can adjust the spices to suit your taste.","c(""https://img.sndimg.com/food/image/upload/w_555,h_416,c_fit,fl_progressive,q_95/v1/img/recipes/15/9/picsDFqlH.jpg"", ""https://img.sndimg.com/food/image/upload/w_555,h_416,c_fit,fl_progressive,q_95/v1/img/recipes/15/9/picQp6jJX.jpg"", ""https://img.sndimg.com/food/image/upload/w_555,h_416,c_fit,fl_progressive,q_95/v1/img/recipes/15/9/picrxdPdC.jpg"")",Curries,"c(""Chicken"", ""Poultry"", ""Meat"", ""Asian"", ""Indian"", ""Weeknight"", ""< 4 Hours"")","c(""2 1/2"", ""2"", ""1/8"", ""1/2"", ""1/2"", ""1"", ""1"", ""1/2"", ""2"", ""2"", ""2"", ""2"", ""3"", ""2"", ""1"", ""3"", ""2"", ""1 1/2"", ""1/4"", ""3/4"", ""1/2"", NA, NA, NA, NA)","c(""cumin seeds"", ""red pepper flakes"", ""turmeric"", ""ginger"", ""clove"", ""salt"", ""black pepper"", ""boneless skinless chicken breasts"", ""butter"", ""fresh ginger"", ""garlic"", ""onions"", ""cinnamon sticks"", ""bay leaf"", ""cardamom pods"", ""whole canned tomatoes"", ""plain yogurt"", ""golden raisin"", ""fresh cilantro"", ""basmati rice"", ""cashews"", ""mango chutney"")",5,16,360.1,10.7,4.9,93.2,1251.6,38,4.6,23.5,31.1,4,NA,"c(""In a dry skillet over medium heat, toast coriander and cumin  seeds until fragrant, 1 to 2 minutes."", ""Transfer to spice grinder, add  crushed red-pepper flakes, and grind to a powder."", ""Place in a small  bowl, and add turmeric, ginger, cloves, salt, and black pepper."", ""Add  chicken, and toss to coat. Heat peanut oil in a large pot over medium-high heat.  Add  chicken, cooking until browned, 3 to 5 minutes."", ""Remove chicken."", ""Set  aside. Reduce heat, and add ginger, garlic, and onions."", 
""Cook until  softened and deep-brown in color, 8 to 10 minutes."", ""Add cinnamon  sticks, bay leaf, and cardamom pods; cook for 10 minutes."", ""Add  tomatoes, chicken stock, and cooked chicken."", ""Raise heat to medium  high, and cook until liquid is reduced, about 15 minutes."", ""Meanwhile,  toast pappadams."", ""Reduce heat to low, and stir in yogurt and  raisins."", ""Cook until warmed throughout; add cilantro."", ""Serve with  basmati rice, and garnish with cashews."")"
000160,*160*,Chicken Goulash on a Sour Cream Crust,1543,Doreen Randal,PT55M,PT30M,PT1H25M,1999-08-11T05:00:00Z,Make and share this Chicken Goulash on a Sour Cream Crust recipe from Food.com.,character(0),Chicken Breast,"c(""Chicken"", ""Poultry"", ""Meat"", ""Weeknight"", ""Oven"", ""< 4 Hours"")","c(""2"", ""2"", ""500"", ""1 1/2"", ""2"", ""1"", ""125"", ""125"", ""3"", ""125"", ""315"", ""1"", ""185"", ""1"")","c(""olive oil"", ""red onions"", ""boneless chicken"", ""paprika"", ""seasoned flour"", ""tomato paste"", ""red wine"", ""plain yogurt"", ""butter"", ""sour cream"", ""egg"", ""self raising flour"", ""parsley"")",NA,NA,695.5,46.4,22,166.1,275.1,41.8,2.6,3.7,24.2,6,NA,"c(""Lightly saute the onions in 1 Tbsp of the oil until golden."", ""Meanwhile place the seasoned flour and paprika in a mixing bowl, add the chicken to coat.  Remove the onions from the pan, Add the rest of the oil and saute the chicken for 2 - 3 minutes."", ""Return onions to the pan, add the tomato paste, wine and stock."", ""Bring to the boil and simmer for 6 - 7 minutes."", ""Remove pan from the heat and stir in the yoghurt.  (This can be made in advance and stored in the refrigerator.) CRUST Place the butter, sour cream and egg into a bowl, mix to combine. Stir in the flour and parsley to form a soft dough."", 
""Press the dough into a lightly greased casserole or flan dish, working it well up the sides to a thickness of 12 mm."", ""Spoon the filling, cover and bake at 180C for 35 minutes."", ""Uncover and bake for a further 10 minutes or until golden and crusty."")"
000161,*161*,Chicken in Pizza Dough,193853,MirandaLee,PT2H35M,PT1H15M,PT3H50M,1999-08-23T20:54:00Z,Make and share this Chicken in Pizza Dough recipe from Food.com.,character(0),Chicken Breast,"c(""Chicken"", ""Poultry"", ""Meat"", ""Healthy"", ""Weeknight"", ""Oven"", ""< 4 Hours"")","c(""1"", ""1"", ""1"", ""1"", ""1"", ""1 1/2"", ""4"")","c(""chicken breast"", ""egg"", ""active dry yeast"", ""sugar"", ""salt"", ""water"", ""all-purpose flour"")",5,2,545,5.9,1.6,69.7,628,97.3,3.9,1.4,22.8,NA,NA,"c(""Prepare pizza dough (see recipe following).  While dough rises, prepare baked  chicken and vegetables."", ""After dough has risen and chicken has finished baking,  turn  dough onto a lightly floured board."", ""Cut off a small piece of  dough the  size of a tennis ball to use for a top decoration."", ""Form remaining dough into a  ball and roll out to a 12 x 17-inch  rectangle. Place chicken, breast side down, in the middle  of the dough."", ""Arrange vegetables around chicken."", ""Wrap sides  and  ends of dough over chicken."", 
""Turn right side up and place  on a baking sheet.  Brush surface with beaten egg."", ""Roll out  reserved piece of dough."", ""Using a cookie cutter, cut out a  design and place on top of dough wrapped chicken."", ""Brush with  egg."", ""Bake in pre-  heated 425 degrees oven for 30 minutes, until  golden brown."", ""To serve, let everyone tear off the bread, then cut up  the chicken."", ""PIZZA DOUGH: Dissolve yeast, sugar and salt in warm water."", ""In  large bowl,  combine 2 cups of flour and yeast  mixture; beat with an electric mixer several  minutes."", 
""Stir in enough  additional flour to make a stiff dough."", ""Turn out on a   floured board and knead 5 minutes until smooth and elastic. Place  dough in a  lightly oiled bowl; turn to coat surface of dough  with oil."", ""Cover with a damp  cloth and let rise in a warm  place until double in bulk (about 2 hours)."")"
000162,*162*,Chicken Lasagna,1562,Libby1,PT2H,PT30M,PT2H30M,1999-09-20T19:42:00Z,Make and share this Chicken Lasagna recipe from Food.com.,character(0),Chicken,"c(""Poultry"", ""Meat"", ""European"", ""Weeknight"", ""Oven"", ""< 4 Hours"")","c(""1"", ""1"", ""2"", ""1/3"", ""1"", ""1"", ""1"", ""3"", ""1 1/2"", ""1/4"", ""4"", NA, NA)","c(""onion"", ""green pepper"", ""skim milk"", ""fresh mushrooms"", ""pimiento"", ""dried basil"", ""nonfat cottage cheese"", ""mozzarella cheese"", ""parmesan cheese"", ""chicken"", ""cheddar cheese"")",5,2,209.3,10.3,4.7,29.4,693.5,10.9,0.8,3.1,18.1,8,NA,"c(""Mix filling ingredients in large bowl."", ""Spread 1 cup filling on bottom of each of 2 8x8 pans."", ""Cook noodles for 3 min (or not at all). Break noodles to fit pans and layer over filling."", ""Repeat. Evenly divide remaining filling for the final layer."", ""Sprinkle with paprika."", ""Freeze. To serve, sprinkle cheddar cheese on top and bake from frozen to done for 1-2 hours at 400 deg."")"
000163,*163*,Chicken Liver Pate,1599,Mays Pearls of Wisd,PT3H,PT35M,PT3H35M,1999-08-11T05:12:00Z,Make and share this Chicken Liver Pate recipe from Food.com.,character(0),Chicken Livers,"c(""Chicken"", ""Beef Organ Meats"", ""Beef Liver"", ""Poultry"", ""Meat"", ""European"", ""Very Low Carbs"", ""Free Of..."", ""Weeknight"", ""< 4 Hours"")","c(""1/2"", ""4"", ""1/2"", ""1"", ""2"", ""2"", ""1/2"", ""1/2"", ""1"")","c(""butter"", ""cream cheese"", ""chicken liver"", ""onion"", ""chicken broth"", ""brandy"", ""paprika"", ""salt"", ""cayenne pepper"")",NA,NA,201.2,17.9,10.9,144.2,301.2,1.9,0.2,0.7,6.2,8,NA,"c(""Bring liver, onions, chicken broth, brandy to boil."", ""Cook 5 min."", ""Put in  blender."", ""Add paprika, salt and cayenne pepper."", ""Blend on high."", ""Add butter and cream cheese. Pour in a mold or container."", ""Let stand covered in refrigerator until  firm about 3 hours."", ""Serve with crackers or party rye.                    - - - - - - - - - - - - - - - - - -"")"
000164,*164*,Chicken Liver Pate II,1600,Leon  Miriam Posvol,PT1H,PT15M,PT1H15M,1999-08-18T04:17:00Z,Make and share this Chicken Liver Pate II recipe from Food.com.,character(0),Chicken Livers,"c(""Chicken"", ""Beef Organ Meats"", ""Beef Liver"", ""Poultry"", ""Meat"", ""European"", ""Free Of..."", ""Weeknight"", ""< 4 Hours"")","c(""3"", ""1/2"", ""3"", ""1/2"", ""1"", ""1/2"", ""1"", ""1/2"", ""2"", ""2"", ""1"", ""2"", ""1"")","c(""chicken livers"", ""heavy cream"", ""butter"", ""onion"", ""garlic"", ""allspice"", ""bay leaf"", ""peppercorn"", ""dried funghi porcini"", ""white mushrooms"", ""madeira wine"", ""cognac"", ""shallot"")",5,1,233.6,21,12.8,146.5,93.5,6.6,1.4,0.8,5.8,4,NA,"c(""Marinate livers in the cognac overnight. Drain Soak dried mushroom in hot water  for 1 hour."", ""Drain it squeezing out all the liquid Melt 1 tbs butter in a pan Add the livers, onion, mushroom and garlic. Cook until almost all the red has  disappeared."", ""Add the cream, the funghi,  and the spices and cook to reduce by  half over high heat. Turn off heat, process everything and mix in the butter  while still hot.."", ""Pour into a mold and refrigerate If you like you may top it  with gelatin"")"
000165,*165*,Coconut Shrimp With Orange Mustard Sauce,1612,JANIC412,NA,PT45M,PT45M,1999-08-25T06:31:00Z,Make and share this Coconut Shrimp With Orange Mustard Sauce recipe from Food.com.,character(0),Coconut,"c(""Fruit"", ""Nuts"", ""< 60 Mins"")","c(""1 1/4"", ""1 1/3"", ""1"", ""1/4"", ""1/8"", ""1 1/4"", ""2"", NA, ""1/4"", ""2"", ""1/4"", ""2"", ""2"")","c(""shrimp"", ""all-purpose flour"", ""salt"", ""pepper"", ""paprika"", ""beer"", ""coconut"", ""orange marmalade"", ""orange marmalade"", ""Dijon mustard"")",5,2,2620.3,118.8,98.5,714.4,6021.8,274.4,34.5,93,109.9,NA,1 cup,"c(""Peel and devein the shrimp leaving the tails intact. Combine flour, salt, pepper and paprika in a medium bowl, stirring well."", ""Make a well in center of the flour mixture. Gradually add beer stirring until batter is smooth."", ""Dip shrimp in batter then dredge in the coconut. Fry shrimp in hot oil until lightly browned."", ""Drain in paper towels."", ""Orange Mustard Sauce:  Combine marmalade, juice and mustard in a small bowl, stirring well.  Makes 1 cup."", ""Jan."")"
000166,*166*,Chicken Liver Pate III,1547,Morton Design Graph,PT13H3M,PT1H15M,PT14H18M,1999-08-18T04:50:00Z,Make and share this Chicken Liver Pate III recipe from Food.com.,character(0),Chicken Livers,"c(""Chicken"", ""Beef Organ Meats"", ""Beef Liver"", ""Poultry"", ""Meat"", ""European"", ""Very Low Carbs"", ""Free Of..."", ""Weeknight"")","c(""4"", ""8"", ""2"", ""1"", ""1"", ""3"", ""8"", ""8"")","c(""chicken livers"", ""unsalted butter"", ""onions"", ""fine salt"", ""white pepper"", ""brandy"", ""heavy cream"", ""bacon"")",NA,NA,968.4,72,40,1418.7,747.2,2.8,0.3,0.6,63.1,NA,5 pounds (2.25 kg),"c(""Using a large skillet, sweat the livers in 4 oz of the butter."", ""After 3 minutes,  add the onion, salt, and pepper."", ""Cook until the livers are just off-pink."", ""Set  aside and hold warm."", ""Line a 2 l/2quart mold with a single layer of the bacon  slices."", ""Chill the mold."", ""Puree the liver and onion mixture in a food processor."", ""Gently warm the remaining butter."", ""Add to the livers with the brandy and cream."", ""Mix again to assure uniformity Pour into the well-chilled mold."", ""Place the mold  in a water bath that reaches to I in."", 
""(2.5 cm) from the top of the mold."", ""Bake  45-60 minutes at 3250F (1630C) until the pate sets."", ""Shake the pan gently to  observe the texture. A metal cake tester should come out clean."", ""The time will  vary depending on the thickness of the mold."", ""Record the time for future  reference. Remove from the oven and water bath."", ""Cover and chill for a minimum of 12 hours."", ""Unmold, plate, and garnish for presentation."")"
000167,*167*,Appetizers-Easy Stuffed Mushrooms,1542,ann joy,PT7M,PT35M,PT42M,1999-09-07T18:07:00Z,"Hi,  Here is a great recipe for Stuffed Mushrooms that is easy to make and is usually goes over well.   You can make these a day ahead and bake before serving.","""https://img.sndimg.com/food/image/upload/w_555,h_416,c_fit,fl_progressive,q_95/v1/img/recipes/16/7/pictKxvMg.jpg""",< 60 Mins,"""Oven""","c(""8"", ""3"", ""1/4"", ""1/4"", ""1/4"", ""1"", ""1"", ""1/4"", ""1/8"")","c(""fresh mushrooms"", ""butter"", ""celery"", ""onion"", ""Worcestershire sauce"", ""parsley flakes"", ""salt"", ""oregano"")",5,20,81.8,6.2,3.7,15.3,195.8,5.5,0.8,1.5,2,6,NA,"c(""Wash and dry the mushrooms."", ""Remove and chop the stems."", ""Melt butter in a 12 inch skillet over medium high heat.  Add the mushroom stems, celery and  onion."", ""Saute until the onion is translucent, stirring occasionally."", ""Stir in the bread crumbs, Worcestershire Sauce and seasonings."", ""Mound the stuffing onto the mushroom caps."", ""Arrange caps on a greased baking sheet.  Bake for 5-7  minutes, or until thoroughly heated."", ""If you like mushrooms, you will like this!"")"
000168,*168*,Anzac Biscuits,1775,kitka9,PT15M,PT10M,PT25M,1999-08-19T05:14:00Z,"These biscuits (cookies in America) are called Anzacs because they were baked by Australian women and sent to their ANZAC soldier sons/husbands serving in Europe and Middle east during WW I. It was more like 2 months before they were received back then, so they certainly do travel well! :-)  ** Please note that 1 Australian Tablespoon =  20 mls whereas in most others countries it = 15 mls.  Anzac Biscuits","c(""https://img.sndimg.com/food/image/upload/w_555,h_416,c_fit,fl_progressive,q_95/v1/img/recipes/16/8/pic2xDQsB.jpg"", ""https://img.sndimg.com/food/image/upload/w_555,h_416,c_fit,fl_progressive,q_95/v1/img/recipes/16/8/pic6PPzfZ.jpg"", ""https://img.sndimg.com/food/image/upload/w_555,h_416,c_fit,fl_progressive,q_95/v1/img/recipes/16/8/pic486uc6.jpg"", ""https://img.sndimg.com/food/image/upload/w_555,h_416,c_fit,fl_progressive,q_95/v1/img/recipes/16/8/picBnYQ3Z.jpg"", ""https://img.sndimg.com/food/image/upload/w_555,h_416,c_fit,fl_progressive,q_95/v1/img/recipes/16/8/pictsjgNN.jpg"", 
""https://img.sndimg.com/food/image/upload/w_555,h_416,c_fit,fl_progressive,q_95/v1/img/recipes/16/8/picFK8yDB.jpg"", ""https://img.sndimg.com/food/image/upload/w_555,h_416,c_fit,fl_progressive,q_95/v1/img/recipes/16/8/picw7fBt6.jpg"")",< 30 Mins,"""Oven""","c(""1"", ""1"", ""1/2"", ""3/4"", ""1"", ""125"", ""1/2"", ""1"")","c(""rolled oats"", ""plain flour"", ""sugar"", ""golden syrup"", ""butter"", ""bicarbonate of soda"", ""water"")",5,32,199.4,10.4,6.8,22.3,143.4,25,1.5,10.9,2.2,12,12-24 cookies,"c(""Mix oats, flour, sugar and coconut together."", ""Melt syrup and butter together."", ""Mix the bicarb with boiling water and add to butter and syrup mixture.  Add this to dry ingredients."", ""Place tablespoonsful of the mixture on a greased oven slide (cookie sheet).  Bake at 150 - 160 C (300-325F) for 20 minutes."", ""Good luck."")"
000169,*169*,Ancho Chile Rub,1533,Dancer,NA,PT10M,PT10M,1999-08-09T04:56:00Z,Make and share this Ancho Chile Rub recipe from Food.com.,character(0),Free Of...,"c(""< 15 Mins"", ""Easy"")","c(""1 1/2"", ""1/2"", ""1"", ""1"", ""1"", ""1"", ""1"", ""1 1/2"")","c(""dried ancho chiles"", ""mild chili powder"", ""hot chili powder"", ""chimayo chili powder"", ""cayenne pepper"", ""black pepper"", ""salt"", ""chipotle paste"")",NA,NA,75.5,2.7,0.4,0,3658.7,14.2,7.3,0.8,3.3,NA,2 cups,"c(""Combine ancho chiles, mild chili powder, hot chili powder, chimayo chili powder, cayenne pepper, black pepper, salt, and chipotle paste in a large bowl."", ""Makes about 2 cups."")"
000170,*170*,Amish Six Layer Dinner,1534,Tonkcats,PT2H,PT0S,PT2H,1999-09-18T22:22:00Z,Make and share this Amish Six Layer Dinner recipe from Food.com.,character(0),Vegetable,"c(""Meat"", ""Low Cholesterol"", ""Weeknight"", ""Oven"", ""< 4 Hours"")","c(""2"", ""2"", ""2"", ""1/2"", ""2"", ""1/4"", ""1"", ""2"", NA)","c(""ground beef"", ""raw potatoes"", ""celery"", ""onion"", ""salt"", ""pepper"", ""green pepper"", ""canned tomatoes"", ""onion"")",4,8,338.4,16.9,6.5,74.8,1453.8,23.1,4.7,6.1,23.8,4,NA,"c(""Grease a casserole dish."", ""Sprinkle each layer with salt and pepper before adding the next layer.  Place potatoes in the bottom of the casserole.  Add the layer of  celery.  Add the layer of hamburger.  Add the layer of onions.  Add the green  pepper."", ""Pour the tomatoes over the mixture."", ""Bake for 2 hours at 350°F (I  cover with foil after about an hour)."")"
000171,*171*,Chicken on Sunday  (Or Whenever),1548,Peggy Benisch,PT2H,PT35M,PT2H35M,1999-08-28T00:27:00Z,Make and share this Chicken on Sunday  (Or Whenever) recipe from Food.com.,character(0),Whole Chicken,"c(""Chicken"", ""White Rice"", ""Poultry"", ""Rice"", ""Meat"", ""Weeknight"", ""Oven"", ""< 4 Hours"")","c(""1"", ""1"", ""1"", ""1 1/2"", ""1"", NA, NA, NA)","c(""Minute Rice"", ""milk"", ""chicken parts"", ""seasoning salt"", ""pepper"", ""curry"")",4,1,951.2,31.8,9.5,129.1,769.2,118.7,2.8,1.5,42.4,6,NA,"c(""Grease large 9x13-inch pan."", ""Heat soups and milk together in a large saucepan."", ""Stir in Minute Rice (you want the mixture to be rather juicy). Pour into 9x13-inch pan."", ""Place chicken part on top and then sprinkle with seasoning salt, pepper and curry lightly."", ""Cover all with foil."", ""Bake at 325°F for 2 hours and 15 minutes."", ""I have baked this on a higher temp with less baking time but, you have to watch that you don't make the rice get hard and crusty by doing so."")"
000172,*172*,Chicken Pot Pie Lasagna,1562,Libby1,PT1H35M,PT35M,PT2H10M,1999-09-20T19:45:00Z,Make and share this Chicken Pot Pie Lasagna recipe from Food.com.,character(0),Savory Pies,"c(""One Dish Meal"", ""Chicken Breast"", ""Chicken"", ""Poultry"", ""Meat"", ""European"", ""Weeknight"", ""Oven"", ""< 4 Hours"")","c(NA, ""1"", ""3"", ""1"", ""1/2"", ""1"", ""1"", ""1/2"", ""1/2"", ""3 1/2"", ""1/2"", ""1/4"", ""1"", ""1 1/2"", ""1/2"")","c(""boneless chicken breast"", ""fresh mushrooms"", ""carrot"", ""spring onion"", ""frozen green pea"", ""thyme"", ""salt"", ""all-purpose flour"", ""skim milk"", ""dry sherry"", ""low-fat ricotta cheese"", ""part-skim mozzarella cheese"", ""lowfat swiss cheese"")",5,8,334.8,13.8,7.2,68.1,517.3,19.2,2.1,3.2,30.8,10,NA,"c(""Prepare pasta according to package directions."", ""Spray a Dutch oven or large   skillet with cooking spray; place over medium-high heat until hot. Add  chicken  and saute 4 minutes or until cooked through."", ""Drain well and set  aside.   Recoat Dutch oven with cooking spray and place over medium-high heat until   hot. Add  mushrooms, carrots and onions; saute 6 minutes."", ""Set aside.  Place flour in a  medium saucepan."", ""Gradually add milk, stirring with a wire   whisk until blended; stir in sherry."", 
""Bring to a boil over medium heat and  cook for 5 minutes or  until thickened, stirring constantly."", ""Stir in salt  and  red pepper."", ""Reserve one cup of sauce and set aside.  In a bowl, combine ricotta cheese, 1 cup mozzarella cheese and Swiss  cheese.  Preheat oven to 350 degrees."", ""Spread 1 cup of the  sauce over the bottom of  a  13 x9 x 2-inch pan."", ""Arrange 4 pieces of the lasagne (3 lengthwise, 1  widthwise)over the sauce. Top with half of ricotta cheese  mixture, half of   chicken mixture and half of remaining sauce mixture.   Repeat layers, ending with 4 pieces of lasagne. Spread reserved 1 cup of  sauce over  the last complete layer of lasagne, being sure to cover the  lasagne completely."", 
""Cover lasagne with foil and bake 1 hour."", ""Uncover  lasagne,  sprinkle remaining  1/2 cup mozzarella cheese on top and bake an additional  5  minutes uncovered."", ""Re-cover and let stand 15 minutes before serving."")"
000173,*173*,Chicken Roll-Ups,55166,peppermintkitty,PT20M,PT50M,PT1H10M,1999-08-23T20:51:00Z,Make and share this Chicken Roll-Ups recipe from Food.com.,character(0),Chicken,"c(""Poultry"", ""Meat"", ""Weeknight"", ""Oven"", ""< 4 Hours"")","c(""2"", ""4"", ""2"", ""2"", ""2"", ""2"", ""1/4"", ""1"", ""1"", NA, NA)","c(""chicken"", ""cream cheese"", ""butter"", ""margarine"", ""onions"", ""chives"", ""pimientos"", ""milk"", ""salt"", ""pepper"", ""croutons"", ""butter"", ""margarine"")",5,8,330.7,19.4,10.2,76,552.7,31.8,2.3,3.7,7.5,4,NA,"c(""Boil chicken until done and no pink remains."", ""Cool and chop into  small cubes."", ""In a large bowl, mix together the cream cheese, butter, onion,  pimento, milk,  salt, and pepper."", ""Stir in chicken and set aside.  Open crescent rolls and place each piece of dough flat on a  lightly greased baking sheet.  Place several  tablespoons of chicken mixture on the center of  each piece of dough."", ""Roll up  dough around the chicken mixture making sure are  edges are sealed."", ""Dip each  chicken roll in melted butter and roll in the crushed  croutons or corn flakes  (optional). Place on baking sheet.  Bake at 350°F for 15-20 minutes or  until golden brown."", 
""Serve with chicken gravy if desired."", ""To make chicken  gravy add 1 can cream of chicken soup to a  small saucepan."", ""Add 1 tablespoon  fresh lemon juice and stir well."", ""Add milk or sour cream to thin to desired  consistency."", ""Cook over  low heat until hot. Serve over chicken roll-ups."")"
000174,*174*,Chicken Supreme with Mushrooms,1543,Doreen Randal,PT1H,PT50M,PT1H50M,1999-09-13T03:21:00Z,Make and share this Chicken Supreme with Mushrooms recipe from Food.com.,character(0),Chicken Breast,"c(""Chicken"", ""Poultry"", ""Meat"", ""Very Low Carbs"", ""Weeknight"", ""Oven"", ""Freezer"", ""< 4 Hours"")","c(""65"", ""2"", ""125"", NA, ""4"", ""1"", ""4"", ""4"")","c(""butter"", ""onions"", ""mushrooms"", ""dry white wine"", ""tomato puree"", ""boneless chicken breasts"")",5,1,411,26.8,12.2,128,209.7,7.3,1,3.2,32,4,NA,"c(""Melt 15g of the butter in a pan."", ""Add the onions and saute until soft. Add the  mushrooms and salt and pepper to taste and cook until soft. Add the wine, tomato puree and stock and continue cooking, stirring, until the liquid is well  concentrated; chill."", ""Beat out the chicken breasts to an even thickness and place each one on a sheet of foil."", ""Divide the mushrooms mixture between them and dot  with the remaining butter."", ""Fold the foil over the top and seal the edges."", ""TO FREEZE Place parcels on a baking sheet and freeze, then pack in a plastic  bag."", 
""Seal, label and return to the freezer."", ""TO SERVE Place the foil parcels on a baking sheet. Cook from frozen in a  preheated hot oven, 220 C , for about 1 hour."", ""Remove the foil and sprinkle with  parsley."")"
000175,*175*,Cola Roast,1540,gowiththefro,PT3H,PT15M,PT3H15M,1999-08-22T05:10:00Z,Make and share this Cola Roast recipe from Food.com.,character(0),Free Of...,"c(""Weeknight"", ""Roast"", ""Oven"", ""< 4 Hours"")","c(""1"", ""1/2"", ""1/2"", ""3"", ""1"", ""12"", ""2"", ""2"", ""1"")","c(""salt"", ""pepper"", ""garlic powder"", ""chili sauce"", ""Worcestershire sauce"")",4.5,7,632,24.9,7,211.2,2236.9,27.6,5.2,17.6,73.1,4,NA,"c(""Preheat oven to 325F."", ""In a small bowl, combine the salt, pepper, and garlic powder; rub over surface of roast.  In a Dutch oven, heat the oil to hot and brown roast on all sides."", ""Transfer roast to roasting pan."", ""Combine all the remaining ingredients; pour over roast.  Cover and roast for 2 1/2-3 hours until tender."")"
000176,*176*,Cola Cake,1613,george nuckols,PT35M,PT20M,PT55M,1999-08-22T04:41:00Z,Make and share this Cola Cake recipe from Food.com.,character(0),Dessert,"c(""< 60 Mins"", ""Oven"")","c(""2"", ""1 3/4"", ""3"", ""1"", ""1/2"", ""1"", ""1"", ""1"", ""2"", ""1 1/2"")","c(""flour"", ""white sugar"", ""baking soda"", ""buttermilk"", ""butter"", ""margarine"", ""vanilla"", ""eggs"", ""miniature marshmallows"")",5,1,560.7,24.9,15.1,108.1,403.6,80.2,1.2,52.8,6.1,8,NA,"c(""Beat all but eggs and marshmallows for two minutes."", ""Add eggs and beat two minutes more.  Stir in marshmallows."", ""Bake in 9 X 13 pan for 35 minutes."", ""FROSTING: 1/2 cup butter or margarine  3 tablespoon cocoa 1 pound powdered sugar 1/3 cup Coke or Pepsi 1 cup chopped nuts Mix butter, cocoa, sugar and Coke well together and add chopped nuts."", ""Pour over hot cake."")"
000177,*177*,Chicken Sate with Peanut Sauce,1601,Gilcat2,NA,PT20M,PT20M,1999-09-04T20:35:00Z,"We prefer the chicken breasts whole, with the sauce accompanying, but you can cut it into chunks and skewer it if you prefer.  The sauce is SO good that I eat the leftovers with a spoon!  (Also very good on toasted English muffins...)",character(0),Chicken Breast,"c(""Chicken"", ""Poultry"", ""Fruit"", ""Nuts"", ""Meat"", ""Thai"", ""Asian"", ""High Protein"", ""High In..."", ""Broil/Grill"", ""< 30 Mins"", ""Oven"")","c(""6"", ""1/4"", ""2"", ""1/2"", ""1"", ""1"", ""1"", ""1/4"", ""1"", ""1"", ""2"", ""1"", ""1/4"", ""1/2"", ""2"")","c(""boneless skinless chicken breast halves"", ""soy sauce"", ""lime juice"", ""butter"", ""onion"", ""olive oil"", ""cayenne"", ""soy sauce"", ""sugar"", ""garlic"", ""ginger"", ""salt"", ""lime juice"")",5,11,527.6,37.9,13,109.1,1525.5,12.2,3.4,3.2,38.2,6,NA,"c(""Combine butter, 1/4 cup soy sauce, coriander, and 2 Tbsp lime juice. Marinate chicken in this while you make peanut sauce:  Saute onion and garlic in oil  until tender."", ""Cool."", ""Place in blender, add everything else, and blend carefully."", ""Slowly and carefully add enough boiling water to form a thick paste.  Now, broil chicken until done, basting with marinade.  Serve with peanut sauce."")"
000178,*178*,Coconut Crunch Beans,1533,Dancer,PT48H3M,PT10M,PT48H13M,1999-08-09T04:09:00Z,Garden-fresh beans receive an exotic twist with a lightly spiced crunchy coconut and sesame seed topping.,character(0),Coconut,"c(""Beans"", ""Fruit"", ""Nuts"", ""Low Protein"", ""Free Of..."", ""Weeknight"")","c(""1"", ""4"", ""1/2"", ""1/4"", ""1/4"", ""1/4"", ""1"")","c(""sesame seeds"", ""butter"", ""unsweetened coconut"", ""chili powder"", ""turmeric"", ""salt"", ""green beans"")",4,1,269.9,23.4,18.8,10.1,191.6,15.5,8.8,3.7,4.5,4,NA,"c(""In nonstick skillet, cook sesame seeds, stirring, over medium heat for 2 minutes or until slightly golden."", ""Stir in half of the butter until melted."", ""Stir in coconut, chili powder, turmeric and salt; cook, stirring, for 1 minute or until coconut turns deep golden."", ""(Coconut mixture can be stored in airtight container at room temperature for up to 24 hours.) In large pot of boiling salted water, cook beans for 3 minutes; drain well."", ""(Beans can be prepared to this point, chilled under cold water, drained and refrigerated in towel-lined airtight container for up to 24 hours.) In nonstick skillet, melt remaining butter over medium heat; cook beans for about 3 minutes or until tender-crisp."", 
""Toss with coconut topping."")"
000179,*179*,Coconut Chicken Bites,1612,JANIC412,PT25M,PT40M,PT1H5M,1999-08-26T17:07:00Z,Make and share this Coconut Chicken Bites recipe from Food.com.,"c(""https://img.sndimg.com/food/image/upload/w_555,h_416,c_fit,fl_progressive,q_95/v1/img/recipes/17/9/picHQgcFk.jpg"", ""https://img.sndimg.com/food/image/upload/w_555,h_416,c_fit,fl_progressive,q_95/v1/img/recipes/17/9/picrgoOin.jpg"")",Lunch/Snacks,"c(""Chicken Breast"", ""Chicken"", ""Poultry"", ""Coconut"", ""Fruit"", ""Nuts"", ""Meat"", ""Weeknight"", ""Oven"", ""< 4 Hours"")","c(""1"", ""1"", ""1/2"", ""1/2"", ""1/4"", ""1/4"", ""1"", ""1/3"")","c(""chicken breast"", ""coconut"", ""flour"", ""salt"", ""black pepper"", ""garlic powder"", ""egg"", ""butter"")",5,29,1094.1,81.8,50.7,319.5,1046.4,34.6,7.9,3.3,57,2,NA,"c(""Heat oven to 400°F."", ""Mix flour, coconut, salt, pepper and garlic powder together."", ""Dip chicken bites in the egg, then in the flour mixture. Place the chicken bites onto a greased cookie sheet or baking pan."", ""Drizzle with melted butter."", ""Bake approximately 25 minutes or until the chicken is browned and cooked through."", ""Turn once during cooking."", ""This is good served with an apricot or plum dipping sauce.  Jan."")"
000180,*180*,Chocolate Pound Cake,1530,Carole Reu,PT1H41M,PT1H35M,PT3H16M,1999-09-06T04:19:00Z,I am resending this recipe.  This is the corrected version!  I really made a  goof up on the original.  Sorry about the mistake I've made.,"c(""https://img.sndimg.com/food/image/upload/w_555,h_416,c_fit,fl_progressive,q_95/v1/img/recipes/18/0/picecIIb4.jpg"", ""https://img.sndimg.com/food/image/upload/w_555,h_416,c_fit,fl_progressive,q_95/v1/img/recipes/18/0/pic7egTmQ.jpg"", ""https://img.sndimg.com/food/image/upload/w_555,h_416,c_fit,fl_progressive,q_95/v1/img/recipes/18/0/picQ2WcHF.jpg"")",Dessert,"c(""Weeknight"", ""Oven"", ""< 4 Hours"")","c(""3"", ""1 1/2"", ""3"", ""1 1/2"", ""3"", ""1 1/4"", ""3/4"", ""2"", ""3/4"", ""1/4"", ""13"")","c(""boiling water"", ""vanilla"", ""eggs"", ""cake flour"", ""sugar"", ""sugar"", ""baking powder"", ""salt"", ""unsalted butter"")",4.5,5,2905.2,168.7,101.2,1031.4,1092.8,321.9,9.2,178,38.2,1,NA,"c(""Preheat oven to 350°F."", ""Use a 8 x 4 x 2 1/2\"" loaf pan, (4 cups) or any 6 cup loaf  pan or fluted tube pan, greased and floured."", ""In a medium mixing bowl whisk  together the cocoa and water until smooth."", ""Allow to cool to room temperature  and lightly whisk in the vanilla and eggs."", ""In a large mixing bowl combine the  remaining dry ingredients and mix on low speed for 30 seconds to blend."", ""Add 1/2  the chocolate mixture and the butter."", ""Mix on low speed until the dry  ingredients are moistened."", 
""Increase to medium speed and beat for 1 minute to  develop the cake's structure.  Scrape down the sides."", ""Gradually add the  remaining chocolate mixture in 2 batches, beating 20 seconds after each addition to incorporate the ingredients and strengthen the structure.  Scrape down the  sides."", ""Scrape the batter into the prepared pan and smooth the surface with a  spatula."", ""The batter will be almost 1/2 inch from the top of a 4-cup pan."", ""(if your  pan is slightly smaller, use any excess batter for cupcakes.)  Bake for 50 to 60 minutes, (40 to 50 minutes in a fluted tube pan) or until a wooden toothpick  inserted in the center comes out clean."", 
""Place loosely with buttered foil over  the cake after 20 minutes to prevent over browning."", ""The cake should start to  shrink away from the sides of the pan only after removal from the oven."", ""Let the cake cool in the pan on a rack for 10 minutes."", ""Loosen the sides with a metal  spatula and invert onto a greased wire rack."", ""If baked in a loaf pan, to keep  the bottom from splitting, reinvert so that the top is up and cool completely  before wrapping airtight."", ""TOPPING:  This is for extra moistness and gives a subtle coffee accent."", 
""In a  small pan, stir together 1/4 cup water and 2 Tbsp sugar."", ""Bring to a full rolling boil."", ""Cover and remove from heat.  When cool, add 1 tbsp Kahlua."", ""When cake is baked, brush half the syrup onto the top."", ""Cool the cake 10 minutes and invert it onto a lightly greased rack."", ""Brush the bottom and sides with remaining syrup."", ""Reinvert onto rack, top side up, to finish cooling."")"
000181,*181*,Chicken With Portabella Mushrooms-,82616,Shirl J 831,NA,PT15M,PT15M,1999-08-28T03:25:00Z,"For extra richness, finish with a Tablespoon of butter, My suggestion  is to serve with a nice pasta side,  salad and fresh baked bread.",character(0),Chicken Breast,"c(""Chicken"", ""Poultry"", ""Vegetable"", ""Meat"", ""Broil/Grill"", ""< 15 Mins"", ""Oven"", ""Stove Top"", ""Easy"")","c(""2"", ""1/2"", ""2"", NA, ""1"", ""1/2"", ""1"", ""1"", ""2"")","c(""chicken breasts"", ""flour"", ""olive oil"", ""butter"", ""portabella mushroom"", ""onion white"", ""green onion"", ""fresh garlic"", ""fresh basil"", ""oregano"", ""fresh lemon juice"")",3,3,521,27.4,5.8,92.8,96.9,32.8,2.2,3,35.2,2,NA,"c(""Dredge the chicken breast pieces in flour and saute in olive oil."", ""In a non stick pan you can get by with very little."", ""Add the onions and mushrooms and saute till soft."", ""Add the lemon juice and fresh herbs, saute for 1 minute  till the flavors  combine."")"
000182,*182*,Low-Fat Apple &amp; Apricot,1533,Dancer,NA,PT20M,PT20M,1999-08-13T13:38:00Z,Make and share this Low-Fat Apple &amp; Apricot recipe from Food.com.,character(0),Dessert,"c(""Apple"", ""Fruit"", ""Vegan"", ""Free Of..."", ""< 30 Mins"", ""Easy"")","c(""20"", ""12"", ""1/2"", ""2"", ""1"", ""1"", ""1"", ""1"", NA)","c(""raisins"", ""dried currant"", ""lemon, rind of"", ""cinnamon stick"", ""clove"")",NA,NA,164.5,0.3,0,0,7.9,42.4,2.5,35.5,1.4,4,NA,"c(""Mix all ingredients thoroughly in a 3-quart pot."", ""Simmer uncovered for the better part of an hour, stirring often."", ""Add more juice if necessary and discard spice packet at end of cooking time."", ""Serve warm or chilled."", ""Keeps for days in the refrigerator."")"
000183,*183*,"Chicken, Mozzarella & Pepper Tarts",1533,Dancer,PT25M,PT30M,PT55M,1999-08-09T16:44:00Z,"Make and share this Chicken, Mozzarella & Pepper Tarts recipe from Food.com.",character(0),Poultry,"c(""Meat"", ""< 60 Mins"", ""Oven"")","c(""1"", ""1/4"", ""1/3"", ""2"", ""2"", ""2"", ""24"")","c(""chicken"", ""onion"", ""sun-dried tomatoes"", ""dried basil"", ""mozzarella cheese"")",5,1,54.8,3.8,1.7,16,72.5,0.7,0.1,0.4,4.3,NA,24 tarts,"c(""Preheat oven to 350 F."", ""In a non-stick skillet, stir cook the chicken just until it turns white. Add the onion, pepper, tomatoes and basil."", ""Continue to stir cook until the onions are tender."", ""Remove from the heat and let cool."", ""Stir the Mozzarella into the cooled chicken mixture then fill the tart shells."", ""Bake in the oven for 20-25 minutes or until the pastry is golden brown and the filling is bubbly."")"
000185,*185*,Cola Fruit and Date Loaf,125579,GrandmaIsCooking,PT1H,PT50M,PT1H50M,1999-08-23T12:41:00Z,"--Adopted Recipe--  The original submitter says that this fruity loaf showed up in Coke and Seven-Up cookbooks. The recipe was adapted  from &quot;Cooking With Coke&quot; - a publication of the Coca Cola Company.  Be sure to make a day ahead of time, because it is best the next day.","""https://img.sndimg.com/food/image/upload/w_555,h_416,c_fit,fl_progressive,q_95/v1/img/recipes/18/5/picgrPBKe.jpg""",Quick Breads,"c(""Breads"", ""Fruit"", ""Low Cholesterol"", ""Healthy"", ""Weeknight"", ""Oven"", ""< 4 Hours"")","c(""1"", ""1 1/4"", ""1"", ""2"", ""2"", ""1"", ""1"", ""1"", ""1"", ""1"", ""1"", ""1/2"")","c(""dates"", ""brown sugar"", ""flour"", ""baking soda"", ""baking powder"", ""cinnamon"", ""lemon rind"", ""egg"", ""vanilla extract"", ""pecans"")",5,3,267,6.2,0.7,17.6,150,51.4,2.6,32.2,3.6,12,NA,"c(""Preheat oven to 350 Fahrenheit."", ""Generously grease a 9 by 5 inch loaf pan."", ""Chop dates."", ""Heat cola to boiling.  Remove from heat and stir in dates, mixing very well."", ""Stir in sugar and oil.  Cool while preparing other ingredients."", ""Stir dry ingredients together and add to cola mixture.  Stir in egg, extract and nuts."", ""Spoon batter into pan.  Bake about 1 hour until cake tests done.  Cool on a rack for 20 minutes then remove from pan and wrap."", ""Store overnight before slicing."")"
000186,*186*,Coca-Cola Cake,1610,B  B Adams,PT1H,PT35M,PT1H35M,1999-08-24T04:53:00Z,Make and share this Coca-Cola Cake recipe from Food.com.,"c(""https://img.sndimg.com/food/image/upload/w_555,h_416,c_fit,fl_progressive,q_95/v1/img/recipes/18/6/01478391864.jpeg"", ""https://img.sndimg.com/food/image/upload/w_555,h_416,c_fit,fl_progressive,q_95/v1/img/recipes/18/6/01478391854.jpeg"", ""https://img.sndimg.com/food/image/upload/w_555,h_416,c_fit,fl_progressive,q_95/v1/img/recipes/18/6/pic6kpxiQ.jpg"")",Dessert,"c(""Weeknight"", ""Oven"", ""< 4 Hours"")","c(""2"", ""2"", ""1"", ""2"", ""1"", ""1"", ""1"", ""1/2"", ""1 1/2"", ""2"", ""1/2"", ""6"", ""1"", ""1"", ""1"", ""1"")","c(""flour"", ""sugar"", ""salt"", ""baking soda"", ""margarine"", ""buttermilk"", ""miniature marshmallows"", ""eggs"", ""margarine"", ""confectioners' sugar"", ""vanilla"")",5,9,1012.3,44.7,8.8,47.1,1006.8,148.8,2.8,116.3,9.2,8,NA,"c(""Combine flour, sugar, salt, cocoa and baking soda."", ""In small saucepan, bring butter and Coca-cola to a boil."", ""Add dry ingredients to mixture and then add buttermilk, eggs, and marshmallows."", ""(batter will be thin). Bake in 9x12 inch baking pan at 350 degrees for about 45 to 60 minutes or until tooth pick comes out clean."", ""Topping for coca-cola cake: Combine butter cocoa and coke in a small saucepan and bring to a boil."", ""Pour over sugar and mix well."", ""Add nuts an vanilla."", ""Pour over cake while still hot.""
)"
000187,*187*,Chicken-Fried Steak With Cracked Pepper Gravy,275742,bugsbunnyfan,PT15M,PT1H20M,PT1H35M,1999-09-12T06:23:00Z,Make and share this Chicken-Fried Steak With Cracked Pepper Gravy recipe from Food.com.,"c(""https://img.sndimg.com/food/image/upload/w_555,h_416,c_fit,fl_progressive,q_95/v1/img/recipes/18/7/picvWKPo1.jpg"", ""https://img.sndimg.com/food/image/upload/w_555,h_416,c_fit,fl_progressive,q_95/v1/img/recipes/18/7/01491357081.jpeg"", ""https://img.sndimg.com/food/image/upload/w_555,h_416,c_fit,fl_progressive,q_95/v1/img/recipes/18/7/picDd0awn.jpg"")",Steak,"c(""Poultry"", ""Meat"", ""Weeknight"", ""< 4 Hours"")","c(""1 1/2"", ""1 1/2"", ""2"", ""1"", ""2"", ""1/2"", ""1/2"", ""2"", ""4"", ""1/4"", ""2"", ""1 1/3"", NA, ""1"")","c(""flour"", ""salt"", ""pepper"", ""cayenne"", ""eggs"", ""bock beer"", ""unsalted butter"", ""flour"", ""milk"", ""salt"", ""cracked pepper"")",5,10,1635.7,147.3,34.5,241.1,1017.8,46,1.9,0.3,32.9,4,3 cups,"c(""Prepare the flour spice by blending the flour, salt, pepper, and cayenne. Set aside on a plate or wax paper."", ""Prepare the batter by mixing the eggs with a whisk, in a large bowl."", ""Add the cream, and beer. Whisk to blend."", ""Set aside. In a deep, heavy skillet, heat the oil to 350 degrees. While the oil is heating, prepare the round steaks by dredging them in the flour spice, taking care to evenly coat the meat. Shake off any  excess."", ""Dip the meat into the batter, and then again in the flour  spice, evenly coating the batter so it is dry on the outside. When  the oil temperature reaches 350 degrees (when a drop of batter sizzles when dropped in it), gently slide one steak into the hot oil. Cook the steak about 5 minutes."", 
""Turn in, taking care not to break  the coating, and cook the meat 5 more minutes, or until the batter is nicely browned. Drain the cooked steak on paper towels. Repeat with the other steaks."", ""Hold the cooked steaks in a 225 degree oven until all four are done. Pour Cracker-Pepper Gravy over the steaks and serve. Yield: 4 servings."", ""CREAM GRAVY Melt the butter in a heavy saucepan."", ""When the foam goes down, whisk in the flour. Continually whisk until the flour cooks, becoming a fragrant light brown."", 
""Slowly add the milk, continuing to whisk to  keep lumps from forming."", ""Season with salt and pepper."", ""Simmer gravy for 10 minutes to cook and reduce. Serve hot."")"
000189,*189*,Claudi Sanders' Refrigerator Rolls,1552,Ron  Joyce Ripple S,PT4H20M,PT40M,PT5H,1999-08-26T19:11:00Z,Make and share this Claudi Sanders' Refrigerator Rolls recipe from Food.com.,character(0),Healthy,"c(""Weeknight"", ""Oven"", ""Refrigerator"")","c(""1"", ""1"", ""1"", ""1"", ""1"", ""10 -12"", ""1"", ""1"", ""2"")","c(""shortening"", ""sugar"", ""potato"", ""milk"", ""cake yeast"", ""flour"", ""baking soda"", ""salt"", ""baking powder"")",5,1,329,10.6,3.1,5.7,201.2,51.3,1.6,8.5,6.9,NA,24 rolls,"c(""Preheat oven to 400."", ""Cream shortening and sugar until light and fluffy."", ""Add potatoes and cream again."", ""In separate pot,m heat milk to lukewarm, and dissolve yeast.  Pour milk mixture into shortening, sugar and potatoes."", ""Ad enough flour (about 4 cups) to make a like a cake dough consistency."", ""Stir in salt.  Cover."", ""Let rise 2 hours, stir in balance of flour (about 6 to 7 cups), baking soda and powder to make like biscuit dough-knead."", ""Cover and refrigerate 1/2 hour, make into tolls."", 
""Let rise until double in size.  Bake about 15-20 minutes."", ""Refrigerate and use over 5 or 6 days."", ""Makes 24 rolls."")"
000190,*190*,"$20,000 Prize-Winning Chili Con Carne",115621,glitter,PT2H20M,PT35M,PT2H55M,1999-08-06T00:41:00Z,"Make and share this $20,000 Prize-Winning Chili Con Carne recipe from Food.com.",character(0),Pork,"c(""Meat"", ""Winter"", ""Weeknight"", ""Stove Top"", ""< 4 Hours"")","c(""2 1/2"", ""1"", ""1"", ""4"", ""1"", ""8"", ""1"", ""3"", ""2"", ""2"", ""2"", ""2"", ""2"", ""1"", ""1/2"", ""1/2"", ""1"", ""1"", ""1"")","c(""onion"", ""garlic cloves"", ""Budweiser beer"", ""Hunts tomato sauce"", ""water"", ""chili powder"", ""cumin"", ""bouillon"", ""oregano leaves"", ""paprika"", ""sugar"", ""flour"", ""cornmeal"", ""water"")",4,4,558.1,16.8,5,133.8,1004.2,38.5,10,13.8,55.6,NA,2 quarts,"c(""In large saucepan or Dutch oven, brown half the meat; pour off fat. Remove meat."", ""Brown remaining meat; pour off all fat except 2 Tbsps."", ""Add onion, garlic; cook and stir until tender."", ""Add meat and remaining ingredients except flour, cornmeal and warm water.   Mix well."", ""Bring to boil; reduce heat and simmer covered 2 hours."", ""Stir together flour and cornmeal; add warm water.   Mix well."", ""Stir into chili mixture.  Cook covered 20 minutes longer."", ""Serve hot."")"
000191,*191*,Chilies Corn Muffins,1530,Carole Reu,PT25M,PT35M,PT1H,1999-09-06T04:52:00Z,Make and share this Chilies Corn Muffins recipe from Food.com.,character(0),Quick Breads,"c(""Breads"", ""Peppers"", ""Vegetable"", ""< 60 Mins"", ""Oven"")","c(""1 1/2"", ""1/2"", ""1/4"", ""1/4"", ""3"", ""1/4"", ""1/2"", ""1/4"", ""1"", ""4"")","c(""all-purpose flour"", ""cornmeal"", ""sugar"", ""brown sugar"", ""baking powder"", ""salt"", ""skim milk"", ""soymilk"", ""egg"", ""green chilies"")",5,7,163.6,5.3,0.8,17.8,155.6,26.2,0.9,9.2,3.1,12,NA,"c(""Preheat oven to 400."", ""Spray a standard muffin pan with cooking spray."", ""In medium bowl, whisk flour, cornmeal, both sugars, baking powder and salt.  In medium  bowl, mix remaining ingredients."", ""Make well in dry ingredients."", ""Add milk  mixture and stir until just blended."", ""Divide batter among prepared muffin cups."", ""Bake 15 to 20 minutes, or until top springs back when lightly pressed."", ""Let cool in pan 5 minutes, them loosen edges and turn out on rack and cool completely."")"
000192,*192*,Classic Cream Scones,1609,Barbara Heller,PT20M,PT1H5M,PT1H25M,1999-08-13T12:51:00Z,"You're best off describing scones to a German by saying that they are like a   cross between a Kuchen (cake), a Plaetzchen (cookie), and a Broetchen   (roll), but are very unique and not really like anything else found in   Germany. My German husband *loves* this recipe:  Classic Cream Scones   (from Simply Scones, by Leslie Weiner and Barbara Albright)","c(""https://img.sndimg.com/food/image/upload/w_555,h_416,c_fit,fl_progressive,q_95/v1/img/recipes/19/2/picgmwTjd.jpg"", ""https://img.sndimg.com/food/image/upload/w_555,h_416,c_fit,fl_progressive,q_95/v1/img/recipes/19/2/piccqN85v.jpg"", ""https://img.sndimg.com/food/image/upload/w_555,h_416,c_fit,fl_progressive,q_95/v1/img/recipes/19/2/piceXLsg6.jpg"", ""https://img.sndimg.com/food/image/upload/w_555,h_416,c_fit,fl_progressive,q_95/v1/img/recipes/19/2/192.jpg"")",Scones,"c(""Quick Breads"", ""Breads"", ""Sweet"", ""Weeknight"", ""Oven"", ""< 4 Hours"")","c(""2"", ""1/4"", ""2"", ""1/8"", ""1/3"", ""1/2"", ""1"", ""1 1/2"", ""1/2"", ""1"")","c(""all-purpose flour"", ""granulated sugar"", ""baking powder"", ""salt"", ""unsalted butter"", ""heavy cream"", ""egg"", ""vanilla extract"", ""currants"", ""raisins"", ""egg"")",5,29,168.2,8.1,4.9,36.5,82.4,21.5,0.8,7.2,2.7,NA,14 scones,"c(""Preheat oven to 425F."", ""Lightly butter a baking sheet. In a large bowl, stir together the flour, sugar, baking powder, and salt.   Cut the butter into 1/2-inch cubes and distribute them over the flour   mixture. With a pastry blender or two knives used scissors fashion, cut in   the butter until the mixture resembles coarse crumbs."", ""In a small bowl, stir   together the cream, egg, and vanilla."", ""Add the cream mixture to the flour   mixture and stir until combines."", ""Stir in the currents/raisins (optional). With lightly floured hands, pat the dough into a 1/2-inch thickness on a   lightly floured cutting board."", 
""Using a floured 2 1/2-inch-diameter round   biscuit cutter or a glass, cut out rounds from the dough and place them on   the prepared baking sheet. Gather the scraps together and repeat until all   the dough is used."", ""Lightly brush the tops of the scones with the egg mixture,   if desired."", ""Bake for 13-15 minutes, or until lightly browned."", ""Remove the baking sheet to a wire rack and cool for 5 minutes."", ""Using a   spatula, transfer the scones to the wire rack to cool."", ""Serve warm or cool   completely and store in an airtight container."", 
""Makes about 14 scones."", ""Variation: Add about 1 1/2 teaspoons of grated lemon peel to the dry ingredients."", ""My variation: Classic Scones 280 grams all-purpose flour 65 g granulated sugar 2 teaspoons baking powder 1/8 teaspoon salt 110 g unsalted butter, chilled 6 tablespoons milk 1 large egg 1 teaspoon vanilla sugar 125 g raisins Preheat oven to 220C."", ""Directions as above."")"
000193,*193*,Chinese Chicken,1543,Doreen Randal,PT1H30M,PT25M,PT1H55M,1999-08-13T13:48:00Z,Make and share this Chinese Chicken recipe from Food.com.,character(0),Whole Chicken,"c(""Chicken"", ""Poultry"", ""Meat"", ""Chinese"", ""Asian"", ""High Protein"", ""Free Of..."", ""High In..."", ""Weeknight"", ""Oven"", ""< 4 Hours"")","c(""3"", ""4"", ""2"", ""1"", ""1"", ""1/3"", ""1"", ""1"")","c(""chicken"", ""tomato sauce"", ""soy sauce"", ""dry sherry"", ""white vinegar"", ""chili powder"", ""garlic"", ""green ginger"")",4.5,3,373.4,21.8,6.3,103.5,491.8,13.5,2.3,1.2,28,6,NA,"c(""Wash and dry chicken."", ""Combine the rest of the ingredients together and mix well."", ""Add the chicken, coat well with the marinade.  Allow to stand several hours or overnight in refrigerator."", ""Place chicken in a baking dish and pour over marinade.  Cover dish with foil."", ""Bake in a moderate oven 1 1/2 hours, remove foil, bake a further 30 minutes, brushing frequently with marinade."")"
000194,*194*,Classic Chicken and Coconut Soup,1554,Jacques Lorrain,PT32M,PT55M,PT1H27M,1999-09-04T20:56:00Z,Make and share this Classic Chicken and Coconut Soup recipe from Food.com.,character(0),Chicken Breast,"c(""Chicken"", ""Poultry"", ""Coconut"", ""Fruit"", ""Nuts"", ""Meat"", ""Very Low Carbs"", ""Weeknight"", ""< 4 Hours"", ""Easy"")","c(""2"", ""14"", ""1/2"", ""1"", ""1"", ""1/2"", NA)","c(""chicken broth"", ""unsweetened coconut milk"", ""fresh lemongrass"", ""chicken breast"", ""lime juice"", ""jalapeno chile"", ""fresh cilantro"")",4.5,4,587.8,52,41.2,46.4,836.8,11.8,0.1,0.9,24.5,2,NA,"c(""Bring first 3 ingredients to boil in heavy medium saucepan."", ""Reduce"", ""heat, add chicken and simmer until almost cooked through, turning occasionally, about 12 minutes."", ""Transfer chicken to plate; cool."", ""Remove chicken skin and bones."", ""Cut meat into 1/2-inch pieces."", ""Strain soup through sieve into small saucepan."", ""Add 1 Tbsp lime juice and jalapeno to soup and simmer until reduced to 2 cups, about 20 minutes."", ""Add chicken and simmer just to heat through."", ""Taste, adding more lime juice if desired."", 
""Ladle soup into bowls."", ""Sprinkle with fresh cilantro."")"
000195,*195*,Chinese Hot and Sour Chicken Noodle Salad,1545,Nancy Van Ess,NA,PT1H20M,PT1H20M,1999-08-27T04:54:00Z,Make and share this Chinese Hot and Sour Chicken Noodle Salad recipe from Food.com.,character(0),Chicken Breast,"c(""Chicken"", ""Poultry"", ""Meat"", ""Chinese"", ""Asian"", ""Low Cholesterol"", ""Healthy"", ""Weeknight"", ""< 4 Hours"")","c(""1"", ""8"", ""1"", ""3/4"", ""3"", ""1/3"", ""2"", ""1/4"", ""1"")","c(""chicken breast"", ""dry linguine"", ""peppercorn"", ""rice vinegar"", ""cider vinegar"", ""soy sauce"", ""fresh cilantro"", ""cucumber"")",5,1,340.7,12.7,2.5,30.9,375.7,45,9.2,1.1,15.9,6,NA,"c(""In a 5-6 quart pan, bring about 3 quarts of water to a boil."", ""Add chicken, cover  and bring to a boil."", ""Remove from heat and let stand, covered, until meat is  white in thickest part, about 20-25 min."", ""Lift out chicken, let cool and reserve  water."", ""Remove and discard skin and bones*; tear chicken into bite-size shreds."", ""If made ahead, cover and chill chicken and water until next day."", ""Bring water to a boil and add linguine. Boil, uncovered, until just tender to  bite, 6-8 min."", ""Drain; immerse in cold water until cool, then drain well again."", 
""Remove any debris from peppercorns."", ""In a 6-8\"" frying pan, toast peppercorns over med-low heat until fragrant, 2-3 min.; shake pan often."", ""Pour peppercorns into a  blender and whirl until finely ground."", ""Add chiles and oil to pan; cook over low heat until chiles just begin to brown,  about 3 min."", ""Let cool and add ground pepper, vinegar, soy sauce and cilantro."", ""On a shallow dish, arrange a bed of noodles; cover with cucumber and chicken."", ""Pour dressing evenly over salad and mix to blend."", 
""- - - - - - - - - - - - - - - - - -  NOTES : * I just use boneless, skinless chicken breasts to start with."")"
000196,*196*,Clam - Lobster Bake,1774,Esmie,PT6H40M,PT1H15M,PT7H55M,1999-08-10T06:57:00Z,"Even if you don't live at the beach, you can enjoy an impressive backyard clambake. Simply substitute a combination of greens and damp cheesecloth for seaweed, firewood for driftwood and heavy duty aluminum foil for the traditional sand covering.  About 12 lbs. of mixed greens (collard greens, kale, etc.) and 15 yards of cheesecloth will hold in moisture as food cooks. Three rolls of heavy duty 37 1/2  ft. aluminum foil will both line and seal pit","""https://img.sndimg.com/food/image/upload/w_555,h_416,c_fit,fl_progressive,q_95/v1/img/recipes/19/6/196.jpg""",Lobster,"c(""Healthy"", ""Free Of..."", ""Weeknight"")","c(""8"", ""8"", ""8"", ""8"", ""8"", ""4 -8"")","c(""baking potatoes"", ""sweet potatoes"", ""corn"", ""onions"", ""chicken halves"", ""live lobsters"", ""clams"")",5,1,990.1,30.8,8.4,357.7,704.2,71.1,7.3,9.6,107.2,8,NA,"c(""Prepare your favorite clam chowder as an appetizer."", ""Serve clambake with plenty of melted butter, lemons, and watermelon."", ""\""  Detailed directions below."", ""Dig a bow-shaped pit 3 ft. in diameter and 1.5 feet deep in the center."", ""Using crisscross pattern, line with double thickness of heavy duty aluminum foil, then a layer of dry rocks about the size of grapefruit. NOTE: Wet rocks can explode. Build a bonfire on top of rocks in the pit. Use firewood and kindling."", ""Let the fire burn 1.5 to 2 hours or until burned down and rocks are hot. NOTE: Do not use charcoal."", 
""Soak corn-on-the-cob (with silk removed) and mixed greens in cold water while fire is burning."", ""Wash clams and set aside. Refrigerate lobster on ice. Peel onions; remove ends.  Oil potatoes."", ""Once fire has burned down, work quickly to prevent rocks from losing heat. Tamp down embers."", ""On top of rocks, layer pit in the following order: Half of the greens, strips of wet cheesecloth, potatoes, corn, onions, chicken halves, live lobsters and clams."", ""Cover food with remaining wet cheesecloth, then greens."", 
""Cover pit with heavy duty aluminum foil."", ""Crimp all sides to the edges of aluminum foil used to line the pit. Let food steam cook 40 to 60 minutes."", ""Remove foods immediately when done. Cooking times will vary depending on temperature of rocks."", ""Peek at clams after 40 minutes.  If they are open and lobsters are bright red, dinner is ready."", ""Serve with melted butter and lemon."")"
000197,*197*,Civil War Cake,1607,Susan Antonucci,PT3M,PT1H20M,PT1H23M,1999-08-23T21:07:00Z,"Someone was looking for a cake that didn't have any milk in it.  Well I found this one of my mothers. It is got to be over 67 years old. It is really good it tastes like a spice cake.    Civil War Cake   (or-Eggless, Butterless, Milkless Cake)",character(0),Dessert,"c(""Low Protein"", ""Healthy"", ""Weeknight"", ""Oven"", ""< 4 Hours"")","c(""1"", ""2"", ""2"", ""1"", ""4 1/2"", ""1"", ""2"", ""2"", ""1/8"", ""1"", ""1"")","c(""raisins"", ""water"", ""sugar"", ""shortening"", ""cake flour"", ""salt"", ""cinnamon"", ""baking soda"", ""nutmeg"", ""clove"")",5,2,871.4,26.6,6.6,0,616.1,155.8,3.9,83.8,8.1,8,NA,"c(""Combine raisins, sugar, 1 cup of water, shortening, salt & spices in a saucepan."", ""Bring to a boil, simmer 3 minutes, stirring occasionally, then cool till  lukewarm, then add the other cp of water."", ""Dissolve soda in 2 teas."", ""of water, set aside.  Stir sifted & measured flour into raisin mixture & beat until smooth."", ""Add dissolved soda last. Pur into greased floured 13x9 [am & bale 50-55 min."", ""at  350 degrees."", ""It may also be cooked in a tube pan."", ""Serve with whipped cream or caramel frosting."", 
""Combine 3/4 cup of brown sugar 1/2 cup of water 1/2 tsp salt in a saucepan."", ""Cook 6 min."", ""stirring often."", ""Cool to lukewarm and stir in 3 Tbsp."", ""of butter."", ""Then gradually stir in 21/4 cups of sifted confectionery sugar, beating until smooth."", ""Stir in 1 teas."", ""vanilla and spread on cake. You will be surprised how good it taste with such little ingredients."")"
000198,*198*,Chinese Hot and Sour Pork Soup,1545,Nancy Van Ess,NA,PT40M,PT40M,1999-09-18T11:13:00Z,Make and share this Chinese Hot and Sour Pork Soup recipe from Food.com.,"""https://img.sndimg.com/food/image/upload/w_555,h_416,c_fit,fl_progressive,q_95/v1/img/recipes/19/8/picICZ80k.jpg""",Pork,"c(""Meat"", ""Chinese"", ""Asian"", ""< 60 Mins"")","c(""8"", ""1/4"", ""2"", ""2"", ""3/4"", ""1/2"", ""2"", ""1/2"", ""1/2"", ""1/2"", ""1"", ""1"", ""1"", ""1/4"", ""1"", ""1/4"", NA)","c(""soy sauce"", ""white pepper"", ""egg substitute"", ""cornstarch"", ""bamboo shoot"", ""water chestnut"", ""carrot"", ""shiitake mushroom"", ""cake tofu"", ""white vinegar"", ""scallion"")",5,52,368.7,13,2.9,31.1,1459.3,32.1,3,10.5,31.6,4,NA,"c(""Bring stock to a simmer."", ""Add soy sauce, pork, mushrooms and chile paste. Simmer  for 10 minute."", ""Add pepper, vinegar, bamboo shoots, water chestnuts, fungus and  tofu."", ""Simmer 5 minute."", ""Mix cornstarch with 2 tablespoons water and add."", ""Bring back to simmer and pour  the eggs in a very thin stream over the surface. Let stand for 10 sec. before  stirring in the sesame oil."", ""Serve with a garnish of chopped scallions."", ""NOTE: The pepper, chile paste and vinegar can be varied for taste. I also omit the pork and use less egg.""
)"
000199,*199*,Citrus Glazed Barbecued Pork Loin,39547,Julesong,PT35M,PT15M,PT50M,1999-08-07T16:33:00Z,Make and share this Citrus Glazed Barbecued Pork Loin recipe from Food.com.,"""https://img.sndimg.com/food/image/upload/w_555,h_416,c_fit,fl_progressive,q_95/v1/img/recipes/19/9/picyeMlI7.jpg""",Pork,"c(""Meat"", ""Free Of..."", ""< 60 Mins"", ""Oven"")","c(""2"", ""1"", ""4"", ""1"", ""1"", ""1"", ""2"", ""2"", ""2"", ""6"", ""2"", NA, ""3"", ""4"", ""2"", ""2"")","c(""canola oil"", ""onion"", ""garlic"", ""chipotle pepper"", ""arbol chile"", ""cracked black pepper"", ""Worcestershire sauce"", ""barbecue sauce"", ""lemons"", ""kosher salt"", ""olive oil"", ""kosher salt"", ""cracked black pepper"")",5,5,835.8,50.8,13.1,136.1,3187.2,47,2.6,30.9,46.7,6,NA,"c(""Preheat oven to 350 degrees."", ""In a small saucepot add canola oil and saute onions and garlic until translucent."", ""Add chipotle and arbol chilies and continue to cook until chiles start to toast."", ""Add cracked black pepper and deglaze with Worcestershire sauce and orange juice; reduce until starts to thicken."", ""Then add in your favorite barbecue sauce, reduce to low heat, and simmer for about 15 minutes."", ""Season with hot sauce, lemon juice and to taste with salt.  Strain barbecue sauce and set aside."", 
""On a large sheet pan rub the pork loin with olive oil and season with salt and cracked pepper."", ""Roast in a 350 degree oven (basting with the citrus glaze about every 15 minutes) until the internal temperature is about 140 degrees."", ""Remove from oven and let meat set for about 5 minutes, slice, and enjoy!"")"
000200,*200*,Citrus Chicken,146310,CoffeeMom,PT4H30M,PT10M,PT4H40M,1999-08-25T06:57:00Z,Make and share this Citrus Chicken recipe from Food.com.,"""https://img.sndimg.com/food/image/upload/w_555,h_416,c_fit,fl_progressive,q_95/v1/img/recipes/20/0/picj7Zloz.jpg""",Chicken Breast,"c(""Chicken"", ""Poultry"", ""Meat"", ""Weeknight"", ""Broil/Grill"", ""Oven"")","c(""4"", NA, ""1/4"", ""2"", ""2"", ""1"", ""1"", ""1/2"")","c(""chicken breast halves"", ""lemon juice"", ""lime juice"", ""sugar"", ""dried oregano"")",5,15,167.7,10.2,2.4,46.4,46.1,3.6,0.1,2.2,15.3,4,NA,"c(""Rinse chicken; pat dry."", ""Sprinkle with salt and pepper."", ""Place chicken in plastic bag set in shallow dish."", ""For marinade, combine lemon, lime, and orange juices, oil,  sugar and oregano in small bowl."", ""Pour over chicken; seal bag."", ""Marinate in  refrigerator 4 to 24 hours, turning occasionally."", ""Drain chicken, reserving marinade."", ""Grill chicken on rack of uncovered grill directly over medium coals  12 to 15 minutes or until tender and no longer pink inside, turning once and brushing  occasionally with marinade during first half of cooking."", 
""Or, broil on unheated rack of broiler pan 4 to 5 inches from heat 12 to 15 minutes, turning once and  brushing occasionally with marinade during first half of cooking."", ""Discard any remaining marinade."")"
000201,*201*,Citrus Baked Halibut,1549,Dave5003,PT30M,PT45M,PT1H15M,1999-08-17T04:35:00Z,Make and share this Citrus Baked Halibut recipe from Food.com.,character(0),Halibut,"c(""High Protein"", ""Healthy"", ""Free Of..."", ""High In..."", ""Weeknight"", ""Oven"", ""< 4 Hours"")","c(""2"", ""2"", ""1"", ""4"", ""1/4"", ""1"", ""1/2"", ""1/4"", ""1/2"", ""2"")","c(""halibut steaks"", ""butter"", ""onion"", ""garlic cloves"", ""fresh parsley"", ""salt"", ""black pepper"", ""fresh lemon juice"")",4.5,4,755,22.2,8.8,176.1,918,36.8,1.9,29.4,97.7,2,NA,"c(""OVEN COOKING:"", ""Rinse halibut in cold water and dry using paper toweling."", ""Arrange  halibut in a 9\"" x 13\"" oven-proof baking dish."", ""Preheat oven to 400 degrees Fahrenheit."", ""In a frying pan, add butter, onion and garlic. Saute until translucent."", ""Remove from heat; stir in parsley, orange rind, salt and pepper."", ""Spread mixture over  halibut steaks."", ""In a small bowl, mix together orange juice and lemon juice."", ""Sprinkle juice over steaks, but be careful not to wash away the onion/garlic  mixture."", 
""Bake fish in preheated 400 degree Fahrenheit oven for 20 to 22 minutes, turning over  at about 10 minutes of cooking time."", ""Continue cooking until time expires or until fish flakes easily with a fork."", ""DO NOT OVERCOOK FISH."", ""Spoon hot juices  over fish."", ""Serve at once."", ""MICROWAVE COOKING:"", ""Prepare and arrange fish and onion/garlic as above."", ""Reduce orange juice by 2 tablespoons."", ""Cover fish with a clear plastic wrap vented."", ""Cook on HIGH (full power) for 4 minutes."", ""Turn fish over and cook for an additional 3 to 4 minutes on HIGH (full power) or until fish flakes easily with  a fork."", 
""Spoon juices over fish and serve at once."", ""If desired, serve with Tartar Sauce."")"
000203,*203*,Chinese Plum Sauce,1533,Dancer,PT1H45M,PT10M,PT1H55M,1999-08-06T00:41:00Z,Make and share this Chinese Plum Sauce recipe from Food.com.,"""https://img.sndimg.com/food/image/upload/w_555,h_416,c_fit,fl_progressive,q_95/v1/img/recipes/20/3/picOx4nYS.jpg""",Sauces,"c(""Plums"", ""Fruit"", ""Chinese"", ""Asian"", ""Low Protein"", ""Low Cholesterol"", ""Healthy"", ""Free Of..."", ""Weeknight"", ""< 4 Hours"")","c(""8"", ""1"", ""1"", ""1"", ""1"", ""3/4"", ""1/2"", ""1"", ""1/2"", ""1/2"", ""1/4"", ""1/4"")","c(""plums"", ""onion"", ""water"", ""gingerroot"", ""garlic"", ""granulated sugar"", ""rice vinegar"", ""cider vinegar"", ""salt"", ""cinnamon"", ""cayenne pepper"", ""clove"")",4.5,16,316.1,1,0.1,0,295.1,79.7,5.6,71.9,2.8,NA,4 cups,"c(""In large heavy saucepan, bring plums, onions, water, ginger and garlic to boil over medium heat; cover, reduce heat to low and simmer, stirring occasionally, until plums and onions are very tender, about 30 minutes."", ""Press through food mill or sieve and return to clean pan; stir in sugar, vinegar, coriander, salt, cinnamon, pepper and cloves."", ""Bring to boil, stirring; reduce heat to low and simmer until mixture reaches consistency of applesauce, about 45 minutes."", ""Fill and seal jars; process in boiling water bath for 30 minutes."", 
""Makes about 4 cups"")"
000204,*204*,Chinese Meatballs,1601,Gilcat2,PT48M,PT1H,PT1H48M,1999-09-20T06:45:00Z,Make and share this Chinese Meatballs recipe from Food.com.,character(0),Pork,"c(""Meat"", ""Chinese"", ""Asian"", ""Weeknight"", ""< 4 Hours"")","c(""1"", ""1/4"", ""1/4"", ""1"", ""1"", ""3"", ""1"", ""1/2"", ""1"", ""3"", ""1"", ""2"", ""1 1/2"", ""1"", ""1"")","c(""shrimp"", ""water chestnut"", ""green onion"", ""soy sauce"", ""white wine"", ""salt"", ""sugar"", ""cornstarch"", ""egg"", ""chicken broth"", ""napa cabbage"")",5,7,230.3,11.1,2.6,115.4,1114.8,7,0.3,1.4,23.9,6,NA,"c(""Combine pork, shrimp, water chestnuts, ginger, green onion, 1 Tbsp soy sauce, wine, salt, 1/2 tsp sugar, 1 Tbsp cornstarch, and egg."", ""Make twelve meatballs."", ""Heat oil in wok."", ""Add meatballs; cook 6-8 minutes, until browned, stirring occasionally."", ""Transfer meatballs to 5-qt saucepan; discard drippings."", ""Add chicken broth, 2 Tbsp soy sauce and 1/2 tsp sugar."", ""Bring to a boil."", ""Reduce heat to low, cover, and simmer 30 minutes."", ""Meanwhile, core cabbage.  Cut base of leaves into 2\"" squares."", 
""Cut leafy tops in half."", ""Place over meatballs; cover and simmer 10 minutes more.  Transfer meatballs and cabbage to serving platter."", ""Blend 2 Tbsp cornstarch and 3 Tbsp water, and stir into pan juices cooking until slightly thickened."", ""Add sesame oil and serve over meatballs."")"
000205,*205*,Cinnamon Curry Rice,1606,kai8710,NA,PT15M,PT15M,1999-09-15T04:05:00Z,Make and share this Cinnamon Curry Rice recipe from Food.com.,character(0),Rice,"""< 15 Mins""","c(""250"", ""2"", ""2"", ""1"", ""1"", ""2"", ""2"", ""3"", ""4"", ""4"", ""2"", NA, ""310"", ""15"")","c(""onions"", ""potatoes"", ""carrot"", ""apple"", ""curry powder"", ""flour"", ""garlic"", ""water"", ""butter"", ""rice"", ""cinnamon"")",5,1,3892.1,94.2,39.2,269.6,630.4,647.4,42.6,39.6,110.7,NA,1 batch,"c(""Bring cinnamon to boil in 2 cups water, simmer covered until reduced to 1 cup;  strain, discard pulp, reserve broth."", ""Cook enough rice for 5 persons."", ""Heat butter in a wok, add flour and stir well to mix and thicken; then add curry powder and  stir well to mix; then add a little stock or water and mix well; return to boil, add carrot, potatoes, and apple, cover, simmer on low heat."", ""In a separate wok or pan, stir-fry sliced pork quickly in a little oil along with garlic."", ""Remove and  reserve. When carrots and potatoes are almost done, add cinnamon broth, pork and onions to the pot, return to boil, simmer for a few minutes, then serve over  rice.""
)"
000206,*206*,Chocolate Almond Scones,97901,Zaney1,PT10M,PT40M,PT50M,1999-08-15T07:17:00Z,Make and share this Chocolate Almond Scones recipe from Food.com.,character(0),Scones,"c(""Quick Breads"", ""Breads"", ""High In..."", ""< 60 Mins"", ""Oven"")","c(""3 1/2"", ""5"", ""2"", ""1"", ""4"", ""3"", ""2"", ""3/4"", ""1"", ""1/2"")","c(""all-purpose flour"", ""baking powder"", ""sugar"", ""salt"", ""butter"", ""eggs"", ""chocolate chips"")",5,1,375,21.1,10.9,89.8,443.9,41,2.5,10.3,7.6,12,NA,"c(""Preheat oven to 425 degrees Fahrenheit."", ""Combine flour, baking  powder, sugar and salt."", ""Cut in  butter until it resembles course meal."", ""Add 2  eggs (1 egg is reserved for later use), almond extract and cream."", ""Stir until  soft dough forms; mix in chocolate  chips and toasted almonds."", ""Pat out dough until 3/4  inch thick."", ""Cut into diamond shape; brush  with reserved egg."", ""Place on baking  pan coated with cooking spray."", ""Bake for 10  minutes until lightly browned."", ""Serve warm.""
)"
000207,*207*,Cinnamon Apple Salad,1552,Ron  Joyce Ripple S,NA,PT20M,PT20M,1999-08-22T04:34:00Z,Make and share this Cinnamon Apple Salad recipe from Food.com.,character(0),Apple,"c(""Fruit"", ""< 30 Mins"")","c(""1/2"", ""1"", ""1"", ""1"", ""1"", ""1/2"", ""1/2"", ""1/4"")","c(""boiling water"", ""lemon gelatin"", ""applesauce"", ""cream cheese"", ""mayonnaise"", ""pecans"", ""celery"")",5,1,237,17.4,5.9,31.2,228.8,19.2,1,10.1,3,NA,9,"c(""In a bowl, dissolve candies in water (keep warm until melted).  Add gelatin and stir to dissolve.  Stir in the applesauce and pour half into an 9\"" square pan that has been lightly coated with nonstick cooking spray."", ""Refrigerate until firm."", ""Cover and set remaining gelatin mixture aside at room temperature.  Meanwhile, combine remaining ingredients and spread over chilled gelatin mixture.  Carefully pour remaining gelatin mixture over cream cheese layer."", ""Chill overnight. Yield: 9 servings This recipe was sent to Reminisce magazine by Lisa Andis.""
)"
000208,*208*,Chunky Tomato Cheese Pie,1559,Will Parkinson,PT40M,PT35M,PT1H15M,1999-09-16T06:01:00Z,Make and share this Chunky Tomato Cheese Pie recipe from Food.com.,character(0),Cheese,"c(""High In..."", ""Weeknight"", ""Oven"", ""< 4 Hours"")","c(""5"", ""9"", ""2"", ""1/2"", ""2"", ""1"", ""2"", ""1/2"")","c(""tomatoes"", ""cheddar cheese cubes"", ""all-purpose flour"", ""sugar"", ""salt"", ""cheddar cheese"")",5,2,444.6,28.8,14,56.1,1340.5,29.4,2.2,5.7,17.6,6,NA,"c(""Preheat oven to 375 degrees Fahrenheit."", ""Cut 4 of tomatoes into cubes; slice remaining tomato."", ""On a lightly floured surface roll out pastry; fit into a 9-inch pie pan; flute edges."", ""In a large bowl combine tomato cubes, cheese cubes, bread crumbs, flour, sugar and salt. Toss until well blended."", ""Spoon into pie shell."", ""Bake 30 minutes until cheese cubes melt and tomato cubes are soft."", ""Remove from oven and garnish with tomato slices."", ""Add cheese strips."", ""Return to oven."", ""Bake 10 minutes longer or until cheese is melted and tomatoes are soft.  Cut into wedges and serve.""
)"
000209,*209*,Chocolate Bread and Butter Pudding,1543,Doreen Randal,PT45M,PT30M,PT1H15M,1999-09-07T20:38:00Z,"I copied this out of a  magazine yesterday while at the hairdresser, being made more beautiful (Grin)",character(0),Dessert,"c(""Weeknight"", ""Oven"", ""< 4 Hours"")","c(""6"", ""50"", ""1/3"", ""2"", ""2"", ""1/4"", ""1/4"", ""1"")","c(""butter"", ""chocolate chips"", ""eggs"", ""milk"", ""sugar"", ""sherry wine"", ""vanilla"")",3,1,433.4,22.4,12.7,136.8,378.1,46.8,1.7,22.1,10.7,4,NA,"c(""Cut crusts from bread."", ""Butter and bread, cut into triangles and layer with chocolate in a ovenproof dish."", ""Beat eggs, milk, sugar, sherry and vanilla together and pour over the bread."", ""Leave to stand for 15 minutes to fully absorb liquid."", ""Heat oven to 160 C."", ""Bake for 30 minutes until golden and set.  Dust with icing sugar to serve. Hope it tastes good."")"
000210,*210*,Christmas Snow Punch,1605,William Fitzgerald,NA,PT15M,PT15M,1999-08-21T11:13:00Z,Here is a punch recipe that we used at my in-laws 50th Anniversary open house.  CHRISTMAS SNOW PUNCH,character(0),Punch Beverage,"c(""Beverages"", ""Winter"", ""Christmas"", ""< 15 Mins"", ""For Large Groups"", ""Easy"")","c(""1"", ""2"", ""2"")","""vanilla ice cream""",5,9,42,2,1.2,7.9,15.7,5.8,0.1,5.2,0.6,32,NA,"c(""In punch bowl, combine Hi-C Hula Punch, Sprite and ice cream."", ""Stir until well  blended and chill."", ""From: Spartan Holiday Cookbook Robin"")"
000211,*211*,Christmas Cranberry Salad,1572,Ed Paulhus,PT5M,PT8H,PT8H5M,1999-09-13T03:04:00Z,Make and share this Christmas Cranberry Salad recipe from Food.com.,"c(""https://img.sndimg.com/food/image/upload/w_555,h_416,c_fit,fl_progressive,q_95/v1/img/recipes/21/1/ZDQGnHD7T6y1qbcy5HxK_DSC_0665.JPG"", ""https://img.sndimg.com/food/image/upload/w_555,h_416,c_fit,fl_progressive,q_95/v1/img/recipes/21/1/bGZIkSdZQySHt9FSYaFG_DSC_0661.JPG"", ""https://img.sndimg.com/food/image/upload/w_555,h_416,c_fit,fl_progressive,q_95/v1/img/recipes/21/1/hCDvsiS5eJ62vnH7l1Mw_DSC_0666.JPG"", ""https://img.sndimg.com/food/image/upload/w_555,h_416,c_fit,fl_progressive,q_95/v1/img/recipes/21/1/picXAbFmF.jpg"", 
""https://img.sndimg.com/food/image/upload/w_555,h_416,c_fit,fl_progressive,q_95/v1/img/recipes/21/1/pichoVubc.jpg"")",Low Protein,"c(""Christmas"", ""Easy"")","c(""2"", ""3"", ""3/4"", ""2"", ""1/2"", ""1/2"", ""1/4"", ""1"")","c(""cranberries"", ""miniature marshmallows"", ""sugar"", ""apples"", ""seedless grapes"", ""walnuts"", ""salt"")",5,28,316.9,15.9,7.3,40.8,100.3,44.9,2.5,35.5,2.3,8,NA,"c(""Cover marshmallows and cranberries with sugar; chill overnight."", ""Add apples, grapes, walnuts, salt and whipping cream."", ""Chill until ready to serve."")"
000212,*212*,Chocolate Caramels,1530,Carole Reu,PT5M,PT25M,PT30M,1999-08-26T19:42:00Z,Make and share this Chocolate Caramels recipe from Food.com.,character(0),Broil/Grill,"c(""< 30 Mins"", ""Oven"", ""Stove Top"")","c(""3"", ""2"", ""1"", ""1/8"", ""1"", ""1"", ""1"", ""1/2"", ""2"")","c(""sugar"", ""brown sugar"", ""salt"", ""corn syrup"", ""heavy cream"", ""vanilla"", ""butter"")",5,1,349.2,18.3,8,28.5,149.1,47.7,2,35.4,3.2,NA,20 squares,"c(""In a sauce pan over medim heat, add chopped chocolate, sugar, salt, syrup and cream."", ""Cover and boil 5 minutes."", ""Uncover."", ""Boil slowly, stirring constantly,  to firm ball stage (248 degrees Fahrenheit)."", ""Remove from heat."", ""Add flavoring and stir until  well blended."", ""Pour quickly over nuts which have been placed in well-buttered  pan."", ""Allow to cool; cut into squares."")"
000213,*213*,Chocolatey Raisin Chip Cookies,1533,Dancer,PT12M,PT45M,PT57M,1999-08-06T00:40:00Z,Make and share this Chocolatey Raisin Chip Cookies recipe from Food.com.,character(0),Drop Cookies,"c(""Dessert"", ""Cookie & Brownie"", ""< 60 Mins"", ""Oven"")","c(""1"", ""1/2"", ""1/2"", ""2"", ""3"", ""1/4"", ""2 1/4"", ""1/4"", ""1"", ""3"", ""4"", ""1 1/2"", ""1/2"")","c(""brown sugar"", ""sugar"", ""canola oil"", ""vanilla"", ""water"", ""flour"", ""baking soda"", ""raisins"", ""walnuts"")",4,1,83.5,3.1,0.6,0.1,28.2,13.5,0.5,8.7,1.2,NA,60 cookies,"c(""Preheat oven to 375F."", ""Combine sugars and oil; mix thoroughly."", ""Add vanilla and egg whites; beat well."", ""Stir in water."", ""In separate bowl, combine flour, milk, baking soda, and cocoa powder; add to wet ingredients."", ""Stir in chocolate chips, raisins, and nuts."", ""Drop by heaping teaspoon onto lightly oiled cookie sheets."", ""Bake 10 to 12 minutes."", ""Remove from sheets immediately; cool on racks."", ""Makes about 60 cookies."")"
000214,*214*,Chocolate-Chocolate Cupcakes,1533,Dancer,PT47M,PT45M,PT1H32M,1999-08-14T19:50:00Z,Make and share this Chocolate-Chocolate Cupcakes recipe from Food.com.,character(0),Dessert,"c(""Healthy"", ""Weeknight"", ""Oven"", ""< 4 Hours"")","c(NA, ""1"", ""1"", ""3"", ""1/4"", ""1/4"", ""3"", ""2"", ""2 1/2"", ""2 1/2"")","c(""water"", ""eggs"", ""skim milk"", ""powdered sugar"", ""vanilla extract"", ""powdered sugar"")",NA,NA,155.2,4.5,1.2,23.4,186.8,28.2,0.8,19.8,2.4,NA,24 cookies,"c(""Preheat oven to 350  degrees Fahrenheit."", ""Spray muffin cups with cooking spray."", ""In large bowl, combine cake mix, water, and eggs; beat with an electric mixer for 2-1/2  minutes."", ""Divide batter evenly into muffin cups about two-thirds full."", ""Bake 20 to 25 minutes or until toothpick inserted in centre comes out clean."", ""Let cool in  pan for 10 minutes."", ""Remove from pan; cool another 10 minutes."", ""Gently cut  each cupcake in half horizontally - a serated knife usually works best."", ""Using a  double boiler; mix together chocolate morsels, milk, and cocoa in top; and bring water to a boil."", 
""Once boiling, reduce heat to low and cook until morsels are  melted; stirring occasionally."", ""Remove boiler from heat and stir in 2 cups  powdered sugar and vanilla."", ""Gently spread bottom half of cupcakes with 2-3  teaspoons chocolate mixture; cover with top half of cupcake."", ""Sprinkle lightly with remaining powdered sugar."")"
000215,*215*,Crock Pot Chocolate Zucchini Nut Bread,39547,Julesong,PT3H,PT10M,PT3H10M,1999-08-10T06:53:00Z,"This is an adopted recipe.  Directions refer to a &quot;bread insert.&quot;  If you don't have the manufacturer's baking insert with a lid, you can use an 2 pound metal coffee can. Use a double thickness of paper towels as a can cover.",character(0),Quick Breads,"c(""Breads"", ""Fruit"", ""Vegetable"", ""Nuts"", ""Weeknight"", ""< 4 Hours"")","c(""1/2"", ""1"", ""2"", ""1"", ""1"", ""1/3"", ""1 1/4"", ""3"", ""2"", ""1/2"")","c(""shortening"", ""sugar"", ""eggs"", ""vanilla"", ""baking soda"", ""zucchini"", ""milk"", ""flour"", ""walnuts"")",5,5,2867.8,120.7,32.5,429.4,1447.9,414.9,18,205,47.4,NA,1 loaf,"c(""Cream sugar and shortening in mixer, beat in eggs one at a time, add vanilla.  Add everything else and mix thoroughly."", ""Pour into a greased crock pot bread insert.  Cook 3 hours on high, or until the bread tests done with a wooden pick."", ""Let stand until it's medium cool to the touch before unmolding.  Serve with butter.  You can also dust the bread with powdered sugar."", ""Possible modifications:  no cocoa; substitute 2 tsp cinnamon and 1 tsp nutmeg for cocoa; substitute 1 cup brown sugar for the white sugar.""
)"
000216,*216*,Chocolate Cashew Spread,1530,Carole Reu,NA,PT25M,PT25M,1999-08-27T04:47:00Z,Make and share this Chocolate Cashew Spread recipe from Food.com.,character(0),Spreads,"c(""< 30 Mins"", ""Easy"")","c(""2"", ""1"", ""1/2"")","c(""unsalted cashews"", ""butter"")",5,2,1833.6,170.7,79.3,244,676.8,74.4,7.6,37.4,25.1,NA,1 batch,"c(""In a small heavy saucepan, melt chocolate over low heat, stirring constantly  until chocolate begins to melt.  Immediately remove the chocolate from heat;  stir until smooth."", ""Cool slightly."", ""Place nuts in a food processor or blender; cover and process until nuts are  finely chopped, stopping and scraping the sides as necessary."", ""Add butter;  process until nearly smooth."", ""Transfer mixture to a bowl; stir in melted  chocolate.  Serve at room temperature.  Use spread on croissants, muffins or  biscuits.""
)"
000217,*217*,Chocolate Chip Cheesecake Dip,1530,Carole Reu,PT15M,PT40M,PT55M,1999-08-24T04:42:00Z,Make and share this Chocolate Chip Cheesecake Dip recipe from Food.com.,character(0),Dessert,"c(""Free Of..."", ""< 60 Mins"")","c(""1/2"", ""1"", ""2"", ""1/2"", ""1/2"", ""1/4"", ""1"", ""1/2"")","c(""raisins"", ""brandy"", ""cream cheese"", ""vanilla extract"", ""dark brown sugar"", ""cinnamon"")",4.5,2,779,61.9,38.6,179.6,388.9,48.9,2.4,38.5,11.6,NA,3 3/4 cups,"c(""Mix the raisins and brandy until raisins are coated and soak for 15 minutes."", ""In another bowl, beat the cream cheese and whipping cream until well  blended and smooth."", ""Add the vanilla, mixing well."", ""Blend in the brown sugar and cinnamon."", ""Mix in the drunken raisins and chocolate chips, blending well."", ""Garnish with a light dusting of cinnamon."", ""Serve at room temperature."", ""About 3 -3/4 cups dip."")"
000218,*218*,Chocolate Chip Cookie Pizza,1545,Nancy Van Ess,NA,PT40M,PT40M,1999-08-11T04:49:00Z,Make and share this Chocolate Chip Cookie Pizza recipe from Food.com.,character(0),Dessert,"c(""Cookie & Brownie"", ""Kid Friendly"", ""< 60 Mins"", ""Oven"", ""Easy"")","c(""1"", ""1/2"", ""1/4"", ""2"", ""2"")","c(""peanuts"", ""coconut"")",NA,NA,264.2,11.2,4.3,10.8,96.6,38.9,1.2,9.4,2.6,12,NA,"c(""Preheat oven to 350 degrees Fahrenheit."", ""Coat a nonstick 12\"" pizza pan with non-stick cooking  spray."", ""Spread cookie dough out evenly in prepared pan, pressing with fingers to  flatten."", ""Bake for 17 minutes or until cookie dough is lightly browned."", ""Let cookie pizza cool completely in pizza pan on a wire rack."", ""To decorate:"", ""Spread raspberry preserves evenly over cookie pizza to within 1\"" of edge."", ""Sprinkle chocolate candy, peanuts and coconut evenly over the preserves."", ""Cut into 12 pizza-shaped  slices.""
)"
000219,*219*,Chocolate Zucchini Cake,1539,opal Fitzgerald,PT30M,PT50M,PT1H20M,1999-08-07T08:02:00Z,Make and share this Chocolate Zucchini Cake recipe from Food.com.,character(0),Dessert,"c(""Weeknight"", ""Oven"", ""< 4 Hours"")","c(""4"", ""2 1/4"", ""2"", ""3/4"", ""3"", ""1/2"", ""2"", ""1"", ""3/4"", ""1"", ""3"", ""1"", ""1"", ""2"", ""1/2"", ""1"", ""1/2"")","c(""eggs"", ""sugar"", ""vanilla extract"", ""butter"", ""all-purpose flour"", ""baking powder"", ""baking soda"", ""salt"", ""buttermilk"", ""zucchini"", ""walnuts"", ""butter"", ""confectioners' sugar"", ""vanilla extract"", ""milk"")",5,10,552.1,22.1,11.5,86.3,334.5,87,2.5,68.3,5.9,NA,20,"c(""In a large bowl, beat eggs until fluffy."", ""Add sugar gradually, beating until mixture is thick and lemon-colored."", ""Beat in vanilla and butter."", ""Combine flour, cocoa, baking powder, soda and salt; add alternately with buttermilk."", ""Beat until smooth."", ""Fold in zucchini and walnuts."", ""Divide batter into four greased and floured 8 or 9-in. round pans."", ""Bake at 350 degrees Fahrenheit for 25 to 30 minutes or until top springs back when gently pressed."", ""Cool in pans 10 minutes; remove to wire wracks and cool completely."", 
""For frosting, beat all ingredients in a large bowl until creamy."", ""Frost between layers and on sides and top of cake."")"
000220,*220*,Chocolate Zucchini Bread,1604,itsjustme,PT1H,PT25M,PT1H25M,1999-08-07T09:18:00Z,Make and share this Chocolate Zucchini Bread recipe from Food.com.,"c(""https://img.sndimg.com/food/image/upload/w_555,h_416,c_fit,fl_progressive,q_95/v1/img/recipes/22/0/V4O52EGNQlCwno2EDOa4_zucchinnibread3%20(1%20of%201).jpg"", ""https://img.sndimg.com/food/image/upload/w_555,h_416,c_fit,fl_progressive,q_95/v1/img/recipes/22/0/2rp90sY9Q96l93ATXIsR_zucchinnibread1%20(1%20of%201).jpg"", ""https://img.sndimg.com/food/image/upload/v1/img/feed/220/WgGTZM7mSLeMEnLraslw_IMG_4717.JPG"", ""https://img.sndimg.com/food/image/upload/w_555,h_416,c_fit,fl_progressive,q_95/v1/img/recipes/22/0/picuHKLvl.jpg"", 
""https://img.sndimg.com/food/image/upload/w_555,h_416,c_fit,fl_progressive,q_95/v1/img/recipes/22/0/pic0sEwXu.jpg"", ""https://img.sndimg.com/food/image/upload/w_555,h_416,c_fit,fl_progressive,q_95/v1/img/recipes/22/0/ox0bM5LFTvamSUZZrvGJ_zucchinnibread2%20(1%20of%201).jpg"", ""https://img.sndimg.com/food/image/upload/w_555,h_416,c_fit,fl_progressive,q_95/v1/img/recipes/22/0/zrkZ5Dc3RdyIotK1LwV7_IMG_4718.JPG"", ""https://img.sndimg.com/food/image/upload/w_555,h_416,c_fit,fl_progressive,q_95/v1/img/recipes/22/0/NiKUyiO5Tt2T3IQzUpRi_IMG_4717.JPG"", 
""https://img.sndimg.com/food/image/upload/w_555,h_416,c_fit,fl_progressive,q_95/v1/img/recipes/22/0/Odj8qst8T1eVOImGOCWg_image.jpg"", ""https://img.sndimg.com/food/image/upload/w_555,h_416,c_fit,fl_progressive,q_95/v1/img/recipes/22/0/pic6dBbjd.jpg"", ""https://img.sndimg.com/food/image/upload/w_555,h_416,c_fit,fl_progressive,q_95/v1/img/recipes/22/0/picVl9WPD.jpg"", ""https://img.sndimg.com/food/image/upload/w_555,h_416,c_fit,fl_progressive,q_95/v1/img/recipes/22/0/picAqmOmd.jpg"", ""https://img.sndimg.com/food/image/upload/w_555,h_416,c_fit,fl_progressive,q_95/v1/img/recipes/22/0/picdChvnL.jpg""
)",Quick Breads,"c(""Breads"", ""Vegetable"", ""Sweet"", ""Weeknight"", ""Oven"", ""< 4 Hours"")","c(""3"", ""1"", ""2"", ""1"", ""2"", ""2 1/2"", ""1/2"", ""1"", ""1"", ""1"", ""1/4"")","c(""eggs"", ""sugar"", ""vanilla extract"", ""zucchini"", ""all-purpose flour"", ""salt"", ""baking soda"", ""cinnamon"", ""baking powder"")",5,162,501.2,24.2,3.7,55.8,392.8,67.6,2.7,40.9,6.3,10,2 loaves,"c(""In a mixing bowl, beat eggs, oil, sugar and vanilla."", ""Stir in zucchini."", ""Combine dry ingredients; add to zucchini mixture and mix well."", ""Pour into two greased 8x4x3-inch loaf pans."", ""Bake at 350°F for 1 hour or until bread tests done.  Makes 2 loaves."")"
000221,*221*,Chocolate Chip Muffins,1752,Bob Ross,PT40M,PT55M,PT1H35M,1999-09-12T05:54:00Z,When I find my bananas getting too ripe I freeze them for later use.  Just thaw them in the microwave when you want to use.  Here is a recipe for chocolate chip muffins that uses one banana. They even taste healthy :-),"c(""https://img.sndimg.com/food/image/upload/w_555,h_416,c_fit,fl_progressive,q_95/v1/img/recipes/22/1/picmE4uiZ.jpg"", ""https://img.sndimg.com/food/image/upload/w_555,h_416,c_fit,fl_progressive,q_95/v1/img/recipes/22/1/picjXaLFo.jpg"")",Quick Breads,"c(""Breads"", ""Weeknight"", ""Oven"", ""< 4 Hours"")","c(""1 3/4"", ""1/2"", ""2 1/2"", ""1"", ""1/2"", ""2"", ""1"", ""1/3"", ""1"")","c(""all-purpose flour"", ""whole wheat flour"", ""baking powder"", ""banana"", ""brown sugar"", ""eggs"", ""milk"", ""butter"", ""chocolate chips"")",5,9,264.6,11.2,6.5,51.6,139.4,38.8,2.2,17.8,5,12,12 muffins,"c(""Preheat oven to 400 degrees Fahrenheit."", ""Butter 12 large muffin pans well or line with  paper muffin cups."", ""Sift together all-purpose flour, whole wheat flour, and baking powder. Reserve."", ""Combine mashed banana with brown sugar until smooth."", ""Beat in eggs, milk and melted butter."", ""Stir in dry ingredients only until blended."", ""Quickly stir in chocolate chips. Do not overbeat."", ""Spoon mixture into prepared muffin cups. An ice cream scoop  works  well for this."", ""Bake 25 minutes or until browned slightly."", 
""Cool on  racks."", ""Preparation time 15 minutes, Cooking Time 25 minutes, Yield 12 large muffins."", ""RJ's Note: Tested recipe August 31, 1999."", ""I substituted 1/3 cup canola oil instead of butter."", ""The banana and chocolate chips give the muffin a nice flavour and it is not overly sweet.  Tastes almost healthy :-)."")"
000222,*222*,Chocolate Triumph of Gluttony Cake,123897,Vnut-Beyond Redempt,PT53M,PT2H10M,PT3H3M,1999-09-12T06:22:00Z,"Recipe Courtesy of Nick Malgeri, Director Baking Program,  Peter Kumps Cooking School  PAN DI SPAGNA",character(0),Dessert,"c(""Weeknight"", ""Oven"", ""< 4 Hours"")","c(""4"", ""1"", ""3/4"", ""1/2"", ""1/2"", ""1"", ""1 1/4"", ""1/2"", ""2"", ""2"", ""1/3"", ""1/3"", ""3"")","c(""eggs"", ""vanilla extract"", ""sugar"", ""unbleached all-purpose flour"", ""cornstarch"", ""salt"", ""unsalted butter"", ""maraschino cherries"", ""unsalted shelled pistachios"", ""sugar"", ""water"", ""maraschino cherry juice"")",NA,NA,466.1,31.2,13.2,109,52.1,44.2,5.5,23.9,10.7,NA,1 cake,"c(""In a medium mixing bowl, whisk the yolks with the vanilla extract.  Whisk in half the sugar and continue to beat until very light and  frothy, about 5 minutes."", ""Combine the flour and cornstarch and sift  once to aerate. In a clean, dry bowl, beat the egg whites with the  salt until they hold a very soft peak."", ""Beating faster, add the  remaining sugar in a very slow stream, beating until the egg whites  hold a firm peak."", ""Fold the yolks into the whites."", ""Sift the flour and  cornstarch over the eggs in 3 additions, folding them in gradually."", 
""Do not over-mix the batter."", ""Pour the batter into a buttered and  paper-lined 9- or 10-inch round pan, 2-inches deep and smooth the  top."", ""Bake the Pan di Spagna at 350 degrees, 30 to 40 minutes,  until it is well risen and feels firm when pressed gently with the  palm of the hand."", ""Immediately loosen the layer from the side of the  pan with a small knife or spatula."", ""Invert the layer and leave the  paper stuck to it. Turn the layer right side up and cool it on a rack."", ""Double-wrap the layer in plastic and keep it in the refrigerator up to  5 days or freeze it. Variations: Flavor the batter with a grated  orange or lemon zest or a tablespoon of Anisette."", 
""For the chocolate filling, bring the cream to a boil and remove the  heat."", ""Add finely cut chocolate, stir once and let stand for 3  minutes."", ""Whisk smooth, pour into a bowl and cool until set, several  hours at a cool room temperature."", ""Set aside."", ""For the syrup, bring  sugar and water to a boil in a small pan."", ""Cool and stir in  Maraschino."", ""For the pistachios, place in a pan and cover with  water."", ""Bring to a boil, drain and rub in a towel to loosen skins."", ""Go over pistachios to separate from skins."", 
""Place pistachios on a jelly  roll pan and dry out at 325 degrees about 5 minutes."", ""Cool and  chop coarsely."", ""To prepare the layers, cut the Pan di Spagna into 5  thin horizontal slices."", ""Reserve 2 of the slices, then cut the other  slices into smaller disks, each 1-inch smaller in diameter then the  reserved 2, to make a 9, 8-, and 7-inch disk."", ""Reserve scraps."", ""To  finish the filling, beat the butter by machine until soft and light, then  beat in the cooled chocolate mixture all at once. Beat again until  light, then beat in the Maraschino."", 
""Stir in half of the chopped  pistachios."", ""To assemble, place one of the 10-inch layers on a  platter or cardboard and moisten with the syrup."", ""Spread the filling."", ""Continue with the remaining layers."", ""After spreading the 7-inch layer  with the filling, form a 6-inch layer with the scraps on top of it."", ""Moisten the 6-inch layer and spread the entire outside of the cake  with the filling."", ""Cut a slash from the center to the edge of the  reserved 10-inch layer and cover the entire outside of the cake with  it."", 
""Moisten with the remaining syrup and spread with the remaining  filling."", ""Press the reserved pistachios all over the outside of the  cake."", ""Dust lightly with the confectioners' sugar."")"
000223,*223*,Chocolate Chip Squares,1603,Carol H,PT30M,PT35M,PT1H5M,1999-09-20T19:19:00Z,Make and share this Chocolate Chip Squares recipe from Food.com.,character(0),Bar Cookie,"c(""Dessert"", ""Cookie & Brownie"", ""Kid Friendly"", ""Weeknight"", ""Oven"", ""< 4 Hours"")","c(""1"", ""1/2"", ""1 1/2"", ""1"", ""1"", ""1"", ""2"", ""1"", ""2"", ""1"")","c(""butter"", ""brown sugar"", ""flour"", ""baking powder"", ""vanilla"", ""milk"", ""chocolate chips"", ""brown sugar"")",3,2,439.4,24.4,14.8,72.3,164.2,56.2,2,41.4,4,12,NA,"c(""Mix the butter, brown sugar, flour, baking powder, vanilla, milk, and egg yolks together until it forms a stiff dough."", ""Press dough into the bottom of a 9 X 9 inch pan."", ""Sprinkle chocolate chips over dough."", ""Make a meringue by whipping together the egg whites and brown sugar."", ""Pour meringue over dough and chocolate chips."", ""Bake at 350 degrees Fahrenheit for about 30 minutes."", ""NOTES : I usually cut down on the brown sugar in the meringue by about 1/4 of a cup. The squares are rich enough that they don't miss it. I also use margarine instead of butter.""
)"
000224,*224*,Chocolate Tapioca Pudding,1530,Carole Reu,PT20M,PT30M,PT50M,1999-08-14T19:56:00Z,Make and share this Chocolate Tapioca Pudding recipe from Food.com.,"""https://img.sndimg.com/food/image/upload/w_555,h_416,c_fit,fl_progressive,q_95/v1/img/recipes/22/4/picgOJlqk.jpg""",Dessert,"c(""Free Of..."", ""< 60 Mins"")","c(""1"", ""3"", ""1/8"", ""3 2/3"", ""1"", ""2"", ""2"", ""1"", NA)","c(""sugar"", ""tapioca"", ""salt"", ""milk"", ""egg"", ""instant coffee"", ""vanilla"")",5,8,230.5,8.4,5,42.1,102.2,36.1,1.2,25.3,5.5,8,NA,"c(""Combine sugar, tapioca, and salt in a saucepan; stir in milk and egg."", ""Let stand 5  minutes."", ""Add chopped chocolate squares and instant coffee."", ""Cook, stirring over medium heat, until mixture comes to a full boil and chocolate is blended, about 15 minutes."", ""Remove from heat and stir in vanilla."", ""Cool for 20 minutes; stir and chill."", ""Serve  with whipped topping if desired."")"
000225,*225*,Chocolate Chip Shortbread,1530,Carole Reu,PT8M,PT35M,PT43M,1999-08-22T05:26:00Z,Make and share this Chocolate Chip Shortbread recipe from Food.com.,character(0),Dessert,"c(""Cookie & Brownie"", ""Scottish"", ""European"", ""Christmas"", ""< 60 Mins"", ""For Large Groups"", ""Oven"")","c(""1"", ""1/2"", ""1"", ""2"", ""1"", ""1 1/2"")","c(""unsalted butter"", ""powdered sugar"", ""vanilla"", ""all-purpose flour"")",3,1,111.7,7,4.3,13.8,1.1,11.1,0.6,5,1.1,36,NA,"c(""Cream butter, sugar, and vanilla until blended."", ""On low speed, beat in flour."", ""Stir in 1/2 cup chocolate chips."", ""Cover and chill until firm, but not too firm."", ""Shape heaping tablespoonfuls into 3\"" long x 1/2\"" thick logs."", ""Place cookies on lightly greased cookie sheets."", ""Bake in 350 degree Fahreneheit oven for 8 minutes or until golden brown."", ""Cool."", ""Melt remaining 1/2 cup chocolate chips and oil."", ""Dip 3/4\"" of one end of  each cookie into the melted chocolate."", ""Place cookies on a wire rack to set.""
)"
000226,*226*,Chocolate Chunk and Walnut Brownies,174711,Queen Dragon Mom,PT6H50M,PT1H,PT7H50M,1999-08-08T01:38:00Z,Make and share this Chocolate Chunk and Walnut Brownies recipe from Food.com.,character(0),Bar Cookie,"c(""Dessert"", ""Cookie & Brownie"", ""Fruit"", ""Nuts"", ""Kid Friendly"", ""Weeknight"", ""For Large Groups"", ""Oven"")","c(""1 1/4"", ""1/4"", ""1/8"", ""14"", ""1"", ""9"", ""1/4"", ""1/4"", ""3"", ""1"", ""1 1/2"", ""9"")","c(""all-purpose flour"", ""baking soda"", ""salt"", ""granulated sugar"", ""unsalted butter"", ""light corn syrup"", ""water"", ""eggs"", ""vanilla extract"", ""walnuts"")",4,3,247.2,18.6,8.9,34.7,41.4,22.2,3.5,9.7,4.8,24,NA,"c(""Preheat oven to 325 degrees Fahrenheit."", ""Line a 13 by 9-1/2 inch baking pan with two layers of aluminum foil, allowing an overhang on each end. Grease the foil with butter."", ""Stir together the flour, baking soda, baking powder and salt."", ""Place the chopped semi-sweet chocolate in a larger bowl."", ""In a saucepan, heat the granulated sugar, unsalted butter, corn syrup and water until the butter melts and the sugar is dissolved."", ""Remove the pan from the heat once it reaches a boil."", ""Pour the hot syrup over the semi-sweet chocolate, allowing it to stand momentarily. Stir until smooth."", 
""Whisk the eggs in one at  a time."", ""Whisk in the vanilla and the flour mixture until smooth."", ""Fold in the walnuts and the chopped Swiss chocolate."", ""Scrape the batter into the prepared pan."", ""Bake for 50 minutes to 1 hour, or until a cake tester comes out clean."", ""Cool the brownies in the pan on a wire rack for at least 6 hours."", ""Carefully invert the brownies onto a large cutting board or platter and peel off the foil."", ""Invert the brownies again and cut into 24 squares."")"
000227,*227*,Chocolate Pudding,2178,troyh,NA,PT25M,PT25M,1999-08-18T04:35:00Z,Make and share this Chocolate Pudding recipe from Food.com.,"""https://img.sndimg.com/food/image/upload/w_555,h_416,c_fit,fl_progressive,q_95/v1/img/recipes/22/7/picUibSRC.jpg""",Dessert,"c(""Free Of..."", ""< 30 Mins"")","c(""2 1/2"", ""5"", ""3"", ""1"", ""2 1/2"", ""2/3"", ""2"", ""1"", ""1"")","c(""instant nonfat dry milk powder"", ""sugar"", ""cornstarch"", ""salt"", ""chocolate pudding mix"", ""milk"", ""vanilla"", ""butter"")",4.5,5,6860.2,60.2,36.6,129.4,3659.8,1579,74.8,1092.1,118.9,NA,1 jar,"c(""Mix the dry milk powder, sugar, cornstarch, salt, and cocoa together until well blended."", ""It can be stored in a big airtight container or glass jar until you need it."", ""To use, stir mix before using to redistribute ingredients."", ""Measure out 2/3 cup of the pudding mix into a medium saucepan."", ""Add milk, vanilla and butter and cook over low heat, stirring constantly until mixture comes to a boil."", ""Continue cooking and stirring for another minute."", ""Remove from heat and let cool."")"
000228,*228*,Chocolate Coffee,1530,Carole Reu,NA,PT10M,PT10M,1999-08-21T11:14:00Z,Make and share this Chocolate Coffee recipe from Food.com.,"c(""https://img.sndimg.com/food/image/upload/w_555,h_416,c_fit,fl_progressive,q_95/v1/img/recipes/22/8/picky2WNd.jpg"", ""https://img.sndimg.com/food/image/upload/w_555,h_416,c_fit,fl_progressive,q_95/v1/img/recipes/22/8/picABRvk5.jpg"", ""https://img.sndimg.com/food/image/upload/w_555,h_416,c_fit,fl_progressive,q_95/v1/img/recipes/22/8/picDRN1ws.jpg"")",Beverages,"c(""Low Protein"", ""< 15 Mins"", ""Easy"")","c(""4"", ""2"", ""4"", ""3/4"", NA)","c(""half-and-half"", ""brewed coffee"")",5,6,308.3,19.3,11.9,29.9,43.5,20.3,3.1,11.5,5,6,NA,"c(""Bring chocolate and half and half to a boil in a large saucepan over medium heat stirring constantly; stir in coffee."", ""Remove from heat; stir in liqueur."", ""Serve  with sweetened whipped cream."")"
000229,*229*,Chocolate Pudding II,1530,Carole Reu,NA,PT25M,PT25M,1999-08-12T06:56:00Z,Make and share this Chocolate Pudding II recipe from Food.com.,"""https://img.sndimg.com/food/image/upload/w_555,h_416,c_fit,fl_progressive,q_95/v1/img/recipes/22/9/picKWjzxr.jpg""",Dessert,"c(""Free Of..."", ""< 30 Mins"")","c(""1"", ""1/4"", ""1/2"", ""2 1/2"", ""3"", ""2"", ""1"", ""1"")","c(""sugar"", ""cornstarch"", ""salt"", ""milk"", ""baking chocolate"", ""butter"", ""vanilla"")",4.5,6,305.4,12.6,7.3,113.7,263.7,46.1,1.6,33.5,5.8,6,NA,"c(""Combine sugar, cornstarch, and salt in medium saucepan; gradually stir in milk  and egg yolks."", ""Add baking chocolate, broken into pieces; cook and stir over  medium heat until mixture boils."", ""Boil and stir for 1 minute; remove from heat.  Add butter and vanilla; pour into individual serving dishes."", ""Chill."", ""Serve with whipped cream."")"
000230,*230*,Fudgy Chocolate Crinkle Cookies,1530,Carole Reu,PT12M,PT10M,PT22M,1999-08-20T10:08:00Z,Make and share this Fudgy Chocolate Crinkle Cookies recipe from Food.com.,"c(""https://img.sndimg.com/food/image/upload/w_555,h_416,c_fit,fl_progressive,q_95/v1/img/recipes/23/0/picnPKYOC.jpg"", ""https://img.sndimg.com/food/image/upload/w_555,h_416,c_fit,fl_progressive,q_95/v1/img/recipes/23/0/picUzP7gL.jpg"")",Dessert,"c(""Cookie & Brownie"", ""< 30 Mins"", ""For Large Groups"", ""Oven"", ""Easy"")","c(""1/2"", ""4"", ""2"", ""4"", ""2"", ""1/2"", ""2"", ""2"", ""1"")","c(""sugar"", ""eggs"", ""vanilla"", ""salt"", ""flour"", ""baking powder"", ""powdered sugar"")",5,13,298.7,11.9,3.6,52.9,137.7,46.8,1.6,32.6,4.1,16,48 cookies,"c(""Mix oil, chocolate, sugar; blend in eggs."", ""Add vanilla, salt, baking powder and flour."", ""Cover and chill several hours or overnight."", ""Preheat oven to 350F and grease your cookie sheets."", ""Roll 1 tbsp dough into a ball and roll around in powdered sugar to coat."", ""Place on greased cookie sheet and bake for 10 to 12  minutes."", ""Remove from baking sheet and cool."")"
000231,*231*,Chocolate Cream Puffs,1530,Carole Reu,PT55M,PT1H15M,PT2H10M,1999-08-22T04:46:00Z,Make and share this Chocolate Cream Puffs recipe from Food.com.,character(0),Dessert,"c(""Weeknight"", ""Oven"", ""< 4 Hours"")","c(""1"", ""1/2"", ""2"", ""1/4"", ""1"", ""1"", ""5"", ""1"")","c(""water"", ""unsalted butter"", ""sugar"", ""salt"", ""flour"", ""eggs"", ""ice cream"")",5,3,235.8,14.7,8.6,117.2,115.2,20.9,0.7,11.6,5.4,12,NA,"c(""Combine water, butter, sugar and salt in a medium size saucepan."", ""Place over  medium low heat to melt butter."", ""Add flour and cocoa powder all at once; stir  vigorously until mixture pulls away from side of pan."", ""Remove from heat. Heat  oven to 400."", ""Lightly coat baking sheet with cooking spray."", ""With the saucepan  off heat, add eggs one at a time, to batter in saucepan, beating well after each addition."", ""With a 1/4 cup drop mixture onto baking sheet, spacing 2\"" apart. Bake for 40 minutes until puffed and firm."", 
""Cool slightly."", ""Cut off top third of each puff; scoop out soft center from bases."", ""Cool bases and top on wire rack."", ""Fill  puffs with ice cream of your choice; cover with tops."", ""Freeze on baking sheets  until firm."", ""Transfer to an airtight container."", ""Freeze for up to 1 week."", ""Place puff on plates."", ""Let stand 15 minutes."", ""Top with sauce of your choice."")"
000232,*232*,Chocolate Cream Meringue Pie,1530,Carole Reu,PT19M,PT35M,PT54M,1999-08-21T10:27:00Z,Make and share this Chocolate Cream Meringue Pie recipe from Food.com.,"c(""https://img.sndimg.com/food/image/upload/w_555,h_416,c_fit,fl_progressive,q_95/v1/img/recipes/23/2/picoZjAEx.jpg"", ""https://img.sndimg.com/food/image/upload/w_555,h_416,c_fit,fl_progressive,q_95/v1/img/recipes/23/2/picf5rb8B.jpg"")",Pie,"c(""Dessert"", ""< 60 Mins"", ""Oven"")","c(""1"", ""1"", ""1/2"", ""6"", ""1/2"", ""2"", ""3"", ""1/2"", ""2"", ""4"", ""1/2"", ""6"")","c(""sugar"", ""all-purpose flour"", ""salt"", ""milk"", ""butter"", ""margarine"", ""vanilla"", ""cream of tartar"", ""sugar"")",4.5,22,456.1,23.4,11.4,101.3,425.1,56.4,2.4,34.8,7.8,8,NA,"c(""FILLING:"", ""Combine sugar, flour, cocoa, and salt in medium saucepan; stir in milk."", ""Cook  over medium heat, stirring constantly until mixture boils; remove from heat."", ""Stir half of the mixture into beaten egg yolks; return egg mixture to saucepan."", ""Continue cooking and stirring over medium heat until mixture boils; boil and  stir for 1 minute."", ""Remove from heat and stir in butter and vanilla."", ""Cool for  10 minutes."", ""Pour into pre-baked pie shell."", ""MERINGUE TOPPING:"", ""Heat oven to 350°F."", 
""In small mixing bowl, beat egg whites and cream of tartar until foamy."", ""Gradually add sugar and beat until stiff peaks form."", ""Spread this on warm pie  filling, carefully sealing to the edges of crust."", ""Bake 5 to 8 minutes or just  until meringue is lightly browned."", ""Cool to room temperature; chill for several  hours."")"
000233,*233*,Chocolate Cream Easter Eggs,1530,Carole Reu,NA,PT30M,PT30M,1999-08-22T04:43:00Z,Make and share this Chocolate Cream Easter Eggs recipe from Food.com.,character(0),Dessert,"""< 30 Mins""","c(""1"", ""5"", ""3"", ""2"", ""1/2"", ""1/2"", NA)","c(""butter"", ""flour"", ""water"")",NA,NA,1362.3,57.8,36.5,152.7,992.7,214.4,0.6,0.1,7.8,1,NA,"c(""Combine frosting mix with soft butter, water and if desired chopped fruits or  nuts."", ""Knead 20-30 times on board lightly dusted with confectioners sugar."", ""Divide and shape into 8 eggs; chill."", ""Coat eggs with Chocolate Fudge Frosting  mix by dipping egg into frosting, ending with a swirl on top."", ""Keep frosting mix over hot water while dipping the eggs."", ""Decorated with white frosting mix tinted with pastel colors."")"
000234,*234*,Chocolate Cream Cheese Pie,1530,Carole Reu,NA,PT20M,PT20M,1999-08-23T20:13:00Z,Make and share this Chocolate Cream Cheese Pie recipe from Food.com.,character(0),Pie,"c(""Dessert"", ""Cheese"", ""< 30 Mins"", ""Freezer"", ""Easy"")","c(""1"", ""1/3"", ""3"", ""3"", ""1"", ""1"")","c(""German chocolate square"", ""milk"", ""cream cheese"", ""sugar"", ""Cool Whip"", ""graham cracker pie crust"")",5,2,299.7,18.7,10.3,13.1,214.3,31.5,0.5,22.7,2.7,8,NA,"c(""Melt chocolate bar in milk over low heat."", ""Cream together cream cheese and sugar. Add chocolate, then fold in cool whip."", ""Put into pie crust."", ""Freeze."")"
000235,*235*,Chocolate Cream Brulee,1530,Carole Reu,PT1H,PT20M,PT1H20M,1999-08-22T04:50:00Z,Make and share this Chocolate Cream Brulee recipe from Food.com.,character(0),Dessert,"c(""Free Of..."", ""Weeknight"", ""Broil/Grill"", ""Oven"", ""< 4 Hours"")","c(""8"", ""10"", ""1/2"", ""1 1/2"", ""2"")","c(""chestnut puree"", ""heavy cream"", ""cinnamon"", ""chocolate"", ""sugar"")",NA,NA,588.1,35.5,21,102.1,53.3,66.9,1.9,14.3,5.9,4,NA,"c(""Beat the chestnut puree to lighten it."", ""Whip the cream (not stiffly); fold in  cinnamon, chestnut puree and chocolate."", ""Divide among 4 heat-proof ramekins and smooth level."", ""Chill 1 hour."", ""Preheat broiler."", ""Sprinkle sugar on the Brulee evenly; broil until bubbly."", ""Serve immediately."")"
000236,*236*,Chicken Curry II,1597,Kathy Bloor,NA,PT1H,PT1H,1999-08-12T06:14:00Z,"This is a very mild chicken curry, very suitable for children. My daughter loved it from the age of 9 months and 18 years later it is still a family favourite. You need to start it the day before but don't let that put you off. It couldn't be more simple to make. We serve the curry and rice as a complete meal, having a big plateful each (about 1-1/2 cup rice each and one cup of the curry).",character(0),Whole Chicken,"c(""Chicken"", ""Poultry"", ""Meat"", ""Asian"", ""Indian"", ""< 60 Mins"")","c(""1"", ""1"", ""2"", ""1"", ""3/4"", ""2"", ""1/2"", NA, ""4"")","c(""chicken"", ""unsalted butter"", ""onions"", ""salt"", ""flour"", ""curry powder"", ""ginger"", ""black pepper"")",5,3,376.3,21.9,7.2,97.5,544.8,17.3,1,3.5,26.1,8,NA,"c(""The day before, place whole chicken in a large saucepan."", ""Cover chicken with water; bring to a boil; lower heat and simmer for about one hour or until chicken is  starting to fall off the bones."", ""Remove chicken and put aside to cool."", ""Pour stock into a large bowl; place in the refrigerator."", ""The next day the fat will have set. Remove the fat and throw it away."", ""Meanwhile, remove chicken from bones and cut into bite size pieces."", ""Put in refrigerator until needed."", ""(Ingredients do not need to be precise.) Place butter and onions in saucepan over a medium to high  heat and fry until soft."", 
""Add one teaspoon of salt."", ""Add extra butter to saucepan if needed as you are about to add flour, curry powder, ginger, and a good few  shakes of pepper (about 1/2 teaspoon)."", ""You need the melted butter to combine it all to a thick paste."", ""Stir out any lumps."", ""Add chicken stock one cupful at a time; stir well to smooth paste."", ""Bring to boil after each cupful is added."", ""Continue with this process until sauce is the thickness you like. (I like it fairly thick)."", ""Add chopped chicken."", 
""Reheat until chicken is hot."", ""Serve with rice. (Tastes better if cooked the day before)."", ""Leftover curry can be frozen. Don't freeze the rice."")"
000238,*238*,Chicken Giblets or Livers,1598,Miss Daisy,PT5M,PT25M,PT30M,1999-08-25T06:01:00Z,"Giblets :  The edible inner parts of poultry, including the gizzard, heart, liver and kidneys ....... This recipes was devised to use up all the giblets left over from home slaughtered chickens!  You can use either giblets or just livers in this recipe.  However, the cooking time for giblets is longer than that for livers.  Giblets need 15 - 20 minutes, but the livers should be added only 5 - 8 minutes before serving.  Have lots of fresh bread and rolls on hand to dip into the sauce!","c(""https://img.sndimg.com/food/image/upload/w_555,h_416,c_fit,fl_progressive,q_95/v1/img/recipes/23/8/picWtSDwE.jpg"", ""https://img.sndimg.com/food/image/upload/w_555,h_416,c_fit,fl_progressive,q_95/v1/img/recipes/23/8/picfXlOXE.jpg"", ""https://img.sndimg.com/food/image/upload/w_555,h_416,c_fit,fl_progressive,q_95/v1/img/recipes/23/8/picKpI8DV.jpg"")",Chicken Livers,"c(""Chicken"", ""Poultry"", ""Meat"", ""Portuguese"", ""European"", ""< 30 Mins"", ""Stove Top"")","c(""1"", ""20"", ""2"", ""1"", ""5"", ""1"", NA, NA, ""2"", ""2"", ""100"")","c(""chicken giblets"", ""olive oil"", ""cumin"", ""clove"", ""paprika"", ""bay leaf"", ""piri-piri"", ""onions"", ""garlic"", ""white wine"")",5,3,506.5,27.5,7.2,599.9,196.5,12.5,1.1,2.7,45.5,NA,NA,"c(""Fry the giblets and/or livers in the olive oil until brown."", ""Add the spices and seasonings and stir well."", ""Add the chopped onion and garlic.  Fry for 5 minutes."", ""Add wine and simmer gently until cooked."", ""If you are cooking giblets only, a little water may be added if necessary."")"
000240,*240*,Chicken Fried Brown Rice,1572,Ed Paulhus,PT6M,PT10M,PT16M,1999-09-13T03:05:00Z,Make and share this Chicken Fried Brown Rice recipe from Food.com.,"""https://img.sndimg.com/food/image/upload/w_555,h_416,c_fit,fl_progressive,q_95/v1/img/recipes/24/0/picvBXFwb.jpg""",< 30 Mins,NA,"c(""2"", ""8"", ""1/2"", ""1/2"", ""3"", ""2"", ""1"", ""1"")","c(""boneless skinless chicken breasts"", ""green onion"", ""cooked brown rice"", ""light soy sauce"")",4.5,9,355.9,9.8,1.5,36.3,645.2,46.2,6.5,4.7,20.3,4,NA,"c(""Heat large nonstick skillet over medium heat. Add 1 tablespoon oil."", ""Add chicken, red  pepper, and green onion."", ""Cook 5 minutes until chicken is cooked through."", ""Remove  to plate."", ""Heat remaining tablespoon of oil in skillet."", ""Add cooked rice; cook 1 minute."", ""Stir in soy sauce, vinegar, and peas; cook 1 minute."", ""Stir in chicken and vegetable mixture."", ""*NOTE: Simmer, covered, 1 cup brown rice in 2-1/2 cups water for 45 minutes."")"
000242,*242*,&quot;any&quot; Muffins,1530,Carole Reu,PT20M,PT20M,PT40M,1999-09-05T19:54:00Z,Make and share this &quot;any&quot; Muffins recipe from Food.com.,character(0),Quick Breads,"c(""Breads"", ""Healthy"", ""< 60 Mins"", ""Oven"")","c(""2 1/2"", ""1"", ""1/4"", ""1"", ""1/2"", ""2"", ""1/2"", ""1"")","c(""white flour"", ""milk"", ""egg"", ""sugar"", ""baking powder"", ""salt"", ""milk"")",5,15,198.1,6.4,3.2,28,183.7,30.3,0.7,8.4,4.5,12,NA,"c(""Bake 15 to 20 minutes in a 400 oven."", ""FOR THE MUFFINS: GRAIN:  Use 2 to 2 1/2 cup of white flour."", ""OR --"", ""substitute oatmeal,  cornmeal, whole wheat flour, rye flour, or flake cereal for 1 cup of the white  flour."", ""OR --"", ""substitute 1 cup leftover cooked oatmeal, rice or cornmeal for  1/2 cup of the white flour and decrease liquid to 1/2 cup."", ""MILK:  Use 1 cup."", ""OR --"", ""substitute buttermilk or sour milk."", ""Or substitute fruit juice for part  or all of the milk."", ""FAT:  Use 1/4 cup vegetable oil or 4 Tbsp melted butter or  margarine.  OR  substitute regular or crunch peanut butter for part or all of  the fat.  The fat can be reduced or omitted with fair results if using a \""wet  addition.\""  EGG:  Use 1 egg."", 
""OR --"", ""substitute 1 heaping Tbsp of soy flour and 1 Tbsp of water."", ""If using a cooked grain, separate the egg, add the yolk to the batter, beat white until stiff, and fold into the batter."", ""SWEETENER:  Use  between 2 Tbsp and 1/2 cup sugar."", ""OR --"", ""substitute up to 3/4 cup brown sugar."", ""OR -- substitute up to 1/2 cup honey or molasses and decrease milk to 3/4 cup."", ""BAKING POWDER:  Use 2 teaspoons."", ""If using whole or cooked grains or more than 1 cup  additions, increase to 3 teaspoons."", 
""If using buttermilk or sour milk, decrease to 1  tsp and add 1/2 tsp baking soda."", ""SALT:  Use 1/2 tsp, or omit if you have a  salt-restricted diet.  OPTIONAL INGREDIENTS: The following ingredients are optional."", ""Additions can be  used in any combination, up to 1 1/2 cups total."", ""If using more than 1 cup of  wet additions, decrease the milk to 1/2 cup."", ""DRY ADDITIONS:  Nuts, sunflower seeds, raisins, coconut, and so on."", ""MOIST ADDITONS:  Blueberries, chopped apple, shredded zucchini, shredded carrot, and so on."", 
""WET ADDITIONS:  Pumpkin puree, applesauce, mashed potato, mashed bananas, mashed carrot, and so on."", ""If using 1/2 cup drained canned fruit or thawed shredded  zucchini, substitute the syrup or zucchini liquid for all or part of the milk."", ""SPICES:  Use spices that complement the additions, such as 1 tsp cinnamon with 1/4 tsp nutmeg or cloves."", ""Try 2 tsp grated orange or lemon peel."", ""JELLIES AND JAM:  Fill cups half full with a plain batter."", ""Add 1 tsp jam or  jelly and top with 2 more Tbsp batter."", 
""NONSWEET COMBINATIONS:  Use only 2 Tbsp sugar and no fruit.  Add combinations of the following:  1/2 cup shredded cheese, 2 strips fried and crumbled bacon, 2  Tbsp grated onion, 1/2 cup shredded zucchini, 2 Tbsp Parmesan cheese.  Spices  could include parsley, marjoram, rosemary --"", ""ALENA KIBBLER'S ADDITIONS: Hawaiian Muffins:  Use 1/2 cup mashed banana, 1/2 cup drained crushed pineapple, and 1/2 cup flake coconut, and 1 Tbsp vanilla or rum flavoring."", ""Use the  pineapple juice instead of milk."", 
""Cherry Vanilla Chip Muffins:  3/4 cup pitted chopped cherries, 3/4 cup vanilla  chips, 1 tsp vanilla."", ""Elvis Muffins:  Use about 3/4 to 1 cup mashed banana, 1/2 cup chopped peanuts or walnuts (any nut).  And substitute 1/4 peanut butter for the oil."")"
000243,*243*,Amber and Zach's Kisses,1538,Duckie067,NA,PT35M,PT35M,1999-09-13T11:02:00Z,Make and share this Amber and Zach's Kisses recipe from Food.com.,"c(""https://img.sndimg.com/food/image/upload/w_555,h_416,c_fit,fl_progressive,q_95/v1/img/recipes/24/3/picjGKQRO.jpg"", ""https://img.sndimg.com/food/image/upload/w_555,h_416,c_fit,fl_progressive,q_95/v1/img/recipes/24/3/piczjFzcO.jpg"")",Dessert,"c(""Low Cholesterol"", ""Healthy"", ""< 60 Mins"", ""For Large Groups"", ""Oven"", ""Easy"")","c(""3"", ""1 1/4"", ""1"", ""1"")","c(""granulated sugar"", ""baking powder"", ""salt"")",5,3,42.6,0,0,0,28.4,10.5,0,10.4,0.5,NA,NA,"c(""Beat egg whites until they are very stiff."", ""Add the sugar slowly while beating the stiff egg whites."", ""Drop by teaspoonfuls onto waxed paper lined cookie sheet."", ""Bake at 275 degrees Fahrenheit for 50 minutes."", ""Adds a wonderful decoration to anything edible or eat them by themselves."", ""For a colorful variation, separate into small bowls and add small drops of food coloring to a more colorful decoration."", ""Experiment with  them."", ""Use your imagination to make all kinds of food art; flowers, smiley faces, animals, etc.""
)"
000245,*245*,Swiss Crab Melt,25843,Crab Place,PT5M,PT5M,PT10M,1999-09-01T13:37:00Z,Make and share this Swiss Crab Melt recipe from Food.com.,character(0),Lunch/Snacks,"c(""Crab"", ""High In..."", ""< 15 Mins"", ""Easy"")","c(""2"", ""1/2"", ""4"", NA, ""1/3"", ""1"", NA, ""4"")","c(""English muffins"", ""tomatoes"", ""celery"", ""lemon juice"", ""mayonnaise"", ""swiss cheese"")",4.5,2,447.6,17.3,10.5,99.1,1312.7,30.5,2.8,4.2,41.3,2,NA,"c(""Split English muffins and broil until lightly browned."", ""Top each half  with a fourth of the crab meat."", ""Place a slice of tomato on each."", ""Sprinkle with salt and pepper."", ""Top with Swiss cheese."", ""Put back under the broiler briefly until cheese melts."", ""Serve while hot."")"
000246,*246*,Lee's Hot Crab Dip,25843,Crab Place,PT30M,PT15M,PT45M,1999-09-01T13:37:00Z,Make and share this Lee's Hot Crab Dip recipe from Food.com.,"c(""https://img.sndimg.com/food/image/upload/w_555,h_416,c_fit,fl_progressive,q_95/v1/img/recipes/24/6/picxbWNQR.jpg"", ""https://img.sndimg.com/food/image/upload/w_555,h_416,c_fit,fl_progressive,q_95/v1/img/recipes/24/6/9EIdCEP1QlesimoH26YN_Crab_Dip.jpg"", ""https://img.sndimg.com/food/image/upload/w_555,h_416,c_fit,fl_progressive,q_95/v1/img/recipes/24/6/pickTwNB0.jpg"", ""https://img.sndimg.com/food/image/upload/w_555,h_416,c_fit,fl_progressive,q_95/v1/img/recipes/24/6/picg4p81W.jpg"", ""https://img.sndimg.com/food/image/upload/w_555,h_416,c_fit,fl_progressive,q_95/v1/img/recipes/24/6/picAzsUt2.jpg"", 
""https://img.sndimg.com/food/image/upload/w_555,h_416,c_fit,fl_progressive,q_95/v1/img/recipes/24/6/pich4edRN.jpg"", ""https://img.sndimg.com/food/image/upload/w_555,h_416,c_fit,fl_progressive,q_95/v1/img/recipes/24/6/picbFuxcC.jpg"")",Crab,"c(""< 60 Mins"", ""Oven"")","c(""1/2"", ""1"", ""1/2"", ""2"", ""1"", ""1 1/4"", ""1/2"", ""1"", ""1"", ""1/4"")","c(""cream cheese"", ""sour cream"", ""mayonnaise"", ""lemon juice"", ""Worcestershire sauce"", ""dry mustard"", ""milk"", ""cheddar cheese"")",5,65,180.7,15.2,8.1,55.5,397.3,3,0,1.8,8.2,8,NA,"c(""Remove cartilage from crab meat."", ""In a large bowl, mix cream cheese, sour cream, mayonnaise, lemon juice, Worcestershire sauce, dry mustard, and garlic salt until smooth."", ""Add enough milk to make mixture creamy."", ""Stir in 2 tablespoons of the grated cheese."", ""Fold crab meat into cream cheese mixture."", ""Pour into greased 1-quart casserole."", ""Top with remaining cheese and paprika."", ""Bake at 325 degrees Fahrenheit until mixture is bubbly and browned on top, about 30 minutes."")"
000247,*247*,Grilled Avocado Toast,1744,agasdf,PT15M,PT15M,PT30M,1999-09-20T06:43:00Z,Make and share this Grilled Avocado Toast recipe from Food.com.,"""https://img.sndimg.com/food/image/upload/w_555,h_416,c_fit,fl_progressive,q_95/v1/img/recipes/24/7/pPz9Z7FDSAlhXaPL11pe_image.jpg""",Lunch/Snacks,"c(""Low Cholesterol"", ""Healthy"", ""< 30 Mins"")","c(""1/4"", ""1"", ""1"", ""3"", ""1/4"", ""1"", NA, NA)","c(""olive oil"", ""garlic clove"", ""plum tomatoes"", ""red onion"", ""avocado"", ""pepper"", ""cheddar cheese"")",5,1,3807.3,102.6,16.9,0,5279.2,605.9,40.8,33.6,126.5,NA,1 batch,"c(""Combine olive oil and garlic."", ""Cut bread diagonally into 1/2 inch slices."", ""Brush  each slice with oil."", ""Place on a cookie sheet; broil or grill until golden, approximately 5 minutes."", ""Top each slice with tomato, onion, avocado and cheese."", ""Return  to broiler for 5 to 10 minutes until avocados begin to blister and brown."")"
000248,*248*,Mustard Dill Sauce I,1554,Jacques Lorrain,NA,PT30M,PT30M,1999-09-05T20:06:00Z,Make and share this Mustard Dill Sauce I recipe from Food.com.,character(0),Low Protein,"""< 30 Mins""","c(""1/2"", ""6"", ""1/4"", ""2"", ""1/2"", ""6"")","c(""spicy brown mustard"", ""sugar"", ""distilled white vinegar"", ""dry mustard"", ""fresh dill"")",NA,NA,921.1,76.5,9.6,0,935.7,58.6,3.4,53,4.5,NA,1 1/2 cups,"c(""Whisk first 4 ingredients in bowl."", ""Gradually whisk in oil."", ""Stir in dill."", ""Cover and chill."")"
000249,*249*,Cucumber Pita Wedges,1744,agasdf,NA,PT25M,PT25M,1999-09-20T06:43:00Z,Make and share this Cucumber Pita Wedges recipe from Food.com.,character(0),Lunch/Snacks,"c(""Vegetable"", ""< 30 Mins"", ""No Cook"", ""Easy"")","c(""1"", ""2"", ""4"", ""1 -2"", NA)","c(""cream cheese"", ""cucumber"", ""lemon-pepper seasoning"")",4.5,8,374.2,20.6,12.6,62.4,490.9,37.7,1.7,2.1,10.2,4,NA,"c(""In a mixing bowl, beat cream cheese and salad dressing mix until combined."", ""Split pita breads in half, forming two circles."", ""Spread cream cheese mixture over pita circles; cut each into six wedges."", ""Top with cucumbers."", ""Sprinkle with lemon-pepper."")"
000250,*250*,Thai Chicken Curry,1601,Gilcat2,PT23M,PT10M,PT33M,1999-09-04T20:47:00Z,Make and share this Thai Chicken Curry recipe from Food.com.,"""https://img.sndimg.com/food/image/upload/w_555,h_416,c_fit,fl_progressive,q_95/v1/img/recipes/25/0/pico7fh1h.jpg""",Chicken Breast,"c(""Chicken"", ""Poultry"", ""Meat"", ""Thai"", ""Asian"", ""< 60 Mins"", ""Stove Top"")","c(""1"", ""3"", ""3"", ""1"", ""1/4"", ""1"")","c(""coconut milk"", ""potatoes"", ""nam pla"", ""curry powder"", ""clove"", ""boneless chicken"")",4.5,13,572.8,38.6,23.7,85.1,1163,32.2,4.1,1.8,27.2,4,NA,"c(""Combine cocnut milk, potatoes, nam pla, curry powder, and cloves."", ""Simmer 15 minutes."", ""Add chicken; cover, increase heat and cook until chicken and potatoes are tender, about 8 minutes."", ""Stir  occasionally."", ""Serve with rice."")"
000251,*251*,Thai Chicken Noodles,1601,Gilcat2,PT36M,PT35M,PT1H11M,1999-09-04T20:47:00Z,Make and share this Thai Chicken Noodles recipe from Food.com.,"c(""https://img.sndimg.com/food/image/upload/w_555,h_416,c_fit,fl_progressive,q_95/v1/img/recipes/25/1/picRSGryq.jpg"", ""https://img.sndimg.com/food/image/upload/w_555,h_416,c_fit,fl_progressive,q_95/v1/img/recipes/25/1/picKpJkP0.jpg"", ""https://img.sndimg.com/food/image/upload/w_555,h_416,c_fit,fl_progressive,q_95/v1/img/recipes/25/1/picbsZNME.jpg"")",Chicken Breast,"c(""Chicken"", ""Poultry"", ""Meat"", ""Thai"", ""Asian"", ""Healthy"", ""Weeknight"", ""< 4 Hours"")","c(""4"", ""2"", NA, ""8"", ""6"", ""3/4"", ""4"", ""6"", ""1"", ""3"", ""2"", ""1"", ""1/2"", ""2"", ""2"")","c(""boneless skinless chicken breast halves"", ""white wine"", ""garlic cloves"", ""shallots"", ""shrimp"", ""tomato paste"", ""sugar"", ""nam pla"", ""bean sprouts"", ""basil"", ""peanuts"")",4,9,616.9,5,1,151.2,780.5,96.3,4,12.4,43.9,4,NA,"c(""Marinate chicken in wine 30 minutes."", ""In a small skillet, saute garlic and shallots in 3 Tablespoons oil until crisp; drain, reserving oil."", ""Boil rice vermicelli noodles 2 minutes; drain; toss with garlic oil."", ""Grind red chilies."", ""In a wok, heat 1 tablespoon oil and fry chilies 1 minute, until aroma mellows."", ""Add chicken and wine, and sliced Chinese mushrooms; stir-fry 3 minutes."", ""Add shrimp; heat through; add tomato paste, 2 tablespoons sugar, and nam pla."", ""Add bean sprouts and basil; stir 2 minutes."", 
""Add noodles; toss."", ""Garnish with garlic, shallots, and peanuts."")"
000252,*252*,Sorrel Tarragon Sauce,1554,Jacques Lorrain,PT4H,PT25M,PT4H25M,1999-10-03T23:28:00Z,Make and share this Sorrel Tarragon Sauce recipe from Food.com.,"c(""https://img.sndimg.com/food/image/upload/w_555,h_416,c_fit,fl_progressive,q_95/v1/img/recipes/25/2/picY6RiAl.jpg"", ""https://img.sndimg.com/food/image/upload/w_555,h_416,c_fit,fl_progressive,q_95/v1/img/recipes/25/2/picWdQjhQ.jpg"")",Weeknight,NA,"c(""3/4"", ""3/4"", ""1/3"", ""2"", ""2"", ""1"", ""1"", ""1"")","c(""mayonnaise"", ""sour cream"", ""fresh sorrel"", ""arugula"", ""fresh tarragon"", ""dried tarragon"", ""fresh chives"", ""green onion tops"", ""fresh parsley"", ""fresh lemon juice"", ""garlic"")",4,2,706.3,62.5,19.1,90.3,933.4,36.3,0.7,11.9,5.3,NA,1 1/2 cups,"c(""Mix all ingredients in medium bowl."", ""Season with salt and pepper."", ""Cover and chill at least 4 hours."", ""(Can be prepared 1 day ahead. Keep refrigerated.)"")"
000253,*253*,Thai Cucumber Salad,1601,Gilcat2,NA,PT15M,PT15M,1999-09-04T20:42:00Z,Make and share this Thai Cucumber Salad recipe from Food.com.,character(0),Vegetable,"c(""Thai"", ""Asian"", ""Low Protein"", ""Low Cholesterol"", ""Healthy"", ""< 15 Mins"", ""No Cook"", ""Easy"")","c(""1"", ""1"", ""1"", ""1/2"", ""1"", ""1"", ""1"", ""1/4"")","c(""cucumber"", ""onion"", ""sugar"", ""nam pla"", ""lime"", ""peanuts"")",4.5,2,39.4,1.3,0.2,0,697,7.3,1.4,3,1.7,2,NA,"c(""Seed and finely chop cucumbers; pat dry."", ""Mix together with onion and shrimp;  sprinkle with sugar."", ""Season with nam pla and lime juice."", ""Sprinkle with peanuts and optional chilies."")"
000254,*254*,Lime Pistachio Bars,53959,looneytunesfan,PT46M,PT1H15M,PT2H1M,1999-09-10T04:32:00Z,Make and share this Lime Pistachio Bars recipe from Food.com.,character(0),Bar Cookie,"c(""Dessert"", ""Cookie & Brownie"", ""Lime"", ""Citrus"", ""Fruit"", ""Weeknight"", ""For Large Groups"", ""< 4 Hours"")","c(NA, ""1"", ""2"", ""1/2"", ""2"", ""3/4"", ""2"", ""1/4"", ""4"", ""4"", ""1/3"")","c(""all-purpose flour"", ""powdered sugar"", ""unsalted butter"", ""eggs"", ""granulated sugar"", ""all-purpose flour"", ""baking powder"", ""lime zest"", ""lime juice"", ""unsalted shelled pistachio"")",NA,NA,147.1,7.6,4,41.7,15.7,17.9,0.5,10.6,2.3,16,16 bars,"c(""To prepare crust: Preheat oven to 350°."", ""Coat bottom of 8-inch square baking pan with cooking spray."", ""Place flour and powdered sugar in bowl of food processor."", ""Add butter."", ""Pulse machine on and off until mixture resembles coarse meal."", ""(By hand, place flour and sugar in mixing bowl; add butter."", ""Cut butter into dry ingredients using pastry blender or 2 table knives.) Remove mixture from processor; knead gently until dough holds together and forms solid mass."", ""Press dough evenly into prepared pan."", 
""Bake on center rack until crust is lightly colored, 15-18 minutes."", ""Remove from oven; retain oven temperature. To prepare filling: Beat eggs in mixer on medium speed 1 to 2 minutes."", ""Add sugar, flour and baking powder; beat 1 minute at high speed."", ""Stir in lime zest and juice. Pour mixture over baked crust and spread evenly with spatula."", ""Return pan to oven and bake until top is light brown and center is set, 20-25 minutes."", ""Sprinkle pistachios over top, pressing them down so they adhere well."", 
""Let cool completely in pan."", ""Using long, heavy, sharp knife, cut into 16 squares."", ""If not using immediately, arrange squares on plate and cover with plastic wrap."", ""(Bars can be prepared 1 day ahead)."", ""Serve bars cold or at room temperature."")"
000256,*256*,London Bars,101732,mydesigirl,PT40M,PT1H,PT1H40M,1999-09-10T04:32:00Z,"Welcome to one of my adopted recipes. I have yet to make this, but I hear it is good, yet needs a tweak or two, based on a very helpful reviewer.  When I do make it, I may try adding the pecans to the crust and sprinkling a few on top of the meringue for a garnish.***ADOPTED AGAIN***",character(0),Bar Cookie,"c(""Dessert"", ""Cookie & Brownie"", ""Weeknight"", ""For Large Groups"", ""Oven"", ""< 4 Hours"")","c(""3/4"", ""1 1/4"", ""4"", ""2 1/2"", ""12"", ""1"", ""1/2"")","c(""butter"", ""margarine"", ""sugar"", ""eggs"", ""all-purpose flour"", ""vanilla extract"", ""pecans"")",4.5,2,69.4,2.8,1.4,15.4,22.6,10.4,0.2,6,0.9,72,NA,"c(""Cream butter in a large mixing bowl; gradually add 1/4 cup sugar, beating until light and fluffy."", ""Add egg yolks, one at a time, beating well  after each addition."", ""Stir in flour, blending well."", ""Press mixture into a lightly greased 15 x 10 x 1\"" jelly-roll pan."", ""Bake at 350 degrees Fahrenheit for 25 minutes or until lightly browned."", ""Remove from oven; cool in pan."", ""Spread raspberry  preserves over baked crust."", ""Beat egg whites (at room temperature) in a  medium mixing bowl until foamy."", 
""Gradually add remaining sugar, 1  tablespoon  at a time, beating until stiff peaks form."", ""Fold in vanilla."", ""Spread meringue over preserves."", ""Sprinkle with pecans."", ""Bake at 350 degrees Fahrenheit for 15 minutes or until  lightly browned."", ""Cool slightly; cut into 2 x 1-inch bars with a warm knife."", ""Remove to wire racks to cool completely."", ""Store in airtight containers."")"
000257,*257*,Stewed Jimmy Crabs,1730,Lintons Seafood,PT25M,PT1H,PT1H25M,1999-08-11T04:56:00Z,"This is a traditional watermen's meal, relished for its flavor and the respite it affords wives for picking crab meat. The eater, you see, does his own crab meat picking.  There is no etiquette, by the way, to the eating.  Just dig in.",character(0),Crab,"c(""Low Protein"", ""Low Cholesterol"", ""Healthy"", ""Weeknight"", ""< 4 Hours"")","c(""12 -15"", ""1"", ""4"", ""2"", ""1"", ""1/2"", ""1"", ""6 -8"")","c(""tap water"", ""bacon"", ""flour"", ""salt"", ""pepper"", ""onion"", ""potatoes"")",NA,NA,484.5,6.2,1.9,72.8,1146.8,82.2,10.2,4.9,26,NA,NA,"c(""Remove all traces of mud from crabs."", ""Pull off back shell and innards."", ""Set a 10 quart pot on the burner."", ""Lay 4 strips of bacon on the bottom of the pan and fry."", ""Set aside bacon."", ""To the bacon grease add 2 tablespoons of flour."", ""Brown the flour in the grease, then add 1 quart of water to the pot. Add the diced onion, the cleaned crabs, and the salt and pepper."", ""Cook over medium heat for 25 minutes, then add potatoes."", ""When potatoes are cooked through, remove the stew from the heat and serve hot. For hearty crab eaters, allow 4 crabs per serving.""
)"
000258,*258*,Ann's Blooming Lovely Chocolate Cheesecake,138047,HappyBunny,NA,PT50M,PT50M,1999-08-12T06:22:00Z,Make and share this Ann's Blooming Lovely Chocolate Cheesecake recipe from Food.com.,character(0),Cheesecake,"c(""Dessert"", ""< 60 Mins"", ""Oven"")","c(""75 -100"", ""450"", ""450"", ""1 1/2"", ""1"", ""2"", ""3"", ""2"", ""2 -4"")","c(""margarine"", ""firm tofu"", ""oranges"", ""banana"", ""cocoa powder"", ""sugar"", ""soya milk"")",5,1,388.3,20.3,4.3,0,528.5,46.1,3.8,10.1,11.6,8,NA,"c(""To make the base:"", ""Melt the margarine gently in a saucepan."", ""Crush  the digestive biscuits until they resemble fine breadcrumbs."", ""Take  the margarine off the heat and mix in the biscuit crumbs."", ""Press this mixture into an 11\"" flan tin."", ""To make the topping:"", ""Mix the tofu, orange juice, orange rind or  banana, cocoa powder, oil and sugar well, preferably in a food  processor."", ""Ensure a smooth consistency."", ""If it doesn't mix well, add  a few tablespoons of soya milk."", ""Place over the base and smooth the top."", 
""Cook for 30-40 minutes at 175 degrees Celsius."", ""Remove from oven."", ""Cool. Chill in the refrigerator overnight."", ""Add a topping of your choice such as slices of fresh orange or grated chocolate."")"
000259,*259*,Chinese Style Sauteed Firm Tofu,10033,spatchcock,PT5M,PT20M,PT25M,1999-08-12T06:22:00Z,"This is an adopted recipe that I have not yet had the chance to try. Please review and add comments should you try this before I do (or after, of course!) Thanks!",character(0),Soy/Tofu,"c(""Peppers"", ""Beans"", ""Vegetable"", ""Chinese"", ""Asian"", ""Low Cholesterol"", ""Free Of..."", ""< 30 Mins"", ""Stove Top"")","c(""24"", ""2"", ""1/2"", ""1"", ""6"", ""1"", ""2"", ""1"", ""1 1/2"", ""1"", ""1"", ""1"", ""1"")","c(""firm tofu"", ""salt"", ""onion"", ""mushrooms"", ""carrot"", ""green bell peppers"", ""sake"", ""white wine"", ""soy sauce"", ""gingerroot"", ""sugar"", ""water"", ""cornstarch"")",3.5,5,233.2,14.1,2.4,0,701,13.8,3.5,7.6,16.3,NA,NA,"c(""Cut tofu crosswise into pieces the shape of French-fried potatoes."", ""Heat a wok, coat with oil and sprinkle on the salt."", ""Add onion then mushrooms, stir-frying each over high heat for about 30 seconds."", ""Reduce heat to medium-low."", ""Add carrot, green pepper and tofu in that order, sauteing each for about 1 minute."", ""Reduce heat to low and add sake, soy sauce, ginger, sugar and water."", ""Simmer for 3 to 4 minutes."", ""Stir in dissolved cornstarch and simmer 30 seconds more."")"
000260,*260*,Chesapeake Bay Crab Salad,1730,Lintons Seafood,NA,PT25M,PT25M,1999-08-11T04:56:00Z,Make and share this Chesapeake Bay Crab Salad recipe from Food.com.,character(0),Crab,"c(""Free Of..."", ""< 30 Mins"")","c(""1"", ""1/4"", ""1"", ""2"", ""1 1/2"", ""1/2"", ""1/4"", ""1"", ""1/3"", NA, NA, NA)","c(""mayonnaise"", ""pimiento"", ""Dijon mustard"", ""Worcestershire sauce"", ""salt"", ""lemon"", ""celery"", ""lettuce"", ""lemon slice"", ""paprika"")",3,1,165,6,0.8,51.4,1465.6,6,0.8,1.8,21.4,4,NA,"c(""Remove cartilage from crab meat."", ""In a bowl, mix mayonnaise, pimiento, mustard, Worcestershire sauce, salt, hot pepper sauce, lemon juice, and celery."", ""Blend well."", ""Pour over crab meat and toss lightly but evenly."", ""Refrigerate."", ""Serve in bowl lined with lettuce leaves."", ""Garnish with lemon  slices and sprinkle with paprika."")"
000261,*261*,Crab Bisque Chincoteague,1730,Lintons Seafood,NA,PT35M,PT35M,1999-08-16T05:48:00Z,Make and share this Crab Bisque Chincoteague recipe from Food.com.,character(0),Crab,"""< 60 Mins""","c(""4"", ""4"", ""4"", ""3/4"", ""2"", ""1/2"", ""2"", ""1"", ""1"", NA, ""1"")","c(""butter"", ""flour"", ""milk"", ""sharp cheddar cheese"", ""lemon pepper"", ""cooking sherry"", ""parsley"", ""salt"")",5,15,605.7,48.2,29.9,198.4,898.5,14.7,0.2,0.4,24.9,6,NA,"c(""Melt butter in a heavy 4-quart saucepan over medium heat. Stir in flour to make a roux."", ""Slowly add milk until it is well blended."", ""Stirring constantly, add cheese and cook until mixture thickens."", ""Reduce heat and add seasonings, sherry, cream, and parsley."", ""When mixture is thoroughly heated, add crab meat, stirring gently to keep lumps intact. Serve immediately in warm bowls and garnish with parsley."")"
000262,*262*,Maryland Pavilion Crab Cakes,1730,Lintons Seafood,NA,PT40M,PT40M,1999-08-16T05:48:00Z,Make and share this Maryland Pavilion Crab Cakes recipe from Food.com.,character(0),Crab,"c(""Very Low Carbs"", ""< 60 Mins"")","c(""1"", ""2"", ""2"", ""1"", ""1"", ""1/4"", ""1/8"", ""1"", NA, NA)","c(""eggs"", ""mayonnaise"", ""parsley"", ""salt"", ""pepper"")",NA,1,106.8,3.7,0.8,95,788.7,1.4,0,0.4,16,6,NA,"c(""In a bowl, combine crab meat, eggs, mayonnaise, horseradish mustard,  chopped parsley, salt, pepper, and hot-pepper sauce. Mix lightly."", ""Separate  and form into 12 to 16 small cakes; do not pack firmly."", ""Roll crackers into  fine crumbs."", ""Pat the cracker crumbs lightly onto the crab cakes."", ""Heat oil  to a depth of about 1/4 inch in a large skillet, or heat the oil in a deep  fryer."", ""Fry crab cakes until golden brown, turning once. Drain on paper  toweling."", ""Serves 6."", ""\""This recipe came from the Maryland Pavilion at the 1964-65 New York  World's Fair.\""""
)"
000263,*263*,Crabapple Jelly,1704,HELEN PEAGRAM_40951,NA,PT45M,PT45M,1999-09-15T04:24:00Z,Make and share this Crabapple Jelly recipe from Food.com.,character(0),Jellies,"c(""Apple"", ""Fruit"", ""< 60 Mins"", ""Canning"", ""Easy"")","c(""3"", ""1"", ""3"")","c(""cinnamon"", ""lemon basil"", ""sugar"")",NA,NA,671.4,0.8,0.1,0,2.7,174.3,0,119.9,1.1,NA,5 cups,"c(""Wash apples; remove stem and blossom ends."", ""Cover with a water in a  large stainless steel or ceramic pot."", ""Add washed sprigs of cinnamon or lemon basil."", ""Simmer until apples are soft."", ""Drain juice over pan; through jelly bag or clean dish towel."", ""Bring 4 cups of drained juice (add water to make 4 cups if necessary), to a boil in a very large stainless steel or ceramic pot."", ""Add sugar and boil to sheeting stage. (When the drips sheet together on the side of a stainless steel spoon). Skim."", 
""Pour into sterilized jelly jars."", ""Skim again and seal with two thin layers of paraffin, making certain the 2nd one seals the jar to glass edges."", ""Yield - about 5 cups of bright red jelly."")"
000264,*264*,Trifle,1533,Dancer,PT25M,PT1H30M,PT1H55M,1999-08-17T06:14:00Z,"After steamed puddings, trifle is the most traditional of English Christmas  desserts. The cake base uses only egg white substitutes, while the custard  eliminates eggs completely.",character(0),Dessert,"c(""Pears"", ""Fruit"", ""Weeknight"", ""Oven"", ""< 4 Hours"")","c(""3"", ""1/2"", ""1/4"", ""2"", ""1"", ""1"", ""1/4"", ""1/3"", ""1/2"", ""2"", ""2"", ""2"", NA, ""1/3"", ""1"", ""1/4"")","c(""egg white substitute"", ""granulated sugar"", ""soymilk"", ""lemon juice"", ""whole wheat pastry flour"", ""baking powder"", ""salt"", ""cornstarch"", ""granulated sugar"", ""soymilk"", ""vanilla extract"", ""lemon juice"", ""sweet sherry"", ""port wine"", ""pear"")",4,3,253.8,3.9,0.4,0,172.5,48.9,3.9,27.9,6.2,8,NA,"c(""Preheat the oven to 350 degrees."", ""Beat the egg white substitutes until stiff  with an electric mixer."", ""Fold in the sugar, milk, and lemon juice and beat again."", ""Combine the flour, baking powder, and salt in a small mixing bowl."", ""Sprinkle into  the egg white mixture, a bit at a time, beating in each time with the mixer  until velvety smooth."", ""Pour into a lightly oiled, 9- by 13-inch baking pan."", ""Bake  for 25 minutes, or until the top is golden and a knife inserted into the center  tests clean."", 
""This cake may be made well ahead of time; let it cool completely,  then store in an airtight container or proceed with the remaining steps."", ""For  the custard, combine the cornstarch and sugar in a heavy saucepan."", ""Pour in  enough soy milk to dissolve them."", ""Whisk in the remaining milk."", ""Place over  moderate heat and bring to a simmer, whisking almost continuously, so that the  cornstarch does not lump on the bottom."", ""Let the mixture simmer gently, whisking  frequently, until thick."", ""Remove from the heat. Stir in the vanilla and lemon  juice. Let the custard cool to room temperature.  Before assembling the trifle, cut the cake base into 4 to 6 sections, then  carefully split the sections in half through the center so that they are half  the thickness."", 
""Spread the bottom halves with the raspberry preserves , then  cover with the tops."", ""Cut the sandwiched cake into approximately 1- by 2-inch  fingers."", ""Assemble the trifle in a trifle dish or a IO-inch round, preferably  clear-glass casserole dish at least 3 to 4 inches deep: half the cake fingers,  sprinkled with half of the sherry or port, half of the custard, the pear s  lices, the remaining cake fingers, the remaining sherry or port, the remaining  custard."", ""Sprinkle the top with the sliced almonds and decorate with small dots  of raspberry jam, either in an irregular or regular pattern."", 
""Chill thoroughly  before serving."")"
000265,*265*,Suffolk Trifle (English),121789,Chef Hels,NA,PT40M,PT40M,1999-08-17T06:14:00Z,"Okay, this isn't my recipe, although I do intend on making it soon.  It's one of the ones I acquired when the elves were clearing out the Recipezaar account.  Please tell me what it's like if you make it.",character(0),Dessert,"""< 60 Mins""","c(""4"", ""4"", ""1"", ""1/2"", ""1"", ""1"", ""1"", ""1/2"", ""3"", ""1"", ""1"", ""1/2"")","c(""white wine"", ""brandy"", ""egg"", ""cornflour"", ""caster sugar"")",NA,NA,625.7,43.4,25,210.8,142.4,49.5,1.7,37.8,7.8,4,NA,"c(""Put the macaroons in a glass bowl and pour over the wine and brandy."", ""Leave macaroons to soak, adding extra wine or brandy if they appear   dry."", ""Pour the single cream into a pan and warm gently until just on   the point of boiling."", ""Beat together the egg, egg yolk and cornflour   in a bowl, pour on the cream and whisk Iightly."", ""Return to a clean   saucepan and cook gently, without boiling, until custard has   thickened, stirring continuously."", ""Stir in the sugar and allow the   custard to cool a little. Pour over the soaked macaroons and set in   a cool place. Carefully smooth the jam over the custard,  then    sprinkle  with  almonds  and candied peel."", 
""Whip the double cream   until it stands in soft peaks and pipe or pile on top of trifle.   Serve decorated with extra blanched almonds and candied peel, if   desired."")"
000266,*266*,Twice-Baked Potatoes (Microwave),1704,HELEN PEAGRAM_40951,PT27M,PT50M,PT1H17M,1999-09-15T03:57:00Z,Make and share this Twice-Baked Potatoes (Microwave) recipe from Food.com.,"c(""https://img.sndimg.com/food/image/upload/w_555,h_416,c_fit,fl_progressive,q_95/v1/img/recipes/26/6/pic1M4xec.jpg"", ""https://img.sndimg.com/food/image/upload/w_555,h_416,c_fit,fl_progressive,q_95/v1/img/recipes/26/6/picpBbdpy.jpg"", ""https://img.sndimg.com/food/image/upload/w_555,h_416,c_fit,fl_progressive,q_95/v1/img/recipes/26/6/picuNLXQU.jpg"", ""https://img.sndimg.com/food/image/upload/w_555,h_416,c_fit,fl_progressive,q_95/v1/img/recipes/26/6/picCmZPFe.jpg"")",Potato,"c(""Vegetable"", ""Low Protein"", ""Weeknight"", ""Microwave"", ""< 4 Hours"")","c(""4"", ""6"", ""1/4"", ""2"", ""1/2"", ""1/2"", ""1/8"", NA)","c(""baking potatoes"", ""bacon"", ""butter"", ""margarine"", ""green onions"", ""milk"", ""salt"", ""pepper"", ""paprika"")",4.5,6,154.5,9.1,4.9,21.5,257,16.1,1.4,0.7,2.7,8,NA,"c(""Pierce well-scrubbed potatoes twice."", ""Place 1 inch apart on paper towel in microwave oven."", ""Microwave at HIGH 10-1/2 to 12-1/2 minutes, or until  just softened, rearranging and turning over after half the cooking  time."", ""Let stand, covered with a bowl, for 5 minutes."", ""Place bacon on paper towel lined plate. Cover with paper towel."", ""Microwave at HIGH 5 to 6 minutes, or until crisp."", ""Drain bacon on paper towel; crumble."", ""Place butter and green onion in 2 quart casserole; cover."", ""Microwave at HIGH 1-1/2 to 2 minutes, or until butter is melted and onion is tender."", 
""Cut potatoes in half lengthwise."", ""Scoop out center; place in casserole with onion-butter and bacon."", ""Add milk, salt and pepper; mash until fluffy."", ""Spoon into potato shells."", ""Arrange on paper towel-lined microwaveable baking sheet."", ""Sprinkle with paprika."", ""Microwave at HIGH 3 to 7 minutes, or until heated, rotating 1/2 turn."", ""Garnish with additional chopped green onion, if desired."")"
000267,*267*,Twice Baked Potatoes,1704,HELEN PEAGRAM_40951,PT1H45M,PT50M,PT2H35M,1999-09-15T03:57:00Z,Make and share this Twice Baked Potatoes recipe from Food.com.,"c(""https://img.sndimg.com/food/image/upload/w_555,h_416,c_fit,fl_progressive,q_95/v1/img/recipes/26/7/picmkFSou.jpg"", ""https://img.sndimg.com/food/image/upload/w_555,h_416,c_fit,fl_progressive,q_95/v1/img/recipes/26/7/267.jpg"")",Potato,"c(""Vegetable"", ""Weeknight"", ""Oven"", ""< 4 Hours"")","c(""6"", ""1/2"", ""1/4"", ""1"", ""1/2"", ""1/4"", ""1"", ""1/4"", NA)","c(""baking potatoes"", ""milk"", ""butter"", ""egg"", ""parmesan cheese"", ""nutmeg"", ""chives"", ""green onion top"", ""paprika"")",5,26,186,8.8,5.3,49.3,156.8,21.6,1.9,1,5.7,NA,8 halves,"c(""Heat oven to 400 degrees Fahrenheit."", ""Scrub potatoes; prick several times with a fork."", ""Place in oven; bake 50 to 60 minutes until potatoes feel soft when squeezed."", ""Remove and cool 15 minutes; half potatoes length wise (carefully)."", ""Using a small spoon scoop out pulp into a large bowl, leaving a 1/4 inch thick shell."", ""Save the best 8 shells."", ""Freeze the remaining shells for French fries or stuffed potato skins."", ""Simmer milk and butter until butter melts."", ""Pour over potato pulp and mash or beat until almost smooth."", 
""Add egg, half of cheese,salt, pepper and nutmeg."", ""Mash until almost smooth."", ""Fill shells using about 1/3 cup mixture per shell."", ""Sprinkle with chives or green onion, remaining cheese and a little paprika."", ""Reduce oven heat to 350 degrees Fahrenheit."", ""Place shells on cookie sheet."", ""Bake for 30 minutes until puffed and brown."")"
000270,*270*,Spiced Pear Butter,1551,Sean Coate,PT1H30M,PT30M,PT2H,1999-09-05T19:16:00Z,Make and share this Spiced Pear Butter recipe from Food.com.,character(0),Pears,"c(""Fruit"", ""Weeknight"", ""Stove Top"", ""< 4 Hours"")","c(""6"", ""3"", ""4"", ""2"", ""12"", ""8"", ""3"")","c(""pears"", ""cinnamon sticks"", ""allspice"", ""cloves"", ""sugar"")",5,9,851.6,0.8,0.1,0,10,221.9,17.1,189.6,2.2,NA,5 cups,"c(""Combine pears and apple juice in a large Dutch oven."", ""Tie broken cinnamon  spices, gingerroot, allspice and cloves in a piece of cheese cloth; add  to pear mixture. Bring to a boil; cover, reduce heat, and simmer for 45  minutes to 1 hour or until pears are tender."", ""Drain pears, and discard  spice bag."", ""Mash pears or process in food processor until smooth."", ""Return  pear puree to Dutch oven, and add sugar."", ""Cook, uncovered, over medium  heat for 30 to 40 minutes or until mixture thickens, stirring frequently."", 
""Remove from heat, and quickly pour hot pear mixture into hot sterilized  jars, leaving 1/4-inch headspace; wipe jar rims."", ""Cover at once with  metal lids, and screw on bands."", ""Process in boiling water bath for 5  minutes."")"
000271,*271*,Lemon Curried Lamb Chops,1543,Doreen Randal,PT20M,PT2H,PT2H20M,1999-09-12T06:15:00Z,Make and share this Lemon Curried Lamb Chops recipe from Food.com.,"c(""https://img.sndimg.com/food/image/upload/w_555,h_416,c_fit,fl_progressive,q_95/v1/img/recipes/27/1/picJ4N9BR.jpg"", ""https://img.sndimg.com/food/image/upload/w_555,h_416,c_fit,fl_progressive,q_95/v1/img/recipes/27/1/picJ4N9BR.jpg"", ""https://img.sndimg.com/food/image/upload/w_555,h_416,c_fit,fl_progressive,q_95/v1/img/recipes/27/1/picd5otmh.jpg"", ""https://img.sndimg.com/food/image/upload/w_555,h_416,c_fit,fl_progressive,q_95/v1/img/recipes/27/1/picJ4N9BR.jpg"")",Lamb/Sheep,"c(""Meat"", ""Very Low Carbs"", ""Weeknight"", ""< 4 Hours"", ""Easy"")","c(""4"", ""1/3"", ""1"", ""3"", ""1/4"", ""1 1/2"")","c(""lamb chops"", ""lemon juice"", ""salt"", ""curry powder"", ""sugar"", ""butter"")",5,15,381.7,34.1,16.7,93.2,696.8,2.9,0.6,0.8,15.9,4,NA,"c(""Combine lemon juice, curry powder, salt and sugar."", ""Brush mixture over the chops and let stand for 2 hours to absorb the flavors."", ""Heat the  butter in a frying pan, cook until golden brown on both sides."")"
000272,*272*,Lemon Mint Lamb Chops,1543,Doreen Randal,NA,PT25M,PT25M,1999-09-12T06:15:00Z,Make and share this Lemon Mint Lamb Chops recipe from Food.com.,"""https://img.sndimg.com/food/image/upload/w_555,h_416,c_fit,fl_progressive,q_95/v1/img/recipes/27/2/picdjVM3b.jpg""",Lamb/Sheep,"c(""Meat"", ""Very Low Carbs"", ""< 30 Mins"")","c(""8"", ""2"", ""1"", ""1"", ""2"", ""1/2"", ""2"")","c(""lamb chops"", ""butter"", ""onion"", ""lemon"", ""lemon juice"", ""sugar"", ""mint"")",5,3,706.5,62.2,29.6,171.1,189.7,5.5,1.6,1.3,31.6,4,NA,"c(""Grill chops until tender."", ""While chops are under the grill, prepare the sauce:"", ""Melt butter in pan; add finely chopped onion, saute until tender."", ""Add lemon rind, lemon juice, sugar and mint, heat gently."", ""Spoon over hot chops."", ""Cheers, Doreen Doreen Randal, Wanganui, New Zealand."")"
000273,*273*,Winter Pear Butter,1551,Sean Coate,PT15M,PT40M,PT55M,1999-10-03T23:54:00Z,"Smooth, delicate pear butter is delicious on toast, popovers, biscuits and other light breads. Try it on waffles and pancakes, too.",character(0),Pears,"c(""Fruit"", ""Low Protein"", ""Low Cholesterol"", ""Healthy"", ""Winter"", ""Christmas"", ""< 60 Mins"", ""Canning"", ""Easy"")","c(""8"", ""1"", ""1/3"", ""1/3"")","c(""pears"", ""sugar"", ""brandy"", ""water"")",5,3,2059.7,2.2,0.1,0,23.5,484.4,57,379.9,7,1,4 cups,"c(""Peel, quarter and core the pears; chop in 1/2-inch pieces."", ""Put all the ingredients in a large heavy pot; bring to a boil."", ""Reduce the heat and cook, stirring often, for 15 minutes, or until the  pears are soft."", ""Puree the mixture in a food processor or blender."", ""Return the  puree to the pot."", ""Cook uncovered over very low heat, stirring often, for 1 to 1-1/2 hours, or until the pear butter is very thick."", ""Be careful not  to let it scorch."", ""Remove from the heat."", ""Stir the hot pear butter for a minute or two to release more heat."", 
""Spoon into clean hot jars, leaving 1/4 inch of space at the top of  each jar."", ""Wipe the rim of each jar."", ""Cover and allow to come to room  temperature. (You'll notice that the pear butter is a rather gray-green  color; this is the correct color.)"", ""Label the jars and refrigerate for up to three weeks."", ""(Remember: The label should include the name of the recipe and the  date by which it should be eaten. Be sure the recipient stores the pear butter in the refrigerator.)."")"
000274,*274*,Meatballs in Cheese Pastry,1543,Doreen Randal,PT1H15M,PT55M,PT2H10M,1999-09-13T16:56:00Z,Make and share this Meatballs in Cheese Pastry recipe from Food.com.,character(0),Cheese,"c(""Meat"", ""Oven"", ""< 4 Hours"")","c(""1"", ""1"", ""100"", ""1 1/4"", ""1"", ""2"", ""250"", ""1"", ""1"")","c(""flour"", ""cayenne pepper"", ""butter"", ""cheese"", ""egg"", ""sesame seeds"", ""beef"", ""lime rind"", ""lime juice"")",5,1,273.2,21.1,11.5,68.1,270.5,14.1,0.7,0.1,7,8,NA,"c(""Process flour, pepper and butter until combined."", ""Add cheese, process until mixture forms a ball."", ""Knead dough on a lightly floured surface until smooth; cover and refrigerate 30 minutes."", ""Roll pastry between sheets of greaseproof paper until 2mm thick."", ""Cut into 4cm rounds, top each with a meatball."", ""Fold pastry to enclose meatballs completely, roll into balls."", ""Brush top with egg, sprinkle with seeds, place about 3cm apart on greased oven trays."", ""Cover and refrigerate 30 minutes."", 
""Bake in a moderately hot oven about 15 minutes or until lightly browned; cool before serving."", ""MEATBALLS:- Combine all ingredients in a bowl; mix well."", ""Roll level teaspoons of mixture into balls."", ""You can make three hours ahead of time and cooked balls freeze well."")"
000275,*275*,Basic Habanero Sauce,1734,Michael D. King,PT12M,PT25M,PT37M,1999-08-23T12:51:00Z,"WARNING, WHEN HANDLING HABENEROS, WEAR RUBBER GLOVES AND GLASSES or GOGGLES.  WHEN COOKING ALWAYS COVER, OR USE THE STOVE'S VENT FAN.       Basic Habenero Sauce",character(0),Low Protein,"c(""Low Cholesterol"", ""Free Of..."", ""< 60 Mins"")","c(""12"", ""1"", ""1/2"", ""1/2"", ""1/2"", ""2"", ""1/4"")","c(""habanero peppers"", ""carrot"", ""onion"", ""distilled vinegar"", ""garlic cloves"", ""lime juice"")",5,1,55,2,0.3,0,12.6,8.5,1.4,4.5,1.5,NA,8-9 oz,"c(""Saute onion and garlic until soft."", ""Add carrots with a small amount of water."", ""Bring  to a boil, reduce heat and simmer until carrots are soft."", ""Place in a blender with the peppers; puree until smooth."", ""Mix puree with vinegar and lime juice and simmer for 5 minutes."", ""Seal in sterilized bottles/jars.  Makes 2 cups."", ""You can also try: My recipe."", ""I'm allergic to onions, so I make mine somewhat differently"", ""24-30 Habenero peppers, stemmed and chopped, 2 Tbsp Olive oil, 1 pound shredded carrots, 2 heaping Tbsp of chopped garlic (I get this at the market in a jar. I prefer  to use the water pack, but the garlic packed in oil works just as well), 1 cup apple cider vinegar, 1/2 to 3/4 cup key lime juice."", 
""Saute Garlic in oil until soft."", ""Add carrots and stir-fry for a minute or two to  distribute the garlic well."", ""Add enough water to come just short of covering the  carrots."", ""Bring to a boil, and simmer until carrots are soft, and liquid is  reduced to about 1/2 of what you started with."", ""Put carrot mixture and peppers into food processor and process until relatively smooth, adding vinegar and lime juice."", ""Return to the stove and simmer 5 to 7 minutes."", ""For smooth Tabasco style sauce, strain through cheesecloth (pressing out  all the liquid) and bottle in sterilized bottles."", 
""For a thicker basting type sauce, bottle as is."", ""Makes 8 or 9 ( 4 oz) canning jars."")"
000276,*276*,Greek Phyllo Seafood Rolls,174711,Queen Dragon Mom,PT34M,PT1H40M,PT2H14M,1999-09-13T03:48:00Z,"From spanakopita to baklava, the Greeks know how to use phyllo! Here the flaky dough encloses a mixture of spinach, cheese and shrimp, lightly seasoned with lemon. The rolls are easy to make and delicious to eat, particularly with a  Greek salad of tomatoes, feta, olives and bell peppers alongside.",character(0),Savory Pies,"c(""Greek"", ""European"", ""Weeknight"", ""Oven"", ""< 4 Hours"")","c(""1"", ""3/4"", ""1/3"", ""1"", ""1"", ""1/4"", ""2"", ""1"", ""4"", ""6"", ""16"", ""1/4"")","c(""frozen spinach"", ""part-skim ricotta cheese"", ""feta cheese"", ""lemon"", ""dried dill weed"", ""fresh dill weed"", ""pepper"", ""olive oil"", ""onion"", ""garlic cloves"", ""garlic cloves"", ""large shrimp"", ""phyllo dough"", ""butter"")",5,6,527.4,25.6,13,112.1,978.9,53.5,5.1,3.6,22.4,NA,NA,"c(""Squeeze the spinach with your hands to remove excess liquid."", ""Put the spinach in  a large bowl with ricotta, feta, lemon zest, dill weed and pepper."", ""Stir to mix  well."", ""Heat the olive oil in a medium frying pan over medium heat."", ""Add the onion and cook, stirring occasionally, until the onion is tender, 3 to 4 minutes."", ""Add  the garlic and stir 20 to 30 seconds."", ""Add the onion-garlic mixture to the bowl with the spinach; stir until well mixed."", ""Stir in the shrimp and set aside."", 
""Preheat the oven to 375 degrees Fahrenheit."", ""Separate 1 sheet of the phyllo dough; lay it on the work surface with the long side toward you."", ""(Keep the stack of remaining dough covered with plastic wrap to prevent it from drying.)."", ""Lightly brush the sheet with a little of the melted butter; lay another sheet evenly on top."", ""Lightly brush half of the top sheet with more butter; fold the other half over to make a rectangle 8 x 11 inches."", ""Lightly brush with a little more melted  butter."", 
""Spoon a generous 1/4 cup of the filling along the bottom edge, leaving 1 inch of phyllo clear on all sides."", ""Lift the bottom end of the sheet and fold it over the filling."", ""Fold the sides over and press lightly; gently roll up."", ""Set the roll seam-side down on a lightly greased baking sheet (you will need 2  baking sheets)."", ""Repeat to use the remaining filling and phyllo."", ""Brush the tops  of the rolls with melted butter."", ""Bake until golden, 25 to 30 minutes."", ""Serve  hot or warm."")"
000277,*277*,Ouzo-Marinated Greek Cheese,1554,Jacques Lorrain,PT4H4M,PT45M,PT4H49M,1999-09-05T20:08:00Z,Make and share this Ouzo-Marinated Greek Cheese recipe from Food.com.,character(0),Cheese,"c(""Greek"", ""European"", ""Weeknight"", ""Broil/Grill"", ""Oven"")","c(""12"", ""1/2"", ""1/4"", ""1"", ""1"", ""1"", NA)","c(""kasseri cheese"", ""olive oil"", ""fresh parsley"", ""fresh thyme"", ""pepper"")",3,1,121.3,13.5,1.9,0,0.9,0.5,0.2,0,0.1,4,NA,"c(""Cut cheese lengthwise into four 1/2-inch thick pieces."", ""Arrange in single layer in shallow dish."", ""Mix ouzo, olive oil, parsley, thyme and pepper in small bowl."", ""Pour over cheese."", ""Marinate at least 4 hours and up to 8 hours, turning once."", ""Preheat broiler."", ""Remove cheese from marinade; transfer to 4 small broiler proof gratin dishes."", ""Drizzle 2 teaspoons marinade over each piece of cheese."", ""Broil until cheese is soft and just begins to melt, about 4 minutes."", ""Serve with bread."", 
""Notes: This starter is an easy version of the fried cheese dish, saganaki, which is traditionally paired with a glass of ouzo."", ""Serve with freshly grilled pita bread."")"
000278,*278*,Greek Spinach Triangles,1533,Dancer,PT1H,PT1H5M,PT2H5M,1999-09-13T03:48:00Z,Make and share this Greek Spinach Triangles recipe from Food.com.,"c(""https://img.sndimg.com/food/image/upload/w_555,h_416,c_fit,fl_progressive,q_95/v1/img/recipes/27/8/picOW6aES.jpg"", ""https://img.sndimg.com/food/image/upload/w_555,h_416,c_fit,fl_progressive,q_95/v1/img/recipes/27/8/picbzDHRh.jpg"", ""https://img.sndimg.com/food/image/upload/w_555,h_416,c_fit,fl_progressive,q_95/v1/img/recipes/27/8/pic7y4ItK.jpg"", ""https://img.sndimg.com/food/image/upload/w_555,h_416,c_fit,fl_progressive,q_95/v1/img/recipes/27/8/picxXGtum.jpg"")",Vegetable,"c(""Greek"", ""European"", ""Weeknight"", ""For Large Groups"", ""Oven"", ""< 4 Hours"")","c(""20"", ""2"", ""1"", ""8"", ""1/4"", ""1/2"", ""1"", ""1"")","c(""frozen spinach"", ""eggs"", ""onion"", ""cream cheese"", ""pepper"", ""feta cheese"", ""butter"", ""margarine"", ""phyllo pastry"")",5,15,163.2,8.4,4.4,26.3,264.6,18,1,0.6,4,50,NA,"c(""* To cut calories, you can use butter-flavored cooking spray in place of the  butter."", ""Cook spinach according to directions; drain well."", ""Mix spinach, eggs, onion, cream cheese, pepper and feta cheese together."", ""Refrigerate mixture at least 1 hour."", ""Open package of phyllo pastry; cut a strip 2\"" wide, cutting through all layers."", ""Cover remaining dough with a damp cloth to prevent cracking."", ""Separate dough so that you have 2 sheets for each triangle."", ""Brush the dough with melted butter."", 
""Put 1 rounded teaspoon of spinach mixture at the top of the strip."", ""Fold pastry over like folding a flag."", ""Place on well-buttered baking sheet; brush top with butter."", ""Bake at 375 degrees Fahrenheit  for 20 minutes."", ""Serve warm."", ""To freeze the triangles before cooking, butter both sides of triangle and wrap well."", ""Bake when needed."")"
000279,*279*,Grand Marnier Cake,1534,Tonkcats,PT55M,PT40M,PT1H35M,1999-09-17T04:52:00Z,Make and share this Grand Marnier Cake recipe from Food.com.,character(0),Dessert,"c(""Weeknight"", ""Oven"", ""< 4 Hours"")","c(""1"", ""1"", ""3"", ""1"", ""2"", ""1"", ""1"", ""1"", NA, ""1/2"", ""3"", ""1/2"", ""1/4"", ""1/3"")","c(""butter"", ""sugar"", ""Grand Marnier"", ""flour"", ""baking soda"", ""baking powder"", ""sour cream"", ""walnuts"", ""sugar"", ""Grand Marnier"")",5,1,641.3,35.8,19.4,144.5,536.2,65.4,1.4,39.1,16.4,8,NA,"c(""Cream sugar and butter."", ""Add egg yolks and 1 teaspoon  Grand Marnier."", ""Continue to beat. Sift flour, baking soda and  baking powder."", ""Add flour to mixture with sour cream, beginning  and ending with dry ingredients."", ""Add orange rind, walnuts and  stiff beaten egg whites."", ""Butter and flour an angle food cake  pan."", ""Bake at 350 degrees for 55 minutes."", ""Spoon topping over baked  cake while still in hot pan."", ""Cool and invert onto serving  plate."")"
000280,*280*,Spanish Potato Omelet (Tortilla a la Espanola),1589,kenk1492,NA,PT40M,PT40M,1999-08-18T04:44:00Z,Make and share this Spanish Potato Omelet (Tortilla a la Espanola) recipe from Food.com.,"c(""https://img.sndimg.com/food/image/upload/w_555,h_416,c_fit,fl_progressive,q_95/v1/img/recipes/28/0/Kiww21BfQbyLiesH7KYW_fooddotcom-jan-2017-25.jpg"", ""https://img.sndimg.com/food/image/upload/w_555,h_416,c_fit,fl_progressive,q_95/v1/img/recipes/28/0/I9R6O1ISQFSmg4RsEDSc_fooddotcom-jan-2017-24.jpg"", ""https://img.sndimg.com/food/image/upload/w_555,h_416,c_fit,fl_progressive,q_95/v1/img/recipes/28/0/J8L98p8lTxl2TcdMOH2J_fooddotcom-jan-2017-22.jpg"", ""https://img.sndimg.com/food/image/upload/w_555,h_416,c_fit,fl_progressive,q_95/v1/img/recipes/28/0/SmQab1ahQV6tBXn2CVkW_fooddotcom-jan-2017-23.jpg"", 
""https://img.sndimg.com/food/image/upload/w_555,h_416,c_fit,fl_progressive,q_95/v1/img/recipes/28/0/ZdpDS4AVSE2FhnRrZdvH-1004092_10203207387253375_1973910208_n.jpg"")",Breakfast,"c(""Lunch/Snacks"", ""Potato"", ""Vegetable"", ""Spanish"", ""European"", ""Low Protein"", ""Free Of..."", ""< 60 Mins"", ""Easy"")","c(""1"", ""4"", ""1"", NA, ""4"")","c(""olive oil"", ""potatoes"", ""onion"", ""coarse salt"", ""eggs"")",4.5,28,848,59.1,9.1,186,95.7,68.3,8.8,4.7,14.2,4,NA,"c(""Heat the oil in a 8-9 inch skillet. Add the slices of potato one at a time to avoid sticking together."", ""Alternate layers of potatoes with layers of onions."", ""Cook slowly over medium heat, turning the potatoes until tender, not brown."", ""Drain potatoes in a colander, save oil."", ""Make sure skillet is very clean for later use.  In a bowl, beat eggs with a fork until slightly foamy."", ""Salt to taste.  Add the potatoes, press down to cover potatoes completely with egg.  Return to skillet, heat 2 tablespoons of saved oil until smoking point.  Add the mixture, spread it out. Rapidly, lower the temperature to medium-high."", 
""Shake the pan often to avoid sticking."", ""When the bottom is brown, cover the skillet with a plate, turn skillet up-side down, remove tortilla, slide off plate with uncooked side down into skillet and cook the other side, Turn several times until cooked"")"
000281,*281*,French Pecan Pie,1534,Tonkcats,PT30M,PT25M,PT55M,1999-09-17T04:51:00Z,Make and share this French Pecan Pie recipe from Food.com.,character(0),Pie,"c(""Dessert"", ""Fruit"", ""Nuts"", ""European"", ""Low Cholesterol"", ""< 60 Mins"", ""Oven"")","c(""3"", ""1"", ""1"", ""22"", ""1"", NA, NA)","c(""sugar"", ""vanilla"", ""pecans"", ""German chocolate"")",5,3,207.8,10.2,0.9,0,36.9,28.2,1.4,25.8,2.7,8,NA,"c(""Beat egg whites until stiff but not dry."", ""Gradually add sugar."", ""Add vanilla, broken crackers and pecans."", ""Bake in a 10-inch buttered pie pan for 30 minutes at 300 degrees Fahrenheit."", ""Cool."", ""Top with sweetened whipped cream (spread over cooled pie)."", ""Garnish with shaved chocolate."")"
000282,*282*,Thai Coconut Chicken Soup,1601,Gilcat2,NA,PT30M,PT30M,1999-09-04T20:44:00Z,Make and share this Thai Coconut Chicken Soup recipe from Food.com.,character(0),Chicken Breast,"c(""Chicken"", ""Poultry"", ""Coconut"", ""Fruit"", ""Nuts"", ""Meat"", ""Thai"", ""Asian"", ""< 30 Mins"")","c(""4"", ""2"", ""1"", ""2"", ""4"", ""1"", ""2"", ""1"")","c(""boneless skinless chicken breast halves"", ""coconut milk"", ""green onions"", ""serrano chilies"", ""nam pla"", ""lemongrass"", ""lime"")",5,4,368.9,27.2,22.1,75.5,507.1,6.3,0.9,0.9,27.9,4,NA,"c(""Bring 1 cup coconut milk to boil."", ""Add chicken, lemon grass, and Laos."", ""Cover  and simmer til chicken is tender."", ""Add remaining 1 cup coconut milk, green  onions and chilis."", ""DO NOT BOIL."", ""Stir in lime juice and fish sauce just before  serving."")"
000283,*283*,Salt Cod Chowder,39547,Julesong,NA,PT1H,PT1H,1999-09-10T19:07:00Z,"Salt cod is used for cooking in Scandinavian and Spanish cooking, but isn't very well known in the United States.  Here's a tasty chowder to introduce it to the uninitiated.","""https://img.sndimg.com/food/image/upload/w_555,h_416,c_fit,fl_progressive,q_95/v1/img/recipes/28/3/1o1wksRS0aVHRdhmhMtH_codchowder.jpg""",Chowders,"c(""Potato"", ""Vegetable"", ""< 60 Mins"")","c(""1"", ""1/4"", ""1"", ""3"", ""1"", ""3"", ""1"", ""1/2"", ""1"", ""3"")","c(""salt cod fish"", ""fat salt pork"", ""onion"", ""raw potatoes"", ""raw carrot"", ""boiling water"", ""salt"", ""pepper"", ""canned corn niblet"", ""milk"")",5,2,295.6,5,2.4,99.2,4410.7,20.8,2.4,2.3,40.7,NA,NA,"c(""Freshen salt cod by soaking it overnight in cold water to cover."", ""Drain, place in a stewing pot, and cover with fresh water."", ""Bring to simmer with low heat."", ""Check to see if the fish is still too salty - if so, drain, add fresh cold water, and bring to simmer again, and drain."", ""Fry salt pork in stewing pot until crisp; remove fried pork scraps and reserve for garnish."", ""Cook onion in pork fat until tender."", ""Add potatoes, carrots, water, salt, and pepper and cook covered for about ten minutes, or until vegetables are tender."", 
""Add corn or hominy, heated milk, and freshened salt cod."", ""Bring chowder to a simmering temperature, but do not boil."", ""Garnish with the pork scraps."", ""Serve hot, with freshly baked home made bread or rolls and butter."")"
000284,*284*,Thai Fried Bananas,1601,Gilcat2,NA,PT20M,PT20M,1999-09-04T20:44:00Z,Make and share this Thai Fried Bananas recipe from Food.com.,character(0),Dessert,"c(""Fruit"", ""Thai"", ""Asian"", ""Low Protein"", ""Healthy"", ""Kid Friendly"", ""< 30 Mins"", ""Easy"")","c(""2"", ""1"", ""1"", ""1"")","c(""bananas"", ""butter"", ""palm sugar"", ""lime"")",5,2,190.4,6.2,3.8,15.3,42.8,36.8,4,21.3,1.6,2,NA,"c(""Peel bananas; slice lengthwise then in half."", ""Fry in butter until soft and golden."", ""Add sugar and stir until syrup thickens."", ""Sprinkle with lime juice and serve."")"
000285,*285*,Thai Beef Salad,1601,Gilcat2,PT1H,PT30M,PT1H30M,1999-09-04T20:47:00Z,Make and share this Thai Beef Salad recipe from Food.com.,character(0),Meat,"c(""Thai"", ""Asian"", ""Weeknight"", ""< 4 Hours"")","c(""1"", ""1"", ""1"", ""3/4"", ""1/4"", ""3"", ""1"", ""1"", ""1"", ""2"", ""3"", ""1/4"", ""3"", ""2"")","c(""romaine lettuce"", ""red leaf lettuce"", ""Belgian endive"", ""fresh lime juice"", ""soy sauce"", ""beef"", ""brown sugar"", ""garlic cloves"", ""cilantro"", ""tomatoes"", ""green onions"")",4.5,3,1259.9,122.9,38.9,112.4,862.8,26.5,12.7,11.1,18.2,4,NA,"c(""Tear romaine lettuce, red leaf lettuce, and Belgian endive into bite-size pieces."", ""In small bowl, combine 2 tablespoons oil,  2 tablespoons lime juice, and 2 tablespoons soy sauce."", ""Add beef strips; stir; marinate at least 1 hour at room  temperature."", ""In food processor, combine 1/2 cup oil, 2 tablespoons lime juice, 1 tablespoon soy  sauce, ginger, brown sugar, garlic and jalapenos; puree."", ""Reserve marinade."", ""Stir-fry beef in 2 tablespoons oil until just browned."", ""Mix reserved marinade with  dressing."", 
""Top greens with beef."", ""Pour dressing into a wok; stir to heat; mix in beef juices."", ""Pour hot dressing over salad."", ""Add cilantro, tomatoes, and  green onions; toss."")"
000287,*287*,Feijoada (Brazilian Bean Soup),1733,Bob Boston,PT2H13M,PT20M,PT2H33M,1999-08-18T04:06:00Z,Make and share this Feijoada (Brazilian Bean Soup) recipe from Food.com.,character(0),Poultry,"c(""Black Beans"", ""Beans"", ""Meat"", ""Brazilian"", ""South American"", ""Low Cholesterol"", ""Healthy"", ""Free Of..."", ""Weeknight"", ""For Large Groups"", ""< 4 Hours"")","c(""2"", ""1"", ""4"", ""3/4"", ""4"", ""2"", ""6"", ""1"", ""1/4"", ""1"", ""1/2"", ""1/2"")","c(""dried black beans"", ""onions"", ""turkey Polish kielbasa"", ""turkey Polish kielbasa"", ""garlic"", ""cumin"", ""water"", ""salt"", ""pepper"", ""bay leaf"", ""red wine vinegar"")",3,6,286.9,5.8,1.8,15.7,436.8,43.2,10,3.1,16.6,15,15 cups,"c(""Sort and wash beans; place in a large Dutch oven."", ""Cover with water to 2 inches above beans, and bring to a boil; cook 2 minutes."", ""Remove from heat; cover and let stand 1 hour."", ""Drain beans; set aside. Wipe pan with a paper towel."", ""Heat oil in pan over medium heat. Add onion, kielbasa, and garlic; saute 10 minutes or until onion is tender."", ""Add cumin, and saute 1 minute. Return beans to pan."", ""Add water and next 3 ingredients; bring to a boil."", ""Cover, reduce heat, and simmer 1 hour and 10 minutes or until beans are tender; remove bay leaf."", 
""Stir in vinegar and hot sauce."")"
000288,*288*,Thai Coconut Custard,1601,Gilcat2,PT30M,PT15M,PT45M,1999-09-04T20:42:00Z,Make and share this Thai Coconut Custard recipe from Food.com.,character(0),Dessert,"c(""Coconut"", ""Fruit"", ""Nuts"", ""Thai"", ""Asian"", ""< 60 Mins"", ""Oven"", ""Easy"")","c(""1 1/2"", ""6"", ""3/4"", ""1/2"")","c(""coconut milk"", ""eggs"", ""palm sugar"", ""salt"")",4,4,419.3,25.2,18.4,279,408.6,40.4,0,37.7,11.1,4,NA,"c(""Beat coconut milk, eggs, palm sugar and salt together."", ""Cook in a double boiler, stirring constantly, until it resembles  soft scrambled eggs."", ""Pour into a small casserole dish."", ""Bake at 350 degrees Fahrenheit for 30  minutes."", ""Brown under a broiler."")"
000289,*289*,Feijoada (Brazilian Bean Soup) II,1733,Bob Boston,PT2H,PT30M,PT2H30M,1999-10-04T00:11:00Z,Make and share this Feijoada (Brazilian Bean Soup) II recipe from Food.com.,character(0),Pork,"c(""Black Beans"", ""Beans"", ""Meat"", ""Brazilian"", ""South American"", ""Weeknight"", ""Oven"", ""< 4 Hours"")","c(""1"", ""6"", ""1"", ""1"", ""3/4"", ""1"", ""1"", ""1"", ""6"", ""1/8"")","c(""black beans"", ""water"", ""ham"", ""hot Italian sausage"", ""cherry tomatoes"", ""onion"", ""red pepper flakes"", ""garlic cloves"", ""orange zest"")",5,1,293.8,15.5,5.4,58.5,938.3,12.6,3.9,1.3,25.2,NA,12,"c(""Soak black beans overnight; drain."", ""Preheat oven to 350 degrees Fahrenheit."", ""Combine black beans, water, ham, pork loin, Italian sausage, cherry tomatoes, onion, red pepper flakes, garlic, and orange zest in a Dutch oven."", ""Bring to boil, uncovered, on stove top."", ""Cover and transfer to oven."", ""Bake 90 minutes."", ""Remove cover and bake another 30 minutes."", ""Cool overnight in refrigerator."", ""Remove fat and reheat."")"
000290,*290*,Bean Curd With Broccoli,10033,spatchcock,PT1M,PT1H5M,PT1H6M,1999-08-12T06:22:00Z,Make and share this Bean Curd With Broccoli recipe from Food.com.,character(0),Soy/Tofu,"c(""Beans"", ""Vegetable"", ""Chinese"", ""Asian"", ""Vegan"", ""Free Of..."", ""< 4 Hours"")","c(""1 1/2"", ""3/4"", ""1"", ""2"", ""1"", ""1"", ""4"", ""2"", ""2"", ""2"", ""1/2"", ""1/2"")","c(""cornstarch"", ""dry sherry"", ""soy sauce"", ""scallion"", ""gingerroot"", ""garlic cloves"", ""broccoli"", ""salt"", ""medium firm tofu"")",5,4,465.6,39.2,5.2,0,1627.9,13.7,3.1,2.4,12.9,NA,NA,"c(""Put cornstarch into a cup and slowly add 1/4 cup of the vegetable stock (make  sure it is room temperature or cooler) and mix well."", ""Add wine, soy sauce and  sesame oil."", ""Mix well."", ""Cut scallion into 1 1/2-inch lengths."", ""Heat vegetable oil  in a wok over medium heat. When hot, put in ginger and garlic. Stir fry for 10  seconds."", ""Put in scallion and broccoli."", ""Fry for 1 minute. Add 1/2 cup vegetable  stock and the salt. Bring to a simmer."", ""Cover and cook over a medium heat for a  minute, until broccoli is tender-crisp."", 
""Remove broccoli with a slotted spoon."", ""Turn heat to low and add tofu."", ""Let it heat through."", ""Add cornstarch mixture.Stir  very gently."", ""Put broccoli back in wok."", ""Serve as soon as the sauce is thick and  everything is heated through."")"
000291,*291*,Cauliflower and Potatoes,1612,JANIC412,PT15M,PT20M,PT35M,1999-08-25T05:33:00Z,Make and share this Cauliflower and Potatoes recipe from Food.com.,character(0),Potato,"c(""Cauliflower"", ""Vegetable"", ""Asian"", ""Indian"", ""Broil/Grill"", ""< 60 Mins"", ""Oven"", ""Stove Top"")","c(""3 -4"", ""1"", ""1 -2"", NA, ""2"", ""1"", NA, NA)","c(""cumin seed"", ""fresh ginger"", ""cauliflower"", ""potatoes"", ""garam masala"", ""salt"")",4,1,698.2,41.7,6.2,0,29.4,75.7,9.6,3.4,9,NA,1 batch,"c(""Put oil, cumin seed and ginger in a large frying pan and cook over medium heat 3 to 5 minutes."", ""Add cauliflower and potatoes."", ""Add some garam masala and red peppers and mix."", ""Cook over medium heat 7 to 10 minutes."", ""Cover and reduce heat to low. The steam should cook the vegetables. If it seems too dry, add a little water."")"
000292,*292*,Curried Vegetables,1612,JANIC412,PT35M,PT30M,PT1H5M,1999-08-25T05:33:00Z,Make and share this Curried Vegetables recipe from Food.com.,character(0),Cauliflower,"c(""Vegetable"", ""Weeknight"", ""Oven"", ""< 4 Hours"")","c(""2"", ""2"", ""2"", ""1/2"", ""1"", ""1/3"", ""1/2"", ""1/2"", ""1/4"", ""1/8"", ""1/2"", ""1/2"", ""2"")","c(""cauliflower"", ""carrots"", ""celery"", ""onion"", ""mayonnaise"", ""salt"", ""curry powder"", ""ginger"", ""cheddar cheese"", ""butter"")",NA,NA,241.8,15,6.1,27.5,869,21.6,3.1,5.6,6.4,6,NA,"c(""Cook the cauliflower, carrots, celery, and onion in a small amount of water until crisp- tender-drain; set aside."", ""Combine the soup, mayonnaise, salt, curry powder, coriander, and ginger in a mixing bowl; mix well."", ""Stir in the vegetables."", ""Spoon into an oven-proof casserole dish."", ""Combine cheddar cheese, bread crumbs and melted butter."", ""Sprinkle over the vegetables."", ""Bake uncovered at 350 degrees Fahrenheit for 30 to 35 minutes."")"
000293,*293*,Scrambled Tofu on Toast,39547,Julesong,NA,PT15M,PT15M,1999-08-12T06:22:00Z,"Tofu is a wonderfully versatile food!  I make tofu ""egg salad"" fairly often, and it's delicious.  So scrambled tofu on toast makes perfect sense to me.  :)",character(0),Breakfast,"c(""Soy/Tofu"", ""Beans"", ""< 15 Mins"")","c(""10"", ""1"", ""1"", ""1"", ""2"", NA, ""4"")","c(""plain firm tofu"", ""butter"", ""turmeric"", ""herbs"")",4.5,2,352.7,21,6.3,15.3,353.6,28.9,5.4,4,17.3,2,NA,"c(""Crumble the tofu and fry it in the vegetable oil and butter until evenly cooked."", ""Add the turmeric, herbs, and salt and pepper to taste. Saute a further few minutes."", ""Serve on crispy wholemeal toast spread with butter."", ""This is the basic recipe... you can also add grated cheese, fried mushrooms, sweet or hot peppers, onions, garlic, or anything you like to this mixture to make it to your taste!  Experiment and enjoy!"")"
000294,*294*,Crisp Sauteed Cucumbers With Lemon,1571,Linda Johansen,PT30M,PT35M,PT1H5M,1999-08-10T07:01:00Z,Make and share this Crisp Sauteed Cucumbers With Lemon recipe from Food.com.,character(0),Vegetable,"c(""Low Cholesterol"", ""Healthy"", ""Weeknight"", ""Stove Top"", ""< 4 Hours"")","c(""1"", ""1"", ""1"", ""2"", ""2"", NA, NA, NA)","c(""cucumber"", ""salt"", ""lemon"", ""olive oil"", ""flour"", ""salt"", ""pepper"", ""fresh parsley leaves"")",4,2,299.6,6.5,3.8,15.3,1798.6,53.2,2.7,2.4,7.4,4,NA,"c(""Peel the cucumbers if waxed."", ""Cut cucumbers in half lengthwise; scoop out the seeds with a spoon."", ""Cut them into inch chunks."", ""If the cucumbers are not super-firm, place the chunks in a colander and sprinkle them with 1 tablespoon  of salt. Shake to distribute the salt. Let cucumber drain for about 20 minutes. Rinse and dry."", ""If the cucumbers are already firm, proceed with the recipe."", ""Remove a few strips of zest from the lemon with a zester or vegetable peeler; mince enough to measure 1 teaspoon."", 
""Cut the lemon in half through its equator and section it as you would an orange. Set the zest and lemon sections aside."", ""Place  the butter or oil in a large skillet over medium high heat."", ""Place about 2 cups flour in a bag, and, when the butter melts or the oil is hot, put a few chunks of cucumber at a time in the bag."", ""Shake well; add cucumbers to the skillet."", ""Repeat until all the cucumbers are used up."", ""Cook over medium high heat, stirring and turning occasionally, for about 10 minutes, until the exteriors of the cucumbers are crisp and the interiors are tender enough to be easily pierced  with a thin-bladed knife."", 
""Add the lemon zest and lemon sections, along with salt and  pepper, and cook for 1 minute more."", ""Garnish with parsley and serve."")"
000295,*295*,Tutti Frutti Trifle,47510,Dreamgoddess,NA,PT30M,PT30M,1999-08-17T06:14:00Z,This is one of the Zaar recipes that I adopted.  I hope to make this soon as it looks like a dish my family would enjoy.  I’ll edit the recipe accordingly if needed.,character(0),Dessert,"c(""Pineapple"", ""Tropical Fruits"", ""Fruit"", ""< 30 Mins"")","c(""1/2"", ""1"", ""1"", ""6"", ""6"", ""1/2"", ""2"", ""3"", ""6"")","c(""grapefruit"", ""orange"", ""fresh pineapple"", ""marshmallows"", ""maraschino cherries"", ""moist coconut"", ""maraschino juice"", ""confectioners' sugar"")",5,1,184.2,3.6,3,0,52.3,36.5,2.5,28.1,3.9,4,NA,"c(""Remove segments from membrane of grapefruit and orange; slice pineapple."", ""Cut marshmallows and cherries into eighths."", ""Soak marshmallows and coconut in maraschino juice."", ""Beat egg whites until stiff and fold in sugar."", ""Combine  with fruits and coconut marshmallow mixture. Freeze until firm."", ""For an extra taste treat add 1 Tbsp of brandy or some people  like to add 1/2 cup of seedless raisins."")"
000296,*296*,Creamed Cucumbers,1571,Linda Johansen,PT30M,PT35M,PT1H5M,1999-08-10T07:01:00Z,Make and share this Creamed Cucumbers recipe from Food.com.,character(0),Vegetable,"c(""Low Protein"", ""Free Of..."", ""Weeknight"", ""< 4 Hours"")","c(""1"", ""2"", ""1/2"", NA, ""1/2"", NA, ""1"")","c(""salt"", ""butter"", ""onion"", ""pepper"", ""sour cream"", ""yogurt"", ""fresh dill"", ""cucumber"")",5,5,357.1,33.8,21.1,112,3618.4,13.6,1.8,5.6,3.3,NA,2 large side dish servings,"c(""Peel the cucumbers if waxed."", ""Cut them in half lengthwise and scoop  out the seeds with a spoon."", ""Cut them into 3/4 inch chunks."", ""If the  cucumbers are not super-firm, place the chunks in a colander and sprinkle  them with 1 tablespoon of salt. Shake to distribute the salt and let  them drain for about 20 minutes."", ""Rinse and dry."", ""If the cucumbers are  already firm, proceed with the recipe.  Place butter in a medium to large skillet over medium heat. When it  melts, add the onion and cook, stirring occasionally, until the onion  softens, about 5 minutes."", 
""Do not let the onion brown."", ""Add the cucumbers  and cook, stirring for about 5 minutes, until the cucumbers are just  tender."", ""Add pepper and, if you did not salt them earlier, salt.  Turn heat to low, then stir in the cream or yogurt and a good handful  of dill."", ""Stir until well blended, then serve, garnished with more dill."")"
000297,*297*,Virginia Fried Soft Shell Crabs,25843,Crab Place,PT10M,PT50M,PT1H,1999-09-10T04:34:00Z,Make and share this Virginia Fried Soft Shell Crabs recipe from Food.com.,character(0),Lunch/Snacks,"c(""Crab"", ""Healthy"", ""< 60 Mins"")","c(""12"", ""1/4"", ""3/4"", ""2"", ""2"", ""3/4"")","c(""soft shelled crabs"", ""milk"", ""flour"", ""eggs"", ""salt"")",5,3,137.8,2.8,0.9,96.2,953.2,15.1,0.6,0.3,12.1,6,NA,"c(""Dress fresh crabs or thaw frozen crabs.  Rinse in cold water; drain."", ""Combine eggs, milk, and salt."", ""Combine flour and crumbs."", ""Dip crabs in egg mixture and roll in flour/crumb mixture. For heavier breading, let crabs sit several minutes and repeat dipping/rolling procedure. Additional spices, such as cayenne pepper and garlic, may also be added."", ""Place crabs in a heavy frying pan which contains 1/8 to 1/4 inch of fat, hot but not smoking."", ""Fry at moderate heat. When crabs are brown on one side, turn carefully and brown the other side. Cooking time is approximately 8 to 10 minutes."", 
""Drain on absorbent paper."")"
000298,*298*,Blue Jimmy Pillows,25843,Crab Place,PT15M,PT30M,PT45M,1999-09-10T04:34:00Z,Make and share this Blue Jimmy Pillows recipe from Food.com.,"""https://img.sndimg.com/food/image/upload/w_555,h_416,c_fit,fl_progressive,q_95/v1/img/recipes/29/8/picQuJ2iT.jpg""",< 60 Mins,"""Oven""","c(""2"", ""1"", ""1/2"", ""3"", ""3"", ""1"", ""1"", ""1/2"", ""1/2"", ""1"", ""5"")","c(""chicken broth"", ""Worcestershire sauce"", ""parsley"", ""season salt"", ""celery seed"", ""tarragon"", ""all-purpose flour"", ""eggs"")",4.5,3,462,34.3,5.6,264.4,322.1,25.8,1,1.2,12.5,4,NA,"c(""In saucepan, combine chicken broth, vegetable oil, Worcestershire sauce,  parsley, season salt, celery seed, red pepper, and tarragon."", ""Bring to a  boil, incorporate flour until blended."", ""Once flour and ingredients are  combined set aside to cool."", ""While that is cooling beat eggs to a fluffy  consistency."", ""The reason for letting the flour mixture cool is so that it  doesn't cook  the eggs."", ""Combine beaten eggs and flour mixture thoroughly."", ""Incorporate  crab meat. After everything is combined, drop 1 large tablespoon per  serving onto ungreased cookie sheet, and bake at 425 degrees for 12 to 15  minutes or until golden brown.""
)"
000299,*299*,Apricot Salsa,1675,Jim Weller,PT10M,PT25M,PT35M,1999-09-07T00:18:00Z,Make and share this Apricot Salsa recipe from Food.com.,character(0),Sauces,"c(""Fruit"", ""Tex Mex"", ""Southwestern U.S."", ""Mexican"", ""Low Protein"", ""Low Cholesterol"", ""Healthy"", ""< 60 Mins"")","c(""1/2"", NA, ""1"", ""1"", ""1"", ""2"", ""2"", NA)","c(""red bell pepper"", ""olive oil"", ""onion"", ""tomatoes"", ""apricots"", ""dark rum"", ""apple cider"")",NA,NA,40.8,0.2,0,0,2.2,5.7,1.3,3.7,0.8,4,NA,"c(""Cut a red bell pepper in half; remove seeds; and roast half of it. (Brush with olive oil; put under broiler very close to heat until blackened, about 5 minutes). Chop."", ""Saute onion in about a tablespoon  of olive oil until translucent."", ""Add tomato and jalapeno; saute about another 5 minutes, until tomato is cooked."", ""Add apple cider to cover apricots and boil down until cider is almost all boiled off."", ""Add chopped roasted bell pepper; stir."", ""Add dark rum and flambe. (Light and swirl until flame goes out)."", 
""Serve hot over grilled shark, swordfish, shrimp, or marlin."")"
000300,*300*,English Trifle - Guy Attwood,27678,Sackville,PT4H7M,PT1H35M,PT5H42M,1999-08-17T06:14:00Z,Make and share this English Trifle - Guy Attwood recipe from Food.com.,character(0),Dessert,"c(""European"", ""Low Protein"", ""Weeknight"")","c(""8"", ""20"", ""6"", ""1/2"", ""5"", ""1"", ""1/4"", ""1"", ""1 -2"", ""3/4"", ""3/4"", ""1"")","c(""sugar"", ""cornstarch"", ""vanilla"", ""nutmeg"", ""cream sherry"", ""frozen raspberries"")",5,3,674,40.4,23.6,377.3,212,66.7,2.1,35.7,7.6,8,NA,"c(""This recipe was given to me by my Grandmother who came over to America in 1895 from England. I have altered it slightly. As far as I know it is  relatively original, or as original as any type of recipe such as this can be. It is not only addictive and decadent but pretty to look at as  well. This is a special occasion dessert."", ""Whisk yolks in a medium saucepan."", ""Gradually add sugar, whisking until  mixture is thick and lemon colored, about 1 or 2 minutes."", ""Blend in whole milk,  whipping cream and cornstarch; mix."", 
""Place over medium low heat and cook, stirring constantly, until mixture thickens, about 3 to 5 minutes. DO NOT BOIL  OR MIXTURE WILL SEPARATE."", ""Remove from heat and stir until slightly cooled."", ""Blend in vanilla and nutmeg."", ""Transfer to a bowl; repeat process for the  two required for the trifle."", ""ASSEMBLY:"", ""Whip the cream as your MaMa or Daddy taught you to do."", ""In your  prettiest large crystal bowl (salad bowl size) place a little less than  half the whipped cream around the bottom and half way up the sides."", 
""Break 1/2 of the cakes into bite sized pieces and drop randomly all over the  cream."", ""Drizzle sherry over all."", ""Drop dollops of jam and slightly less  than half of the drained raspberries over the cake."", ""Drizzle 1/2 of the  thick but liquid custard over all."", ""Repeat for the next layer, reserving  some raspberries for the top."", ""(Try to plan to end with a layer of jam and  raspberries as the top of the Trifle.)"", ""Finally, completely cover the top  with the remaining whipped cream."", ""Drizzle a little chocolate on top in any  pattern you think looks good."", 
""Add a few raspberries and stand back to receive raves."", ""To serve, merely scoop down and place on a pretty  plate."", ""NOTE: Make about 4 hours before serving. Cover with plastic wrap and  refrigerate."")"
000301,*301*,Rote Gr&uuml;tze,1662,Anne Edgell,PT24H5M,PT20M,PT24H25M,1999-09-05T19:46:00Z,Make and share this Rote Gr&uuml;tze recipe from Food.com.,character(0),Dessert,"c(""Fruit"", ""Weeknight"")","c(""2"", ""1"", ""1"", ""1"", ""3/4"", ""1"", ""1/4"", ""2/3"", ""1"", ""1"", ""1"")","c(""raspberries"", ""strawberries"", ""dark sweet red cherries"", ""dark sweet cherries"", ""cranberry juice"", ""sugar"", ""lemon zest"", ""lemon juice"", ""cornstarch"", ""dry red wine"", ""heavy cream"")",5,4,406,11.8,6.9,40.8,18.6,70.6,6.6,50.7,3.1,8,NA,"c(""FOR DESSERT:"", ""Combine raspberry juice, pureed strawberries and cherry juice in  1 quart measure."", ""Add enough grape juice to total 1 quart."", ""Pour mixture into  heavy saucepan (NOT ALUMINUM)."", ""Add 2 more cups grape juice."", ""Stir in sugar, lemon zest, lemon juice."", ""Bring to a boil, uncovered, over medium heat stirring often."", ""Combine cornstarch with wine in separate bowl to make a thin, smooth  paste."", ""As soon as mixture boils, add corn starch paste, whisking vigorously."", ""Immediately reduce heat to low; cook and stir for 3 minutes until mixture boils again, thickens, and starch taste is gone."", 
""Stir in raspberries and cherries gently."", ""Heat and stir 1 minute more."", ""Remove from heat and stir 1 minute more."", ""Cool mixture to room temperature."", ""Chill for 24 hours."", ""FOR TOPPING:"", ""Shortly before serving, beat heavy cream with vanilla sugar until slightly thickened, but still thin enough to pour."", ""Spoon Rote Grutze into stemmed goblets and top each with a generous ladle of whipped cream and serve."")"
000302,*302*,Twice Baked Ham and Cheese Potatoes,1704,HELEN PEAGRAM_40951,PT1H30M,PT25M,PT1H55M,1999-09-15T03:57:00Z,Make and share this Twice Baked Ham and Cheese Potatoes recipe from Food.com.,character(0),Potato,"c(""Cheese"", ""Vegetable"", ""Weeknight"", ""Oven"", ""< 4 Hours"")","c(""6"", ""1"", ""1 1/2"", ""1"", ""1/2"", ""1/2"", ""1/4"", ""1/4"", NA)","c(""potatoes"", ""cheddar cheese"", ""milk"", ""ham"", ""sour cream"", ""pepper"", ""butter"", ""paprika"", ""parsley flakes"")",5,3,456,25.2,15.1,80.7,611.7,41.6,4.7,3.1,17.1,6,NA,"c(""Bake potatoes at 400 degrees Fahrenheit for 1 hour until soft."", ""Slice potatoes in half lengthwise."", ""Scoop out insides, leaving a firm shell."", ""Place potato pulp, cheddar cheese, milk, ham, sour cream, onion salt, pepper, and butter in a mixing bowl."", ""Beat at high speed until smooth."", ""Fill potato shells with mixture."", ""Bake at 350 degrees Fahrenheit for 20 to 30   minutes."", ""Garnish with paprika or parsley."")"
000303,*303*,Rock Candy,2178,troyh,PT1H,PT45M,PT1H45M,1999-08-18T04:39:00Z,Make and share this Rock Candy recipe from Food.com.,character(0),Candy,"c(""Dessert"", ""Low Protein"", ""Low Cholesterol"", ""Healthy"", ""Kid Friendly"", ""Free Of..."", ""< 4 Hours"", ""Easy"")","c(""1 1/2"", ""6"", NA, NA, ""3"")","c(""water"", ""sugar"")",5,3,1548,0,0,0,7.5,399.9,0,399.2,0,NA,3 jars,"c(""* Candy flavoring is carried by a lot of grocery stores, near the baking aisle with candy-making and cake decorating supplies."", ""Bring the water to a boil in the saucepan."", ""Remove from heat; add 3 cups of sugar, stirring until dissolved."", ""Slowly add the remaining sugar, reheating the water if necessary."", ""When all the sugar is dissolved, pour the mixture into 3 heat proof jars or glasses."", ""Stir 3 drops of liquid food coloring and 1/2 teaspooon candy flavoring into each jar."", ""Tie each length of string around a pencil."", 
""Lay one string on top of each jar so the strings hang down into the liquid."", ""Crystals will begin to form in 1 hour, and continue to solidify for several days."", ""If a layer forms on the surface of the jar, break it."", ""When liquid completely evaporates, candy is ready."")"
000304,*304*,Twice-Baked Sweet Potatoes,1704,HELEN PEAGRAM_40951,PT1H40M,PT25M,PT2H5M,1999-09-15T03:57:00Z,Make and share this Twice-Baked Sweet Potatoes recipe from Food.com.,character(0),Potato,"c(""Vegetable"", ""Low Protein"", ""Low Cholesterol"", ""Healthy"", ""Weeknight"", ""Oven"", ""< 4 Hours"")","c(""1"", NA, ""6"", ""1/3"", ""1/4"", ""1/8"")","c(""head of garlic"", ""sweet potatoes"", ""sour cream"", ""salt"", ""pepper"")",4.5,5,144,2.6,1.5,6.6,179.5,28.2,4,5.9,2.6,6,NA,"c(""Remove outer covering from garlic but don't separate the cloves."", ""Wrap garlic in aluminum foil coated with cooking spray."", ""Place garlic and sweet potatoes on a baking sheet."", ""Bake at 400 degrees Fahrenheit for 1-1/4 hours."", ""Separate garlic cloves; squeeze to extract 2 teaspoons pulp."", ""Slice skin away from top of each potato and scoop out the pulp leaving   the shells intact."", ""Mash potato pulp with garlic, sour cream, salt and pepper."", ""Spoon into potato shells."", ""Bake 400 degrees Fahrenheit for 15 minutes or until heated.""
)"
000306,*306*,Rock Candy II,2178,troyh,NA,PT20M,PT20M,1999-08-18T04:39:00Z,Make and share this Rock Candy II recipe from Food.com.,character(0),Candy,"c(""Dessert"", ""Kid Friendly"", ""Free Of..."", ""< 30 Mins"")","c(""1"", ""1"", ""1"", ""1"", NA, ""1"", ""2"")","c(""water"", ""sugar"")",NA,NA,1548,0,0,0,11.1,399.9,0,399.2,0,1,NA,"c(""Tie a short piece of cotton string to the middle of the pencil or  stick."", ""Attach a paper clip to the other end of the string for weight.  Moisten the string very lightly, and roll in a bit of sugar (this will  help \""attract\"" the sugar crystals from the syrup to the string) Place the  pencil or stick over the top of the glass or jar with the string hanging  down inside.  Heat the water to boiling, and dissolve 2 cups of sugar in it.  For the biggest crystals FAST, heat the sugar water solution a second  time, and dissolve as much additional sugar into it as possible. Add a  few drops of food coloring to the solution if desired."", 
""Pour the solution into the prepared glass or jar and leave  undisturbed for a couple days."", ""Depending on how much sugar you were able  to dissolve in the water, you should start seeing crystals growing in a  few hours to a few days."")"
000308,*308*,Curry Curlies,1543,Doreen Randal,PT8M,PT20M,PT28M,1999-09-13T16:56:00Z,Make and share this Curry Curlies recipe from Food.com.,character(0),Lunch/Snacks,"c(""< 30 Mins"", ""Oven"", ""Easy"")","c(""1"", ""185"", ""2"", ""1"")","c(""puff pastry sheets"", ""butter"", ""curry powder"")",NA,NA,6831.4,529.1,194.3,395.4,4241.2,465,23.6,16.1,73.2,NA,1 batch,"c(""Cut pastry into 1 cm strips."", ""Brush both sides of the strips with combined melted butter and curry powder."", ""Lightly press finely crushed potato chips on both sides; twist to curl."", ""Place on lightly greased oven trays."", ""Bake in moderately hot oven 8 minutes or until golden."", ""Cool on wire rack."")"
000309,*309*,Florentiner,1662,Anne Edgell,PT6M,PT50M,PT56M,1999-08-27T05:06:00Z,Make and share this Florentiner recipe from Food.com.,character(0),Dessert,"c(""German"", ""European"", ""< 60 Mins"", ""Oven"")","c(""120"", ""50"", ""125"", ""40"", ""100"", ""100"", ""100"", ""60"", NA, ""200"", ""3"")","c(""butter"", ""sugar"", ""flour"", ""water"")",NA,NA,2129,153.8,62.9,131.7,642.9,196.6,31.9,125.5,42.7,NA,2 dozen,"c(""Preheat oven to 350 degrees Fahrenheit."", ""In saucepan, combine whipping cream, butter and  sugar."", ""Bring to a boil, stirring constantly."", ""Remove from heat."", ""Add candied fruit, candied orange, almond slivers, ground almonds, and flour, one after the other to cream, mixing well."", ""Drop by teaspoonfuls onto greased cookie sheet, leaving several inches space in between."", ""With fork, dipped in water, press dough to approx 5 cm  (2 inches diameter) rounds."", ""Bake 5 to 6 minutes."", ""Carefully remove and cool on  rack."", 
""In the meantime, for the glaze, melt the grated chocolate with water in double boiler or in microwave."", ""After cookies have cooled, brush glaze onto smooth bottom side of  cookies."", ""Before glaze hardens, make a pattern by moving a fork across glaze."", ""Die Florentiner im 180 oC heissen Ofen 5 bis 6 Minuten backen."", ""Mit einem  Spatel vom Blech loesen und auf einem Kuchengitter abkuehlen lassen."", ""Inzwischen die feingeriebene Zartbitterschokolade mit dem Wasser  vermischen und im heissen Wasserbad schmelzen.""
)"
000310,*310*,Homemade Butter,1551,Sean Coate,PT6H10M,PT25M,PT6H35M,1999-09-07T20:47:00Z,Make and share this Homemade Butter recipe from Food.com.,"""https://img.sndimg.com/food/image/upload/w_555,h_416,c_fit,fl_progressive,q_95/v1/img/recipes/31/0/picinxOPY.jpg""",Very Low Carbs,"c(""Low Protein"", ""Weeknight"", ""Easy"")","""1""","""heavy cream""",5,8,68.4,7.3,4.6,27.2,7.5,0.6,0,0,0.4,12,NA,"c(""Place the bowl and blade of a food processor into the freezer to chill  for 4 to 5 hours."", ""Refit the bowl and blade, turn on the food processor,  and pour the cream through the feed tube. Continue to process for about  10 minutes, until the Butter has hardened around the blade, leaving the  liquid that has separated from the cream in the bottom of the bowl."", ""Transfer the Butter to a fine sieve and shake 2 or 3 times over the sink  to allow any excess liquid to drain."", ""Put the butter in a bowl, cover, and  chill for at least 1 hour before using."", 
""Store it in the refrigerator,  where it has a shelf life of about 1 week."", ""While holding the ruler, grab the end of the top  layer of wax paper and slowly pull it toward you; this will form the  Butter into the shape of a log."", ""Roll the paper around the log and chill."", ""Serve whole or cut off medallions as needed."")"
000311,*311*,Homemade Butter II,1551,Sean Coate,PT3M,PT5M,PT8M,1999-10-04T00:35:00Z,Make and share this Homemade Butter II recipe from Food.com.,"""https://img.sndimg.com/food/image/upload/w_555,h_416,c_fit,fl_progressive,q_95/v1/img/recipes/31/1/pic6Vdvil.jpg""",Very Low Carbs,"c(""Low Protein"", ""< 15 Mins"", ""Easy"")","c(""1"", ""1/2"", ""2"")","c(""heavy whipping cream"", ""water"")",5,1,615.8,66,41.1,244.5,71.5,5,0,0.2,3.7,NA,1 1/3 cups,"c(""Fit the steel knife blade into the work bowl of your food processor."", ""Process  cream until whipped, about 30 seconds."", ""Add water and ice cubes."", ""Process 2-3  minutes until butter has formed  and separated from the liquid."", ""No harm will be  done if you overwhip this  mixture. Pour butter and liquid into a fine strainer."", ""With a rubber spatula,  gently press butter against sieve to remove excess  moisture. DO NOT press  too hard or butter will go through strainer."", ""Refrigerate butter in a  covered container."", 
""This makes 1/3 cup butter."", ""If you prefer salted butter, add 1/8 teaspoon  or less of salt to cream before processing."")"
000312,*312*,Florentines,1662,Anne Edgell,PT11M,PT35M,PT46M,1999-08-27T05:06:00Z,Make and share this Florentines recipe from Food.com.,character(0),Dessert,"c(""German"", ""European"", ""< 60 Mins"", ""For Large Groups"", ""Oven"")","c(""1/2"", ""1/4"", ""1"", ""1/4"", ""1/3"", ""2"", ""1"", ""1/2"", ""1/2"", ""2"", ""1"")","c(""all-purpose flour"", ""baking soda"", ""salt"", ""butter"", ""margarine"", ""brown sugar"", ""light corn syrup"", ""egg"", ""coconut"", ""vanilla extract"", ""butter"", ""margarine"")",NA,NA,36.9,2.2,1.5,7,23.3,4.2,0.2,2.5,0.4,48,NA,"c(""Mix flour, baking soda and salt."", ""Cream 1/4 cup butter or margarine."", ""Gradually add brown sugar and beat until light and fluffy."", ""Add corn syrup  and egg."", ""Blend well."", ""Stir in flour mixture, coconut and vanilla."", ""Drop by half teaspoonfuls onto greased baking sheets, leaving 2 inches between."", ""Bake at 350 degrees Fahrenheit (180 degrees Celsius) about 10 minutes."", ""Cool on baking sheets for 1 minute."", ""Remove quickly and finish cooling on racks. (If wafer hardens, return briefly to oven)."", 
""Melt chocolate and 1 tablespoon  butter in pan over very low heat, stirring constantly until smooth."", ""Drizzle chocolate over cookies."")"
000313,*313*,How to Make Yeast,1675,Jim Weller,NA,PT15M,PT15M,1999-09-06T05:07:00Z,Make and share this How to Make Yeast recipe from Food.com.,character(0),Yeast Breads,"c(""Breads"", ""Australian"", ""< 15 Mins"", ""Easy"")","c(""2 1/4"", ""4 1/2"", ""1/2"", ""1/2"")","c(""water"", ""sugar"")",NA,NA,387,0,0,0,136.2,100,0,99.8,0,1,NA,"c(""To the siftings or bran, add the water boiled and strained, then throw in the hops and sugar."", ""When cool set it working, and bottle it."", ""from THE TRADITION OF AUSTRALIAN COOKING by ANN GOLLAN  typed by KEVIN JCJD SYMONS  MMMMM  MMMMM----- Recipe via Meal-Master (tm) v8.05."")"
000314,*314*,Thai Citrus Chicken Salad,148316,- Carla -,NA,PT1H,PT1H,1999-09-13T03:56:00Z,This is a healthy and delicious summer salad.  Great for lunch while sitting out in the garden with a a nice cold glass of white wine. :),"""https://img.sndimg.com/food/image/upload/w_555,h_416,c_fit,fl_progressive,q_95/v1/img/recipes/31/4/picl6Emxi.jpg""",Chicken,"c(""Oranges"", ""Poultry"", ""Citrus"", ""Fruit"", ""Meat"", ""Asian"", ""Brunch"", ""< 60 Mins"")","c(""1"", ""1"", ""2"", ""1/4"", ""2"", ""1"", ""1"", ""2"", ""100"", ""1"", ""1"", ""2"", NA, NA, ""1/4"")","c(""garlic clove"", ""light soy sauce"", ""oranges"", ""lime"", ""brown sugar"", ""Chinese cabbage"", ""bean sprouts"", ""red onion"", ""orange"", ""fresh cilantro"", ""fresh cilantro"")",5,15,311.2,3.7,1,73.1,415.4,40.9,8.6,26.9,32.7,2,NA,"c(""DRESSING:"", ""Combine the ginger, garlic, soy sauce, rice wine vinegar, orange juice, lime juice, and brown sugar together."", ""Add salt and freshly ground pepper and taste for seasoning."", ""Refrigerate 1 hour to allow flavors to infuse."", ""SALAD:"", ""Combine the Chinese Cabbage, bean sprouts, sliced red onion and orange segments. (I like to drop everything in a large zip-lock bag)."", ""Toss with half of the dressing. (Again, if you use a zip-lock bag you can easily pour in half of the dressing, seal and fumble to mix dressing in with salad; place in the refrigerator until ready to use.)."", 
""Add the sliced chicken to a frying pan and brown lightly with a small amount of olive oil."", ""Add the remainder of the citrus dressing; bring to a boil; reduce for 30 seconds to allow mixture to thicken slightly."", ""Place Chinese cabbage mixture on two dinner plates."", ""Arrange sliced chicken on top and pour over the remaining sauce."", ""Top with freshly chopped cilantro."")"
000315,*315*,Chutney Ham Salad,47510,Dreamgoddess,NA,PT25M,PT25M,1999-09-13T03:56:00Z,This is one of the Zaar recipes that I adopted.  I hope to make this soon as it looks like a dish my family would enjoy.  I’ll edit the recipe accordingly if needed.,character(0),Chutneys,"c(""Sauces"", ""Pork"", ""Meat"", ""< 30 Mins"", ""Easy"")","c(""1"", NA, ""2"", ""1"", ""1"", ""3"")","c(""pineapple chunks"", ""ham"", ""cheddar cheese"", ""sour cream"", ""chutney"")",NA,NA,373.8,25.5,14.8,91.4,1267.7,11.8,0.5,8.4,24.7,4,NA,"c(""Drain pineapple, reserving 2 tablespoons juice."", ""Arrange pineapple, ham and cheese onto each of four salad plates lined with crisp salad greens."", ""For dressing, combine sour cream, reserved pineapple juice and chutney."", ""Spoon dressing over each salad to serve."")"
000316,*316*,Dolmades with Yogurt-Mint Sauce,1554,Jacques Lorrain,PT1H31M,PT1H50M,PT3H21M,1999-09-05T20:08:00Z,Make and share this Dolmades with Yogurt-Mint Sauce recipe from Food.com.,character(0),White Rice,"c(""Long Grain Rice"", ""Rice"", ""Turkish"", ""Greek"", ""Southwest Asia (middle East)"", ""Asian"", ""European"", ""Low Cholesterol"", ""Weeknight"", ""< 4 Hours"")","c(""1/4"", ""3"", ""1"", ""3"", ""1"", ""1 1/2"", ""4"", ""1/3"", ""1/3"", ""1/3"", ""1/4"", ""1"", ""1"", ""1/4"", ""1"", NA)","c(""olive oil"", ""olive oil"", ""onion"", ""garlic"", ""long grain white rice"", ""cumin"", ""canned chicken broth"", ""currants"", ""pine nuts"", ""fresh parsley"", ""of fresh mint"", ""grape leaves"", ""plain yogurt"", ""of fresh mint"", ""garlic"", ""lemon wedge"")",4,5,89,5,0.8,1.4,432.3,8.6,0.4,1.8,3,NA,30 pieces,"c(""FOR GRAPE LEAVES:"", ""Heat 1/4 cup oil in heavy medium saucepan over medium low heat. Add  onion and garlic. Saute until very tender, about 10 minutes."", ""Add  rice and cumin and stir 1 minute. Add 2 cups broth and currants."", ""Cover and simmer until rice is tender and liquid is absorbed, about  20 minutes."", ""Transfer to bowl."", ""Mix in nuts, parsley and mint. Season  with salt and pepper."", ""Cool completely."", ""(Can be made I day ahead. Cover; chill.)"", ""Place grape leaves in bowl."", ""Cover with cold water and let stand 30  minutes."", 
""Drain."", ""(Cut off stems."", ""Arrange 1 leaf veined side up on  work surface. Place 1 rounded Tbsp of rice filling on stem end,  leaving 1/2-inch border."", ""Fold 2 short sides over rice, then roll up  starting at stem end."", ""Repeat with remaining leaves and filling."", ""Place seam in side down in 2 heavy 12-inch skillets."", ""Divide  remaining 3 Tbsp oil and 2 cups broth between skillets."", ""Cover;  simmer over medium-low heat until liquid is absorbed, about 30  minutes."", ""Uncover and let rolls cool."", 
""Transfer to platter."", ""Cover and  chill."", ""(Can be made 1 day ahead.)   FOR SAUCE:  Combine yogurt, mint, and garlic in small bowl."", ""Season to taste with  salt and pepper."", ""Place grape leaf rolls on platter and garnish with lemon."", ""Serve with  sauce.  These rice-filled grape leaves are a classic Greek appetizer."")"
000317,*317*,Grand Marnier Cake II,1534,Tonkcats,PT50M,PT40M,PT1H30M,1999-09-17T04:52:00Z,Make and share this Grand Marnier Cake II recipe from Food.com.,character(0),Dessert,"c(""Weeknight"", ""Oven"", ""< 4 Hours"")","c(""1"", ""1 1/2"", ""3"", ""2"", ""1"", ""1"", ""1"", ""1"", ""1/4"", ""1/4"", ""1/3"", ""1/2"", ""2"")","c(""butter"", ""sugar"", ""eggs"", ""flour"", ""baking powder"", ""baking soda"", ""sour cream"", ""orange, zest of"", ""Grand Marnier"", ""sugar"")",NA,NA,642.2,34.6,19.2,153,423.6,77.5,1.6,51.2,8.2,8,NA,"c(""Cream butter and sugar."", ""Beat in egg yolks."", ""Add flour, baking powder and baking soda alternately with sour cream, beating until smooth."", ""Stir in orange rind and chopped almonds."", ""Fold in stiffly beaten egg whites."", ""Pour into buttered 9-inch tube pan."", ""Bake in moderate 350 degree Fahrenheit oven about 50 minutes."", ""Mix orange juice, Grand Marnier, and sugar together; spoon over hot cake in pan."", ""Decorate top with almonds."", ""Cool before removing from pan."")"
000318,*318*,French Pecan Pie II,1534,Tonkcats,PT30M,PT25M,PT55M,1999-09-17T04:51:00Z,Make and share this French Pecan Pie II recipe from Food.com.,character(0),Pie,"c(""Dessert"", ""Fruit"", ""Nuts"", ""European"", ""Low Cholesterol"", ""< 60 Mins"", ""Oven"")","c(""3"", ""1"", ""2/3"", ""1"", ""1"", ""1/2"")","c(""vanilla"", ""graham cracker crumbs"", ""sugar"", ""pecans"", ""baking powder"")",5,4,304.8,14.1,1.3,0,102.6,43.3,2,37.1,4.1,NA,NA,"c(""Mix egg whites and vanilla."", ""Add graham cracker crumbs, sugar, pecans, and baking powder."", ""Gentleness not obligatory; just stir it all up and pour into a well buttered pie pan."", ""Bake at 350 degrees Fahrenheit for  25 to 30 minutes."", ""Do not overcook."", ""Allow to cool."", ""Top with whipped cream and  refrigerate until ready to serve."", ""Pie (without cream) freezes well."")"
000319,*319*,Fish Chowder,47510,Dreamgoddess,PT25M,PT30M,PT55M,1999-09-10T19:07:00Z,"This is one of the recipes I adopted -- it's gotten 5 stars all around, so I won't change it, but I wouldn't use margarine or cooking oil -- I would use either light olive oil or unsalted butter.  I also might substitute half and half for the milk, to be a little decadent once in a while...","c(""https://img.sndimg.com/food/image/upload/w_555,h_416,c_fit,fl_progressive,q_95/v1/img/recipes/31/9/2ym1pt8Rme5VZDRZVF9G_chowder.JPG"", ""https://img.sndimg.com/food/image/upload/w_555,h_416,c_fit,fl_progressive,q_95/v1/img/recipes/31/9/VRX9ZmK7Sf62Y84IX2ka_image.jpg"", ""https://img.sndimg.com/food/image/upload/w_555,h_416,c_fit,fl_progressive,q_95/v1/img/recipes/31/9/UMiQ1gT8TeK9xtIrhrEM_IMG_0862.JPG"", ""https://img.sndimg.com/food/image/upload/w_555,h_416,c_fit,fl_progressive,q_95/v1/img/recipes/31/9/01462900765.jpeg"", 
""https://img.sndimg.com/food/image/upload/w_555,h_416,c_fit,fl_progressive,q_95/v1/img/recipes/31/9/mwBXqIsXTTiVH7a7otcC_fish_chowder_salad.jpg"", ""https://img.sndimg.com/food/image/upload/w_555,h_416,c_fit,fl_progressive,q_95/v1/img/recipes/31/9/vBLL0ckSG6ca8YIxvsJ5_chowder.JPG"", ""https://img.sndimg.com/food/image/upload/w_555,h_416,c_fit,fl_progressive,q_95/v1/img/recipes/31/9/AOL7OIg7T42yeWVmbpnn_chowder.JPG"", ""https://img.sndimg.com/food/image/upload/w_555,h_416,c_fit,fl_progressive,q_95/v1/img/recipes/31/9/picXr5HL6.jpg"", 
""https://img.sndimg.com/food/image/upload/w_555,h_416,c_fit,fl_progressive,q_95/v1/img/recipes/31/9/pic4YcL6n.jpg"", ""https://img.sndimg.com/food/image/upload/w_555,h_416,c_fit,fl_progressive,q_95/v1/img/recipes/31/9/picw6fYFY.jpg"", ""https://img.sndimg.com/food/image/upload/w_555,h_416,c_fit,fl_progressive,q_95/v1/img/recipes/31/9/picGDHucd.jpg"")",Chowders,"c(""Potato"", ""Vegetable"", ""Low Cholesterol"", ""< 60 Mins"")","c(""1"", ""2"", ""1"", ""1/2"", ""2"", ""1/2"", ""2"", ""1"", ""1/2"", ""1"")","c(""cod fish fillet"", ""margarine"", ""onion"", ""celery"", ""raw potatoes"", ""carrot"", ""boiling water"", ""salt"", ""pepper"", ""milk"")",5,66,261,8.8,2.8,57.4,769.5,20.7,2.8,2.7,24.4,4,NA,"c(""Cut cod fillets into bite sized pieces."", ""Melt margarine in large saucepan Cook  onion and celery until onion is tender and translucent. Add potatoes, carrots,  water, salt and pepper."", ""Cover and simmer 10 to 15 minutes until vegetables are  tender."", ""Add fish and cook 10 minutes longer."", ""Add milk."", ""Reheat, but do not boil."", ""Serves 4."", ""Serve hot, with freshly baked home made bread or rolls and butter."")"
000320,*320*,Drunken Chicken,2178,troyh,PT1H15M,PT20M,PT1H35M,1999-08-16T06:11:00Z,Make and share this Drunken Chicken recipe from Food.com.,character(0),Whole Chicken,"c(""Chicken"", ""Poultry"", ""Meat"", ""Free Of..."", ""Weeknight"", ""< 4 Hours"")","c(""1"", ""4"", ""3"", ""1"", ""2"", ""2"", NA)","c(""whole chicken"", ""low sodium chicken broth"", ""ginger"", ""soy sauce"", ""scallions"")",3,1,1042.9,54.4,15.6,243.8,551.7,3.8,0.2,0.7,62.7,NA,NA,"c(""Put chicken in a medium-size pot, large enough to hold it and have  it submerged in the cooking liquids."", ""Add chicken broth, ginger, soy  sauce, scallions and whiskey and bring it to a simmer."", ""Simmer, covered  for 45 minutes."", ""Then turn off the heat and leave the lid on the pot--do  not remove cover."", ""Allow chicken to sit for another 30 minutes or so."", ""Then remove chicken, rub lightly with sesame oil and serve."")"
000321,*321*,Drunken Chicken II,2178,troyh,PT15M,PT50M,PT1H5M,1999-10-04T00:47:00Z,Make and share this Drunken Chicken II recipe from Food.com.,character(0),Chicken Breast,"c(""Chicken"", ""Poultry"", ""Meat"", ""Weeknight"", ""< 4 Hours"")","c(""2"", ""1"", ""2"", ""1"", ""1"", ""1/2"", NA)","c(""water"", ""chicken breast"", ""ginger"", ""scallion"", ""salt"", ""sherry wine"", ""cilantro"")",5,1,352.1,13.4,3.9,92.8,7090.3,4.3,0.4,1.3,30.6,1,NA,"c(""Bring water to boil, then add chicken breast, ginger, scallion and salt.  Boil 15 minutes."", ""Remove to bowl."", ""Debone chicken while warm."", ""Remove ginger and scallion and discard."", ""Place chicken and its stock in container."", ""Add sherry."", ""Cover and refrigerate 1-5 days."", ""When ready to serve, cut chicken into 1-inch pieces."", ""Arrange on platter."", ""Pour jellied liquid over chicken and decorate with cilantro."", ""Serve cold."")"
000322,*322*,Curry Chicken,1732,David Greene,NA,PT20M,PT20M,1999-08-11T19:43:00Z,Make and share this Curry Chicken recipe from Food.com.,"""https://img.sndimg.com/food/image/upload/w_555,h_416,c_fit,fl_progressive,q_95/v1/img/recipes/32/2/picQpUTFW.jpg""",Chicken,"c(""Poultry"", ""Meat"", ""Free Of..."", ""< 30 Mins"")","c(""6 -8"", NA, NA, NA, NA, ""2"", ""1"", ""1/2"", ""1"")","c(""chicken wings"", ""curry powder"", ""seasoning salt"", ""black pepper"", ""onion"", ""green pepper"")",5,8,284.4,15.3,3.8,56.6,61.3,20.4,2.5,2.6,15.9,4,NA,"c(""Season wings to taste, using curry powder generously."", ""Cut potatoes into bite size cubes."", ""Saute chicken wings, onion, green pepper and potatoes in oil until brown."", ""Add 1/2 to 3/4 cup water."", ""Simmer until juices thicken and chicken is tender."")"
000323,*323*,Curried Chicken,1732,David Greene,PT2H20M,PT10M,PT2H30M,1999-08-11T19:43:00Z,Make and share this Curried Chicken recipe from Food.com.,character(0),Whole Chicken,"c(""Chicken"", ""Poultry"", ""Meat"", ""Asian"", ""Indian"", ""Very Low Carbs"", ""Free Of..."", ""Weeknight"", ""< 4 Hours"")","c(""2"", NA, ""2"", ""1"", ""1/2"", ""1"", NA, ""1/2"", ""3"", ""1/4"")","c(""chicken"", ""salt"", ""curry powder"", ""onion"", ""rosemary"", ""garlic"", ""thyme"", ""water"")",4,1,604.2,44.8,11.2,170.1,162.5,5.6,1.7,1.7,43,4,NA,"c(""Season chicken with salt, curry powder, onions, rosemary, garlic, pepper and thyme."", ""Marinate for 2 hours, or in refrigerator overnight."", ""In a heavy skillet,  brown the chicken pieces lightly in oil for approximately 20 minutes."", ""Check constantly to make sure nothing sticks."", ""Add water and simmer for another 20  minutes until tender."", ""Serve over white rice. (Serves 4)."")"
000324,*324*,Cheesy Stuffed Acorn Squash,1545,Nancy Van Ess,PT44M,PT10M,PT54M,1999-09-08T10:43:00Z,"Great vegetarian version of stuffed acorn squash, full of stuff most people would have in the fridge.","c(""https://img.sndimg.com/food/image/upload/w_555,h_416,c_fit,fl_progressive,q_95/v1/img/recipes/32/4/pickoJlvD.jpg"", ""https://img.sndimg.com/food/image/upload/w_555,h_416,c_fit,fl_progressive,q_95/v1/img/recipes/32/4/pic7zydiv.jpg"")",Vegetable,"c(""Low Protein"", ""Weeknight"", ""< 60 Mins"", ""Oven"")","c(""1"", ""2"", ""2"", ""1/2"", ""1/4"", ""2"", ""2"", ""1/2"", ""1/2"", ""1"", ""1/4"")","c(""acorn squash"", ""butter"", ""onions"", ""broccoli floret"", ""mushroom"", ""celery"", ""walnuts"", ""brown sugar"", ""soy sauce"", ""fresh basil"", ""muenster cheese"")",5,13,304.8,20.8,10.5,44.1,292.5,27.2,4.1,2.2,7.4,2,NA,"c(""Heat oven to 400°F."", ""Cut squash in half and remove the seeds."", ""Rub the cut flesh  with salt and place flesh side down in a baking dish and bake for about 35  minutes."", ""While the squash is baking, sauté onion in butter until clear and add  chopped broccoli florets, mushrooms and celery."", ""Sauté about 4 minutes."", ""Stir in  walnuts and fresh basil, then sprinkle with brown sugar and soy sauce, adjust  seasoning to taste. Toss to mix well."", ""Check baking squash with a fork to see if  it glides through the flesh."", 
""Stuff with vegetable mixture, top with equal  amounts of grated cheese and return to oven for about 5 minutes."", ""NOTES : Baked acorn squash halves stuffed with sautéed broccoli, cheese and  walnuts."")"
000325,*325*,"Acorn, Butternut Squash and Parsnips Gratin",1545,Nancy Van Ess,PT2H15M,PT35M,PT2H50M,1999-09-08T10:43:00Z,"Make and share this Acorn, Butternut Squash and Parsnips Gratin recipe from Food.com.",character(0),Vegetable,"c(""Low Protein"", ""Low Cholesterol"", ""Healthy"", ""Weeknight"", ""Oven"", ""< 4 Hours"")","c(""1/3"", ""1/4"", ""1/2"", ""1/4"", ""1/4"", ""1/4"", ""4"", ""2"", ""2"", ""1"", NA, ""1/2"", NA)","c(""fresh parsley"", ""salt"", ""dried oregano"", ""dried thyme"", ""pepper"", ""acorn squash"", ""parsnips"", ""olive oil"", ""olive oil-flavored vegetable cooking spray"", ""reduced-fat sharp cheddar cheese"", ""oregano sprig"")",4,1,152.8,3.5,0.8,2,305.9,27.9,4.9,3.6,4.9,6,NA,"c(""Combine breadcrumbs, parsley, salt, oregano, thyme and pepper  in a large bowl; stir well."", ""Add acorn squash, butternut squash, parsnips, and olive oil, tossing to coat."", ""Spoon squash mixture into a 2 quart casserole coated with cooking spray."", ""Cover and bake at 325 degrees Fahrenheit for 1-1/2  hours."", ""Sprinkle with cheese."", ""Bake, uncovered, an additional 15 minutes."", ""Garnish with oregano, if desired."", ""NOTES : Use any combination of winter squash to equal 6 cups, if desired."")"
000327,*327*,Chicken Caesar Wraps,1545,Nancy Van Ess,NA,PT1H,PT1H,1999-08-15T07:28:00Z,Make and share this Chicken Caesar Wraps recipe from Food.com.,character(0),Lunch/Snacks,"c(""Chicken Breast"", ""Chicken"", ""Poultry"", ""Meat"", ""< 60 Mins"")","c(""3"", ""1"", ""1"", ""1/2"", ""1"", ""8"", ""2"", ""3"", ""1/2"", ""1/2"", ""1/2"", NA, NA)","c(""olive oil"", ""lemon pepper"", ""garlic"", ""skinless chicken breast half"", ""sour cream"", ""milk"", ""parmesan cheese"", ""pepper"", ""garlic"", ""flour tortilla"", ""romaine lettuce"")",4.5,10,357.6,26.2,9.8,108.1,241,2.8,0.1,2.1,27.1,4,NA,"c(""In a large self-closing plastic bag combine olive oil, lemon pepper, garlic, and Italian seasoning."", ""Add chicken to bag and seal tightly."", ""Turn bag gently to distribute marinade. Refrigerate 15  minutes."", ""Preheat grill to medium heat."", ""Remove the chicken from the marinade and arrange on the grill rack."", ""Grill 10 to 14 minutes, turning occasionally."", ""Remove chicken and cut into strips."", ""In a small bowl combine sour cream, milk, parmesan cheese, Italian seasoning, pepper and garlic for the dressing."", 
""Place Romaine lettuce and sliced chicken in a warmed tortilla."", ""Top with dressing."", ""Fold tortilla."", ""NOTES : I slice chicken and then place in marinade. I also cook on the stovetop."")"
000328,*328*,Spicy Acorn Squash Soup,1545,Nancy Van Ess,PT45M,PT35M,PT1H20M,1999-09-03T19:24:00Z,Make and share this Spicy Acorn Squash Soup recipe from Food.com.,character(0),Low Protein,"c(""Low Cholesterol"", ""Spicy"", ""Weeknight"", ""< 4 Hours"")","c(""3"", ""1 1/2"", ""1/2"", ""3"", ""1/2"", ""3"", ""1/2"", ""1/4"", NA)","c(""low sodium chicken broth"", ""onions"", ""acorn squash"", ""salt"", ""water"", ""long-grain rice"", ""chunky peanut butter"", ""fresh parsley"")",4,3,156.7,5.4,1,0,248.6,23.2,2.4,2.4,6.1,7,7 servings (serving si,"c(""Place 1/4 cup chicken broth in a large saucepan; bring to a boil."", ""Add onion and  crushed red pepper; cook 5 minutes or until tender."", ""Add remaining 2-3/4 cups  broth, squash, salt, and water; bring to a boil."", ""Cover, reduce heat, and simmer  for 20 minutes."", ""Add rice; cover and simmer 20 minutes or until squash and rice  are tender."", ""Place peanut butter and half of soup in a blender; cover and process until  smooth."", ""Pour puree into a bowl."", ""Repeat with remaining soup, and add to bowl,  stirring well.""
)"
000329,*329*,Ken's White Chili,1735,Tracey Kehne,PT3H,PT20M,PT3H20M,1999-09-17T04:45:00Z,Make and share this Ken's White Chili recipe from Food.com.,character(0),Tex Mex,"c(""Southwestern U.S."", ""Weeknight"", ""< 4 Hours"")","c(""1"", ""5"", ""2"", ""2"", ""1 1/2"", ""2"", ""1"", ""1/2"", NA, ""1"", ""1"", ""3"")","c(""great northern bean"", ""fat-free chicken broth"", ""onions"", ""garlic cloves"", ""boneless skinless chicken breasts"", ""cumin"", ""oregano"", ""cayenne pepper"", ""lemon juice"", ""green chilies"", ""monterey jack cheese"")",4.5,4,459.2,19.3,11.3,116.1,672.8,23.8,6.3,3.8,47.8,6,NA,"c(""Soak beans overnight."", ""Combine beans, chicken broth, onions and garlic in large pot."", ""Cook (boil, then simmer) for 1 to 2 hours until beans are done. (Do not stir  too much or the beans will fall apart)."", ""When beans are done, add chicken, cumin, oregano, cayenne pepper, salt and pepper, lemon juice, and chilies."", ""Simmer for approximately 1 hour."", ""Add grated cheese last. Simmer until cheese is melted; stir or cheese will sink to the bottom  and scorch."", ""NOTES."", ""Cooking times are approximate. Basically cook until the beans are  done and spices have \""soaked in\"" then cook until cheese melts."", 
""Sometimes not all of the chicken broth is necessary."", ""You don't want it too soupy, so I  usually add about 4 cans of chicken broth and add the last can as needed."", ""This will make a large pot."", ""Serve with a salad and garlic bread and enjoy!"")"
000330,*330*,White Chili,1735,Tracey Kehne,PT30M,PT15M,PT45M,1999-09-17T04:45:00Z,Make and share this White Chili recipe from Food.com.,character(0),Tex Mex,"c(""Southwestern U.S."", ""< 60 Mins"")","c(""1 1/2"", ""3"", ""2"", ""2"", ""8"", ""8"")","c(""boneless skinless chicken breast halves"", ""great northern beans"", ""fat-free chicken broth"", ""cumin"", ""salsa"", ""monterey jack cheese"")",4,1,485.5,14.6,8.3,101.5,705.3,38.2,12.3,1.5,50.8,6,NA,"c(""Brown chicken breast pieces in a little oil or Pam."", ""Add beans, salsa, cumin  and a little chicken broth and simmer for 30 minutes."", ""Add cheese and simmer  until completely melted."", ""Add chicken broth as needed to thicken to desired  consistency."")"
000332,*332*,Light Easy Crisp,1556,Strawberry Girl,PT1H10M,PT35M,PT1H45M,1999-08-18T04:47:00Z,Make and share this Light Easy Crisp recipe from Food.com.,character(0),Dessert,"c(""Low Protein"", ""Weeknight"", ""Oven"", ""< 4 Hours"", ""Easy"")","c(""3"", ""1/2"", ""1"", ""1/2"", ""3/4"", ""1/2"", ""1/4"")","c(""cinnamon"", ""fresh blueberries"", ""frozen blueberries"", ""all-purpose flour"", ""rolled oats"", ""brown sugar"", ""butter"")",5,1,195.9,6.5,3.8,15.2,46.9,33.3,2.4,20.5,2.8,8,NA,"c(""Preheat oven to 350F."", ""Peel and core apples, if using."", ""Cut peaches or apples into  1/2-inch wedges and place in a bowl."", ""Sprinkle with cinnamon and toss until  evenly coated."", ""If using peaches, mix in berries."", ""(Blueberries will turn the  apples gray.) Press down firmly in a 9-inch pie plate.  In a medium-sized bowl, stir flour with rolled oats and brown sugar.Slowly add  butter, working in with a fork."", ""Carefully mound on top of fruit and gently press  into surface. Bake in centre of preheated oven for 60-70 minutes or until fruit  is tender when pierced with a skewer."", 
""This crisp is wonderful served warm with  ice cream or yoghurt cheese"")"
000333,*333*,Giant Baked Hero,1545,Nancy Van Ess,NA,PT1H5M,PT1H5M,1999-08-15T07:28:00Z,Make and share this Giant Baked Hero recipe from Food.com.,character(0),Lunch/Snacks,"c(""Weeknight"", ""Oven"", ""< 4 Hours"")","c(""2"", ""3"", ""2"", ""1/2"", ""1/2"", ""1/2"", ""1/2"", ""1/2"", ""1/4"", ""1/2"", ""1"", ""1"", NA, NA)","c(""olive oil"", ""garlic cloves"", ""garlic cloves"", ""dry basil leaves"", ""dry oregano leaves"", ""dry thyme leaves"", ""ham"", ""fontina"", ""monterey jack cheese"", ""onion"", ""olive oil"")",NA,NA,313.8,23.6,9.9,72.7,1528.6,4.7,0.8,1.4,20.8,6,NA,"c(""Pat loaves together."", ""On a lightly floured board, roll dough into a 12\"" x18\""  rectangle."", ""Garlic Oil: Combine 3 tablespoons olive oil with 2 cloves garlic, minced or  pressed and 1/2 teaspoon each dry basil leaves, dry oregano leaves and dry thyme  leaves. Brush surface with 2 tablespoons garlic oil."", ""Cover half dough lengthwise with overlapping layers of salami, ham, coppa, cheese, onions and  peppers."", ""Lift plain half of dough over filling (if dough sticks, loosen with a  spatula). Press edges firmly together to seal."", 
""Using 2 wide spatulas, transfer  packet to an oiled 12\"" x17\"" baking sheet; tuck ends of dough under."", ""Brush with remaining oil."", ""Let rise in a warm place until puffy, about 20 minutes."", ""Bake at 400 degrees Fahrenheit until richly browned, 15 to 20 minutes."", ""Cut sandwich lengthwise in half then  crosswise into 3\"" slices."", ""Grilled Onion: In an 8-10\"" frying pan over medium high heat, combine 1 tablespoon olive oil, 2 tablespoons balsamic or red wine vinegar and 1 large onion, sliced. Stir often, until onion begins to brown, 8 to 10 minutes; set aside.""
)"
000334,*334*,Brown Sugar Shortbread,1545,Nancy Van Ess,NA,PT50M,PT50M,1999-09-12T06:08:00Z,Make and share this Brown Sugar Shortbread recipe from Food.com.,"c(""https://img.sndimg.com/food/image/upload/w_555,h_416,c_fit,fl_progressive,q_95/v1/img/recipes/33/4/picgJ33Es.jpg"", ""https://img.sndimg.com/food/image/upload/w_555,h_416,c_fit,fl_progressive,q_95/v1/img/recipes/33/4/picx936Np.jpg"", ""https://img.sndimg.com/food/image/upload/w_555,h_416,c_fit,fl_progressive,q_95/v1/img/recipes/33/4/picqLrEG1.jpg"")",Bar Cookie,"c(""Dessert"", ""Cookie & Brownie"", ""Scottish"", ""European"", ""Christmas"", ""< 60 Mins"", ""For Large Groups"", ""Oven"", ""Easy"")","c(""1"", ""1/2"", ""2 1/4"")","c(""butter"", ""brown sugar"", ""flour"")",5,34,73,4.5,2.8,11.6,32.3,7.7,0.2,2.5,0.7,42,NA,"c(""In a mixing bowl, cream butter and brown sugar."", ""Gradually stir in the flour."", ""Turn onto  a lightly floured surface and knead until smooth, about 3 minutes."", ""Pat into a 1/3\""  thick rectangle measuring 11\"" x8\""."", ""Cut into 2\"" x1\"" strips."", ""Place 1\"" apart on ungreased cookie sheets."", ""Prick with a fork."", ""Bake at 300 degrees Fahrenheit for 25 minutes or until bottom begins to brown."", ""Cool for 5 minutes."", ""Remove to a wire rack to cool completely."")"
000335,*335*,Pork Sate With Peanut Dipping Sauce,1554,Jacques Lorrain,PT39M,PT50M,PT1H29M,1999-09-04T21:02:00Z,Make and share this Pork Sate With Peanut Dipping Sauce recipe from Food.com.,character(0),Pork,"c(""Fruit"", ""Nuts"", ""Meat"", ""Weeknight"", ""Broil/Grill"", ""Oven"", ""< 4 Hours"")","c(""1"", ""3"", ""2"", ""1"", ""2"", ""1/3"", ""3/4"", ""1"", ""1/2"", ""1/2"", ""1"", ""1/2"", ""12"", NA)","c(""fresh lemongrass"", ""fresh lime juice"", ""dark brown sugar"", ""soy sauce"", ""garlic cloves"", ""fresh lemongrass"", ""chicken broth"", ""creamy peanut butter"", ""onion"", ""jalapeno chile"", ""green onion top"")",NA,NA,236.2,13.3,3,36.9,422.9,12.9,2,7.4,18.7,6,NA,"c(""Mix 1 Tbsp lemon grass, 1 Tbsp lime juice, 1 Tbsp dark brown sugar, soy sauce, and garlic in large bowl."", ""Add pork; toss to coat with marinade."", ""NOTE: Pork tenderloins should be trimmed, cut into 3-inch long, 1/2-inch wide, 1/4-inch-thick slices."", ""Let stand 30 minutes to 1 hour."", ""Meanwhile, mix remaining 1/3 cup lemon grass, remaining 2 Tbsp lime juice, remaining 1 Tbsp sugar, 1 cup chicken broth, peanut butter, onion, coriander and jalapeno in heavy medium saucepan."", ""Bring to boil, whisking frequently."", 
""Transfer mixture to blender and puree."", ""Strain into heavy small saucepan, pressing on solids with back of spoon; discard solids."", ""Simmer until reduced to thick sauce consistency, stirring frequently, about 6 minutes. (Can be prepared 1 day ahead. Cover and refrigerate. Reheat before using, thinning with more chicken broth if necessary.)"", ""Preheat broiler."", ""Thread 3 pork strips on each skewer."", ""Broil until cooked through, about 3 minutes per side."", ""Pour sauce into bowl; set in center of platter."", 
""Sprinkle with green onion."", ""Surround with pork skewers and serve."", ""Serves 6 as an appetizer."")"
000336,*336*,Eight Layer Shortbread Slices,1545,Nancy Van Ess,PT1H,PT1H30M,PT2H30M,1999-09-12T06:08:00Z,Make and share this Eight Layer Shortbread Slices recipe from Food.com.,character(0),Bar Cookie,"c(""Dessert"", ""Cookie & Brownie"", ""Pineapple"", ""Tropical Fruits"", ""Fruit"", ""Scottish"", ""European"", ""Christmas"", ""Weeknight"", ""For Large Groups"", ""Oven"", ""< 4 Hours"")","c(""2 1/4"", ""1/2"", ""1 1/4"", ""1"", ""2"", ""1/4"", ""1"")","c(""flour"", ""cornstarch"", ""butter"", ""margarine"", ""confectioners' sugar"", ""vanilla"")",NA,NA,107.2,6.5,4.1,16.9,58.3,11.3,0.4,3.3,1.1,36,NA,"c(""Sift together flour and cornstarch onto a sheet of waxed paper. Set aside."", ""Beat butter and confectioners' sugar in a medium bowl until blended."", ""Stir in vanilla."", ""Gradually beat in flour mixture to make soft dough."", ""Divide dough in half."", ""Knead cocoa  powder into 1/2 of dough in bowl."", ""Flatten both doughs; wrap separately in plastic wrap or waxed paper."", ""Chill 1 hour or until easy to handle."", ""Roll each  batch of dough between 2 sheets of wax paper into 10\"" square."", ""Push sides in to  make absolutely even, using ruler or long-bladed knife."", 
""If dough becomes too  soft or sticky, refrigerate on cookie sheet."", ""Remove top sheet of wax paper from nonchocolate dough; brush top with egg white."", ""Remove paper from top of chocolate dough; invert onto nonchocolate dough, matching sides up exactly."", ""Peel off  remaining sheet of wax paper."", ""Cut into 4 equal strips, each 10 x 2 1/3\""."", ""Brush  lightly with egg white."", ""Stack dough strips neatly to make 8 alternating layers."", ""Wrap stack in plastic wrap."", ""Chill several hours or overnight."", 
""Dough can be  refrigerated for up to 1 week."", ""Preheat oven to 375 degrees Fahrenheit."", ""Cut dough crosswise into slices slightly less than 1/4\""  thick."", ""Place slices on cookie sheets 1\"" apart."", ""Bake 10 minutes."", ""Transfer cookies to wire rack to cool completely."", ""Store cookies in  tightly covered containers in cool, dry place."")"
000337,*337*,Oktoberfest Spinach Strudel,39547,Julesong,PT30M,PT40M,PT1H10M,1999-09-13T03:48:00Z,Make and share this Oktoberfest Spinach Strudel recipe from Food.com.,"c(""https://img.sndimg.com/food/image/upload/w_555,h_416,c_fit,fl_progressive,q_95/v1/img/recipes/33/7/pictaFl4O.jpg"", ""https://img.sndimg.com/food/image/upload/w_555,h_416,c_fit,fl_progressive,q_95/v1/img/recipes/33/7/pichzycet.jpg"")",Vegetable,"c(""German"", ""European"", ""Weeknight"", ""Oven"", ""< 4 Hours"")","c(""1"", ""2"", ""1"", ""1"", ""1"", ""1"", ""1"", ""1"", ""1"", ""4"", ""2"")","c(""onion"", ""parsley"", ""frozen spinach"", ""fat free parmesan"", ""nutmeg"", ""black pepper"", ""phyllo dough"", ""skim milk"")",2,1,233.2,4.2,1.2,1.9,453.3,38.9,4.7,4.8,11.1,NA,NA,"c(""Simmer onion and parsley in stock until tender; set aside."", ""Cook spinach  according to package directions. Drain, squeezing out excess liquid."", ""Add onion  mixture, bread crumbs, egg white, Parmesan, nutmeg and pepper; mix well."", ""Place  two phyllo sheets on a damp towel on work surface."", ""Work quickly so that phyllo does not dry out."", ""Spread half of spinach mixture along (about 1-inch inside) narrow edge of phyllo and roll up jelly-roll-style."", ""Brush top and sides with skim milk."", ""With sharp knife, cut several slits on top to vent steam."", 
""Place on baking sheet prepared with nonstick spray."", ""Cover with another damp towel while repeating process with last two phyllo sheets and remaining spinach mixture."", ""Bake at 400 degrees Fahrenheit for 25 to 30 minutes until golden brown."", ""Cut each roll into six pieces."")"
000338,*338*,Thai Fish Curry,1554,Jacques Lorrain,PT15M,PT40M,PT55M,1999-09-04T21:02:00Z,Make and share this Thai Fish Curry recipe from Food.com.,character(0),Bass,"c(""Thai"", ""Asian"", ""Very Low Carbs"", ""< 60 Mins"")","c(""1/3"", ""2"", ""2"", ""1"", ""1"", ""1"", ""3"", ""3/4"", ""1"", ""3/4"", ""1"", ""2/3"", NA, NA)","c(""onion"", ""fresh cilantro stems"", ""fresh lemongrass"", ""turmeric"", ""fresh ginger"", ""cumin"", ""garlic cloves"", ""sea bass fillet"", ""canned unsweetened coconut milk"", ""bottled clam juice"", ""fresh cilantro"", ""rice"")",NA,NA,498.5,35.4,23.3,72.3,311.9,12.8,1.6,1.4,35.5,2,NA,"c(""Blend onion, cilantro, lemongrass, turmeric, ginger, cumin, garlic, and dried red peppers in a food processor to dry paste, stopping frequently to scrape down sides of work bowl. (Paste can be prepared  3 days ahead. Cover and chill.)"", ""Heat vegetable oil in a medium non-stick skillet over medium-high heat."", ""Add 2  rounded tablespoons spice paste; stir 1 minute."", ""Add fish and cook 2  minutes, turning occasionally with tongs."", ""Add coconut milk and clam  juice; simmer until fish is cooked through, turning occasionally, about 6 minutes."", 
""Transfer fish to plate."", ""Boil liquid until reduced to thick sauce, about 8 minutes."", ""Season with salt."", ""Return fish to sauce and heat through."", ""Sprinkle with cilantro."", ""Serve over rice."", ""The mild spice paste is also great used as a base for chicken and  shrimp curries."")"
000339,*339*,Spinach Phyllo Casserole,39547,Julesong,PT45M,PT1H,PT1H45M,1999-09-13T03:48:00Z,The layers of this low-fat phyllo pastry are coated with a mixture of egg whites  and olive oil instead of melted butter.,"c(""https://img.sndimg.com/food/image/upload/w_555,h_416,c_fit,fl_progressive,q_95/v1/img/recipes/33/9/pic9tB1YH.jpg"", ""https://img.sndimg.com/food/image/upload/w_555,h_416,c_fit,fl_progressive,q_95/v1/img/recipes/33/9/picLX0tyP.jpg"")",Vegetable,"c(""Greek"", ""European"", ""Low Cholesterol"", ""Healthy"", ""Weeknight"", ""Oven"", ""< 4 Hours"")","c(""1/4"", ""1/4"", ""2"", ""1/2"", ""8"", ""10"", ""7"", ""3"", ""2"")","c(""onion"", ""chicken broth"", ""all-purpose flour"", ""skim milk"", ""low-fat cheddar cheese"", ""fresh spinach"", ""frozen spinach"", ""phyllo pastry"", ""olive oil"")",5,4,140.6,6.1,1.9,6.3,319.9,8.7,1.1,0.8,12.7,8,NA,"c(""Preheat oven to 375 F (190 C). Saute onions in chicken broth until broth has  evaporated."", ""Stir flour into milk until dissolved."", ""Add to onions and stir  constantly over medium heat until thickened."", ""Blend in cheese until melted."", ""Remove from heat and stir in spinach."", ""Beat 6 egg whites until frothy and blend  into cheese mixture. Pour into a deep casserole dish brushed with olive oil."", ""Whisk together remaining egg white and the olive oil."", ""Blend well."", ""Cut sheets of  phyllo pastry in half."", 
""Top the casserole with one piece of phyllo pastry."", ""Brush  with egg white mixture. Continue layering phyllo sheets, brushing each with the  mixture. Bake for 35 to 45 minutes."")"
000340,*340*,Mango Salsa,1580,tristitia,NA,PT10M,PT10M,1999-09-08T09:27:00Z,Make and share this Mango Salsa recipe from Food.com.,"c(""https://img.sndimg.com/food/image/upload/w_555,h_416,c_fit,fl_progressive,q_95/v1/img/recipes/34/0/picqV53Ua.jpg"", ""https://img.sndimg.com/food/image/upload/w_555,h_416,c_fit,fl_progressive,q_95/v1/img/recipes/34/0/picc5L3G2.jpg"")",Sauces,"c(""Fruit"", ""Low Protein"", ""Low Cholesterol"", ""Healthy"", ""Free Of..."", ""< 15 Mins"", ""Easy"")","c(""1"", ""1"", ""2"", ""1"", ""1"", ""1"", ""1/2"")","c(""serrano chili"", ""mango"", ""tamarind pulp"", ""garlic"", ""fresh cilantro"", ""raw red bell pepper"")",5,1,100.4,0.5,0.1,0,5.8,25.8,3.2,21.5,1.3,NA,2 cups,"c(""mix together all ingredients in a bowl, makes about 2 cups"", ""From: Salsa by Reed Hearon"")"
000341,*341*,Grilled Pineapple Salsa,1580,tristitia,PT10M,PT0S,PT10M,1999-09-08T09:27:00Z,Make and share this Grilled Pineapple Salsa recipe from Food.com.,character(0),Sauces,"c(""Pineapple"", ""Tropical Fruits"", ""Fruit"", ""Low Protein"", ""Low Cholesterol"", ""Healthy"", ""Free Of..."", ""< 15 Mins"", ""Easy"")","c(""2"", ""2"", ""1"", ""2"", ""1"")","c(""fresh pineapple"", ""anaheim chilies"", ""jalapeno chile"", ""olive oil"")",NA,NA,86.2,2.5,0.3,0,4.5,16.7,2.2,10.9,1.6,2,NA,"c(""In a bowl, toss pineapple, anaheim and jalapeno chilies, and onion slices together in the olive oil."", ""Grill until soft and browned, about 10 minutes."", ""Pull tops off chiles."", ""Puree all ingredients in a food processor or  blender."")"
000342,*342*,Country Fried Yellow Squash,125579,GrandmaIsCooking,NA,PT40M,PT40M,1999-08-18T04:03:00Z,"Adopted Recipe...I worked through all my adopted recipes and made changes to suit my tastes and cooking habits. I do not cook with bacon grease, so I changed the recipe from bacon grease to butter. (Note added 2/5/06).",character(0),Vegetable,"c(""Low Protein"", ""Free Of..."", ""< 60 Mins"")","c(""2 -3"", ""2"", ""2"", ""1"", ""1/2"", ""1"", ""1/4"")","c(""butter"", ""onions"", ""salt"", ""water"", ""sugar"")",5,4,67.7,5.4,3.3,15.9,325.4,4.5,0.8,3.6,1.2,8,1 batch,"c(""Wash tender yellow squash; remove stem and blossom ends."", ""Cut into 1/2-inch rounds."", ""Place squash, butter, onions and salt into heavy skillet."", ""Add water."", ""Cover and cook on medium low heat until water is absorbed and squash is tender."", ""Lightly mash with a fork."", ""Add sugar and cream."", ""Let it cook slowly until mixture is fairly dry and flavors develop, being careful not to let it scorch."")"
000343,*343*,Tangy Marinated Yellow Squash (No Cooking),55166,peppermintkitty,PT12H,PT20M,PT12H20M,1999-08-18T04:03:00Z,Make and share this Tangy Marinated Yellow Squash (No Cooking) recipe from Food.com.,character(0),Vegetable,"c(""Low Protein"", ""Low Cholesterol"", ""Free Of..."", ""Weeknight"", ""No Cook"", ""Refrigerator"", ""Easy"")","c(""4"", ""1/2"", ""1/2"", ""1/2"", ""2"", ""3/4"", ""1"", ""1"", ""1/3"", ""2/3"", ""1"")","c(""green onion"", ""green pepper"", ""celery"", ""wine vinegar"", ""sugar"", ""salt"", ""pepper"", ""cider vinegar"", ""garlic clove"")",5,10,359.6,18.9,2.5,0,612.3,46.7,3,43.5,3,4,NA,"c(""Toss yellow squash, green onion, green pepper, and celery together."", ""Mix the marinade ingredients together."", ""Pour marinade over squash mixture."", ""Refrigerate for at least 12 hours."")"
000344,*344*,Secret Salsa,69838,love4culinary,PT2H,PT1H30M,PT3H30M,1999-09-02T04:11:00Z,"I rescued this salsa recipe by adopting it from the recipezaar account, and plan to nurse it back to health when i get the chance :)  I think with a bit of tweaking, this recipe could be really good!",character(0),Sauces,"c(""Weeknight"", ""< 4 Hours"")","c(""1/3"", ""1"", ""1"", ""1"", ""1"", ""1"", ""1"", ""1/2"", ""1"", ""2"", ""1"")","c(""whole tomatoes"", ""tomato sauce"", ""cumin powder"", ""whole cumin seed"", ""chili powder"", ""msg"", ""onion"")",2,1,96.5,5.2,0.7,0,343.7,12.5,3.4,6.4,2.4,NA,6 cups,"c(""Get out the blender."", ""assemble the ingredients: At this point you should  barely have enough room to put  the lid on the blender."", ""Now the trick is to turn the blender on and off  quickly on \""chop\"" speed if you have one with variable speeds."", ""That is  real slow."", ""Best if you got one with a pulse button."", ""This is one ya really  don't want all over the kitchen."", ""You can do this with a blender that has  only on/off by not leaving it on till you got spicy tomato soup."", ""However,  a good stiff shove to the bottom with a wooden spoon of the tomatoes  that are floatin to the top tryin to get away from the Jalapenos will help  things along quite nicely."", 
""All you wanna do is get them broken into large  pieces and mixed thoroughly."", ""No more than fifteen seconds on total."", ""This should be about a Quart and a half."", ""I would recommend you put this  Gem in Glass jars and Lid/ring them and refrigerate for a while but it is  ready right now just gets better after sittin a spell."", ""It'll keep a week or so  in the icebox, most likely won't last that long anyhow."", ""Only problem,  which I have a solution to, Is that after a period of time there is so much  acid in this it starts attacking the metal lid/ring."", 
""Solution: I have recently  come across some rather sturdy white plastic screw on lids by \""BALL\""  (r) that work very well."")"
000345,*345*,Mashed Sweet Potato Pie,1535,Marg CaymanDesigns,PT50M,PT15M,PT1H5M,1999-09-03T14:34:00Z,Make and share this Mashed Sweet Potato Pie recipe from Food.com.,"""https://img.sndimg.com/food/image/upload/w_555,h_416,c_fit,fl_progressive,q_95/v1/img/recipes/34/5/piczgHYHj.jpg""",Dessert,"c(""Potato"", ""Vegetable"", ""Weeknight"", ""Oven"", ""< 4 Hours"")","c(""2"", ""2"", ""3/4"", ""1/2"", ""1/2"", ""1/2"", ""1"", ""1 2/3"", ""1/2"", ""1"")","c(""sweet potatoes"", ""eggs"", ""sugar"", ""salt"", ""ginger"", ""nutmeg"", ""vanilla"", ""evaporated milk"", ""butter"")",3,2,435.2,29.9,15.6,116.4,399.9,37.9,1.9,20.4,5,8,NA,"c(""Bake sweet potatoes until tender; peel and mash. Make sure all lumps are  removed, straining if necessary."", ""Mix mashed sweet potatoes, eggs, sugar, salt, ginger, nutmeg, vanilla, cream or evaporated milk and melted butter together."", ""Pour into unbaked pie shell."", ""Bake at 400 degrees Fahrenheit for 50 minutes or until knife inserted one inch from edges of pie comes out clean."")"
000346,*346*,Potatoes Tapas in Garlic Mayonnaise (Potatoes Aioli),1589,kenk1492,PT10M,PT10M,PT20M,1999-08-18T04:44:00Z,"&quot;Tapas, The Little Dishes of Spain&quot; By Penelope Cases Alfred A. Knopf 1986  This book contains more than 200 recipes for tapas. The word &quot;tapa&quot; in  Spanish means top or cover( there are other meanings) Spain has many bars  one for every 120 persons. They are usually small and run by families.  Coffee, water, soft drinks and liquor. They serve food also. They have  the time and ingredients for these small dishes. In the early days tapas  were served on small dishes placed as a cover over drinks. The tapas were  small and sometimes they were free or sold for a small price. Today the  dishes are larger and expensive. (4) recipes of the most commonly found tapas all over Spain","c(""https://img.sndimg.com/food/image/upload/w_555,h_416,c_fit,fl_progressive,q_95/v1/img/recipes/34/6/picMPKws7.jpg"", ""https://img.sndimg.com/food/image/upload/w_555,h_416,c_fit,fl_progressive,q_95/v1/img/recipes/34/6/pic5zJkG5.jpg"")",Potato,"c(""Vegetable"", ""Spanish"", ""European"", ""Low Protein"", ""Low Cholesterol"", ""Free Of..."", ""< 30 Mins"", ""Easy"")","c(""3/4"", ""1/2"", ""3"", ""2"", NA)","c(""salad potatoes"", ""mayonnaise"", ""garlic cloves"", ""parsley"", ""salt"")",5,31,184.2,9.9,1.5,7.6,215.4,22.8,2,2.6,2.2,4,NA,"c(""Boil potatoes in salt water until tender; peel and cut into 3/4 inch  chunks."", ""In a bowl, combine mayonnaise, garlic, and parsley.  (Mayonnaise should be a little thin, dilute with lemon juice or soft vinegar if necessary.)."", ""Fold the potatoes into the sauce gently, season with salt to taste, serve  at room temperature."")"
000347,*347*,Roasted Tomato and Mint Salsa,1675,Jim Weller,PT30M,PT45M,PT1H15M,1999-09-07T00:18:00Z,Make and share this Roasted Tomato and Mint Salsa recipe from Food.com.,character(0),Sauces,"c(""Tex Mex"", ""Southwestern U.S."", ""Free Of..."", ""Weeknight"", ""Roast"", ""Oven"", ""< 4 Hours"")","c(""6"", ""1"", ""2"", ""3"", ""2"", ""1 1/2"", ""3 1/2"", ""1/2"", ""1/2"", ""1"")","c(""roma tomatoes"", ""garlic clove"", ""lime juice"", ""extra virgin olive oil"", ""cilantro"", ""spearmint"", ""lime zest"", ""orange zest"", ""salt"")",NA,NA,154.8,13.9,1.9,0,62.4,8,2.5,4.3,1.7,3,NA,"c(""With a comal or black iron skillet over medium-high heat, cook the tomatoes until blackened all over."", ""While still warm, pulse tomatoes with the garlic in a food processor until roughly chopped."", ""Cool to room temperature."", ""Add lime juice, olive oil, peppers, cilantro, spearmint, lime zest, orange zest, and salt."", ""Mix together and let stand at least 30 minutes before using."", ""Mark Miller writes: \""Ripe red tomatoes roasted on a hot steel comal until the skins blacken are a basic element of many Mexican salsas. The smoky flavor adds a complexity to the taste of ripe tomatoes.\"".""
)"
000349,*349*,Raspberry Tapioca With Vanilla Sauce,1662,Anne Edgell,PT2H10M,PT25M,PT2H35M,1999-09-05T19:46:00Z,Make and share this Raspberry Tapioca With Vanilla Sauce recipe from Food.com.,character(0),Dessert,"c(""Raspberries"", ""Berries"", ""Fruit"", ""Weeknight"", ""< 4 Hours"")","c(""1"", ""1/2"", ""1"", ""2"", ""1/4"", ""1"", ""2"", ""1 1/2"", ""1"", ""2 1/3"", ""1"", ""2"")","c(""frozen raspberries"", ""granulated sugar"", ""lemon, rind of"", ""water"", ""port wine"", ""quick-cooking tapioca"", ""cornstarch"", ""water"", ""vanilla flavoring"", ""salt"", ""milk"", ""water"")",2,1,1404.2,25.4,14.4,245.7,805.5,276.6,12.7,208.5,23.2,NA,1 batch,"c(""In a medium-size saucepan combine raspberries, sugar, lemon peel and  water."", ""Bring to a boil while stirring."", ""Simmer for about 10 minutes."", ""Stir  in tapioca, bring back to boiling, reduce heat, cook stirring constantly  until mixture becomes thick and translucent. Pour into a glass mold or  individual dessert dishes."", ""Refrigerate until chilled (about 2 hours).  Serve with vanilla sauce or whipped cream."", ""Vanilla Sauce: Mix the cornstarch with the water, add sugar, vanilla flavor and salt."", 
""In medium sized saucepan boil the milk, take saucepan off the heat."", ""Add  cornstarch mixture, stirring constantly."", ""Return to heat, stir in the egg yolk/water, and cook on low heat, stirring constantly, until sauce thickens."", ""Serve cold."")"
000350,*350*,Spaetzle - Basic Recipe - Art Culinaire Issue,1616,Melody,NA,PT30M,PT30M,1999-09-05T19:36:00Z,Make and share this Spaetzle - Basic Recipe - Art Culinaire Issue recipe from Food.com.,character(0),German,"c(""European"", ""Healthy"", ""< 30 Mins"", ""Easy"")","c(""2"", ""1 1/2"", ""1/2"", ""1"", ""1/4"")","c(""eggs"", ""flour"", ""milk"", ""salt"", ""baking powder"")",3.5,7,227,4.1,1.5,110,654.9,37.5,1.3,0.3,9,4,NA,"c(""Bring a saucepan of salted water it a boil, reduce the heat, and  maintain a simmer."", ""In a bowl, stir all the ingredients together."", ""Place a  colander over the pan, pour about 1/4 of the batter into the colander,  and press through the holes with a plastic spatula into the  hot water."", ""When the spaetzle starts to float to the surface, cover the  pan and keep covered until the spaetzle appears to swell and is fluffy."", ""Remove the dumplings and repeat the procedure with the remaining batter.""
)"
000351,*351*,Home-Style Meatballs (Albondigas Caseras),1589,kenk1492,PT45M,PT20M,PT1H5M,1999-08-18T04:44:00Z,"The word &quot;tapa&quot; in  Spanish means top or cover (there are other meanings) Spain has many bars - one for every 120 persons. They are usually small and run by families.  Coffee, water, soft drinks and liquor. They serve food also. They have the time and ingredients for these small dishes. In the early days tapas  were served on small dishes placed as a cover over drinks. The tapas were  small and sometimes they were free or sold for a small price. Today the  dishes are larger and expensive. (4) recipes of the most commonly found  tapas all over Spain.","c(""https://img.sndimg.com/food/image/upload/w_555,h_416,c_fit,fl_progressive,q_95/v1/img/recipes/35/1/picaC0QKB.jpg"", ""https://img.sndimg.com/food/image/upload/w_555,h_416,c_fit,fl_progressive,q_95/v1/img/recipes/35/1/pic2gOUjv.jpg"", ""https://img.sndimg.com/food/image/upload/w_555,h_416,c_fit,fl_progressive,q_95/v1/img/recipes/35/1/pic5f2vU5.jpg"")",Meat,"c(""Spanish"", ""European"", ""Weeknight"", ""< 4 Hours"")","c(""1/2"", ""1"", ""1/2"", ""3/4"", ""5"", ""2"", ""1/2"", ""2"", ""3/4"", NA, ""3"", ""1"", ""1"", ""1"", ""1/2"", ""3/4"", NA, NA)","c(""beef"", ""pork"", ""garlic cloves"", ""eggs"", ""nutmeg"", ""salt"", ""pepper"", ""flour"", ""olive oil"", ""onion"", ""green pepper"", ""tomatoes"", ""dry white wine"", ""chicken broth"", ""salt"", ""pepper"")",5,3,3702.5,268.9,97,1159.1,6523.8,88.8,9.6,17.5,200.2,NA,1 batch,"c(""In a bowl, combine the beef, veal, and pork with bread crumbs, 4 cloves of  garlic, the eggs, nutmeg, salt, and pepper."", ""Form into cocktail-size  meatballs. Dust with flour."", ""Saute the meatballs in a casserole with olive oil until well browned on all sides."", ""Add onion, remaining clove of  garlic, and green pepper."", ""Cook until onion is wilted."", ""Add the tomato, wine, broth, salt and pepper."", ""Cover and simmer for 45 minutes."")"
000352,*352*,Banana Orange Ice Cream,1545,Nancy Van Ess,NA,PT5M,PT5M,1999-08-24T04:12:00Z,Make and share this Banana Orange Ice Cream recipe from Food.com.,character(0),Frozen Desserts,"c(""Dessert"", ""Low Protein"", ""Free Of..."", ""< 15 Mins"", ""Small Appliance"", ""Easy"")","c(""7"", ""4"", ""1/4"", ""1"", ""1 1/2"", ""1/4"", ""3"")","c(""bananas"", ""fresh lemon juice"", ""salt"", ""sugar"", ""confectioners' sugar"", ""heavy cream"")",5,6,728.9,44.7,27.6,163,144.4,84.6,4.3,63,4.6,6,NA,"c(""Peel and mash bananas."", ""Combine with lemon juice, salt, sugar and fresh orange juice."", ""Fold confectioners' sugar into lightly whipped heavy cream."", ""Add to banana  mixture."", ""Churn-freeze."")"
000354,*354*,Kahlua,1704,HELEN PEAGRAM_40951,NA,PT40M,PT40M,1999-09-15T03:38:00Z,Make and share this Kahlua recipe from Food.com.,character(0),Beverages,"c(""Low Protein"", ""Low Cholesterol"", ""Healthy"", ""< 60 Mins"", ""Easy"")","c(""4"", ""3 3/4"", ""3/4"", ""1"", ""1/4"")","c(""water"", ""sugar"", ""instant coffee"", ""vodka"", ""pure vanilla extract"")",NA,NA,1484,0.1,0,0,17.9,220.3,0,215.7,1.3,NA,3 1/2 fifths,"c(""Bring water and sugar to a rolling boil."", ""Remove from heat."", ""Add instant coffee. Stir well to dissolve completely."", ""Let cool until lukewarm."", ""Add vodka and vanilla."", ""Stir well; bottle in brown bottles."", ""Let stand for 2 weeks."")"
000355,*355*,Apple Crisp,1736,jinx3218,PT30M,PT15M,PT45M,1999-08-28T03:18:00Z,Make and share this Apple Crisp recipe from Food.com.,character(0),Dessert,"c(""Apple"", ""Fruit"", ""Low Protein"", ""< 60 Mins"", ""Oven"")","c(NA, ""1"", ""3/4"", ""1"", ""1"", ""1"", ""1/2"")","c(""apple"", ""flour"", ""salt"", ""sugar"", ""egg"", ""baking powder"", ""butter"")",5,9,264.8,12.3,7.5,56.9,354.2,37.1,0.4,25.1,2.5,8,NA,"c(""Fill a 6\"" x 10\"" (I use a 9\"" x 13\"") baking pan with sliced apples."", ""Mix the flour, salt, sugar, egg, baking powder together with two knives or pastry blender until crumbly; spread over the apples."", ""Pour 1/2 cup melted butter (real butter please) over top and sprinkle with cinnamon."", ""Bake at 350 degrees Fahrenheit for 30 minutes or until apples are done and topping is crisp."")"
000356,*356*,Apple Crisp II,1736,jinx3218,PT45M,PT50M,PT1H35M,1999-08-28T03:18:00Z,Make and share this Apple Crisp II recipe from Food.com.,"c(""https://img.sndimg.com/food/image/upload/w_555,h_416,c_fit,fl_progressive,q_95/v1/img/recipes/35/6/picSnjUsF.jpg"", ""https://img.sndimg.com/food/image/upload/w_555,h_416,c_fit,fl_progressive,q_95/v1/img/recipes/35/6/pican5l5e.jpg"")",Dessert,"c(""Apple"", ""Fruit"", ""Low Protein"", ""Weeknight"", ""Oven"", ""< 4 Hours"")","c(""1/2"", ""1/2"", ""1/2"", ""1/4"", ""1/8"", ""6"", ""1/4"", ""6"", ""3 -6"", ""1/2"", ""2"")","c(""flour"", ""brown sugar"", ""oatmeal"", ""baking powder"", ""salt"", ""butter"", ""walnuts"", ""cooking apples"", ""sugar"", ""cinnamon"", ""lemon juice"")",5,20,218.8,9.3,4.6,18.3,92.7,34.2,2.8,23.2,2,NA,12 1/2 cup,"c(""With pastry cutter or steel blade in food processor add flour, brown sugar, oatmeal, baking powder, salt and butter."", ""Process until mixture no longer looks \""floury\""."", ""Add walnuts and process just a second. Set aside."", ""Half and core apples, peeling is up to you."", ""Slice apples."", ""Arrange apple slices in a buttered 9x13 baking dish."", ""Combine sugar (adjust to tartness) and cinnamon."", ""Spread over apples."", ""Sprinkle with lemon juice."", ""Distribute topping over apples."", ""Bake at 350 degrees Fahrenheit for 45 minutes."", 
""Serve warm with whipped cream or ice cream."")"
000357,*357*,Fruit-Filled Acorn Squash,1545,Nancy Van Ess,PT20M,PT30M,PT50M,1999-09-08T10:43:00Z,Make and share this Fruit-Filled Acorn Squash recipe from Food.com.,character(0),Fruit,"c(""Vegetable"", ""Low Protein"", ""Low Cholesterol"", ""Healthy"", ""< 60 Mins"")","c(""1"", ""2"", ""1"", ""2"", ""1"", ""1"", ""1"")","c(""acorn squash"", ""raisins"", ""water"", ""salt"")",NA,NA,242.4,2.6,0.2,0,109.5,57.9,6,27,3.9,2,NA,"c(""Cut squash in half lengthwise; discard seeds and membrane."", ""Place squash, cut side down, in a vegetable steamer; arrange apricots around squash."", ""Place steamer over boiling water in a Dutch oven."", ""Cover and steam 15 minutes or  until squash is crisp-tender."", ""Coarsely chop apricots."", ""Combine chopped apricots, raisins, apricot preserves, water, and salt."", ""Spoon evenly into each squash half."", ""Cover and steam 5 minutes or until squash is  tender."", ""Sprinkle with toasted almonds."")"
000358,*358*,Killer Kahlua,1704,HELEN PEAGRAM_40951,NA,PT35M,PT35M,1999-09-15T03:38:00Z,Make and share this Killer Kahlua recipe from Food.com.,character(0),Beverages,"c(""Low Protein"", ""Low Cholesterol"", ""Healthy"", ""< 60 Mins"", ""Easy"")","c(""4"", ""4"", ""1"", ""2"", ""1"")","c(""water"", ""sugar"", ""instant coffee"", ""pure vanilla extract"", ""Monarch 151 rum"")",1,1,1751,0.2,0.1,0,31.9,286.3,0,268.6,5.1,NA,3 Fifths,"c(""Bring to boil water and sugar."", ""Remove from heat and add instant"", ""coffee. Bring to boil again."", ""Remove from heat and add vanilla extract   (very important you use pure extract NOT imitation). Cool before   adding rum."", ""Put in bottles and cork."", ""Makes about 3 fifths."", ""NOTE:   Since this is made with 151 rum, it has a lot more alcohol (75.5%)."")"
000360,*360*,Baked Zucchini Frittatas,1587,rosasharn,PT22M,PT45M,PT1H7M,1999-08-09T21:35:00Z,Make and share this Baked Zucchini Frittatas recipe from Food.com.,character(0),Breakfast,"c(""Vegetable"", ""European"", ""Free Of..."", ""Weeknight"", ""Oven"", ""< 4 Hours"")","c(""1"", ""1/4"", ""1/2"", ""1"", ""1"", ""3"", ""3"", ""1/4"", ""1/4"", ""2"", ""1/4"")","c(""zucchini"", ""onion"", ""red bell pepper"", ""garlic clove"", ""reduced-calorie margarine"", ""1% low-fat milk"", ""salt"", ""monterey jack cheese"", ""fat-free parmesan cheese"")",5,2,200.2,12.4,6.4,27.8,620.4,8.1,1.6,4.8,14.8,2,NA,"c(""Heat oven to 400°F."", ""Grease two 10-oz.  custard cups or individual baking dishes."", ""In 8-inch skillet over medium low heat, sauté zucchini, onion, red pepper and garlic in margarine until tender; let cool slightly."", ""In medium bowl, beat eggs, half-and-half and seasonings until combined."", ""Stir in zucchini mixture. Pour into prepared custard cups or baking dishes."", ""Sprinkle with cheeses."", ""Bake, uncovered, at 400°F for 14 to 17 minutes or until top is puffy and light golden brown."", ""Let stand 5 minutes before serving.""
)"
000361,*361*,Fat-Free Fettuccine Alfredo,1545,Nancy Van Ess,NA,PT40M,PT40M,1999-09-02T21:08:00Z,Make and share this Fat-Free Fettuccine Alfredo recipe from Food.com.,character(0),European,"c(""Healthy"", ""< 60 Mins"")","c(""1"", ""1"", ""8"", ""1/2"", ""6"", ""1"", NA)","c(""cornstarch"", ""fat free cream cheese"", ""mushroom"", ""scallions"", ""fettuccine"")",4,8,361.4,4.1,1.3,67.8,253.5,61.8,3.3,5.2,19.4,6,NA,"c(""Mix 1 teaspoon cornstarch and 1 teaspoon skim milk in a saucepan."", ""Add the rest  of the skim milk and bring to a boil."", ""Lower heat to medium and slowly add the  cream cheese, stirring constantly."", ""Simmer mixture until thick."", ""Add salt and pepper."", ""Saute mushrooms and scallions in a nonstick skillet sprayed with cooking spray."", ""Cook fettucini according to package directions."", ""Toss cooked noodles with sauce.   - - - - - - - - - - - - - - - - - -."")"
000362,*362*,Lemon Chicken,1545,Nancy Van Ess,NA,PT55M,PT55M,1999-09-02T21:08:00Z,Make and share this Lemon Chicken recipe from Food.com.,"""https://img.sndimg.com/food/image/upload/w_555,h_416,c_fit,fl_progressive,q_95/v1/img/recipes/36/2/pice12Er8.jpg""",Chicken Breast,"c(""Chicken"", ""Poultry"", ""Meat"", ""Healthy"", ""< 60 Mins"", ""Oven"")","c(""4"", ""2"", ""1/2"", ""1/2"", ""1/4"", ""1/4"", ""1"", ""2"", ""1"", ""1"", ""1"")","c(""skinless chicken breast halves"", ""lemons"", ""unbleached flour"", ""salt"", ""fresh pepper"", ""paprika"", ""lemon, rind of"", ""brown sugar"", ""fresh lemon juice"", ""water"", ""lemon"")",4,9,232.5,3.4,0.7,75.5,140.4,23.4,1.9,8,27.2,4,NA,"c(""Place chicken in bowl or casserole. Cover with lemon juice and marinate in  refrigerator for several hours or overnight, turning chicken periodically."", ""Preheat oven to 350 degrees."", ""Combine flour, salt, pepper and paprika in plastic bag."", ""Remove chicken from marinade and coat each with flour by shaking it in bag."", ""Place chicken in baking pan in a single layer."", ""Either peel the zest from a lemon and chop it fine in your food processor, or  grate the zest with a hand grater."", ""Mix grated peel with brown sugar."", 
""Sprinkle the lemon zest mixture evenly over the chicken breasts."", ""Combine lemon  juice and water and sprinkle evenly over chicken."", ""Put 1 lemon slice on each chicken breast and bake for 35-40 min.  or until cooked through."", ""To make sure chicken is cooked, cut one of them in the middle and make sure that it is not red or pink, then, if it is, cook it a little bit more."")"
000363,*363*,Hawaiian Ham Salad,56112,Jellyqueen,NA,PT30M,PT30M,1999-09-13T03:56:00Z,Make and share this Hawaiian Ham Salad recipe from Food.com.,character(0),Pineapple,"c(""Pork"", ""Tropical Fruits"", ""Fruit"", ""Meat"", ""Hawaiian"", ""< 30 Mins"")","c(""2"", ""8"", ""2"", ""1/2"", ""1/4"", ""1"", ""1/4"")","c(""smoked ham"", ""pineapple chunks"", ""celery ribs"", ""black olives"", ""mayonnaise"", ""lemon juice"", ""peanuts"")",4.5,2,166.4,11.3,1.6,3.8,246.2,15.8,2.1,10,3,4,NA,"c(""Combine ham, pineapple, celery, and olives."", ""Mix"", ""mayonnaise and lemon juice; stir into ham mix."", ""Chill  at least an hour."", ""Stir in peanuts before serving."", ""-----"")"
000364,*364*,Zucchini Frittatas II,1587,rosasharn,PT15M,PT50M,PT1H5M,1999-10-04T01:16:00Z,Make and share this Zucchini Frittatas II recipe from Food.com.,"""https://img.sndimg.com/food/image/upload/w_555,h_416,c_fit,fl_progressive,q_95/v1/img/recipes/36/4/pic3kR05R.jpg""",Breakfast,"c(""Vegetable"", ""European"", ""Very Low Carbs"", ""Low Protein"", ""Low Cholesterol"", ""Weeknight"", ""< 4 Hours"")","c(""1"", ""1"", ""2"", ""2"", ""1/2"", NA, ""4"", ""2"", ""2"", ""2"")","c(""olive oil"", ""onion"", ""garlic"", ""zucchini"", ""salt"", ""pepper"", ""fresh basil"", ""flat-leaf Italian parsley"", ""fat-free parmesan cheese"")",4,1,106,5.1,0.8,0,477.9,9.1,2.3,5.2,7.2,3,NA,"c(""Heat 1/2 Tbsp. oil in a 10-inch, heavy-bottomed, oven-proof skillet. Add onion  and saute until tender and translucent. Stir in garlic and zucchini and continue sauteing until squash is just tender."", ""Season with salt and pepper and remove  from heat. In a mixing bowl, whisk together eggs, basil and parsley."", ""Stir in  sauteed vegetables."", ""Add remaining 1/2 tablespoon oil to same skillet over medium heat, tilting pan to coat bottom and sides."", ""Add egg-vegetable mixture, spreading evenly."", 
""Reduce heat to low and cover pan."", ""Cook 10 to 15 minutes, until set.  Preheat broiler."", ""Sprinkle grated cheese on top of frittata if desired and broil  briefly until lightly browned."", ""Cut into 3 wedges."", ""Serve immediately from the pan or transfer to a large round plate or platter."")"
000365,*365*,Mom's First Place Turkey Fruit Salad,35635,_Pixie_,NA,PT25M,PT25M,1999-09-13T03:56:00Z,Make and share this Mom's First Place Turkey Fruit Salad recipe from Food.com.,character(0),Pineapple,"c(""Poultry"", ""Tropical Fruits"", ""Fruit"", ""Meat"", ""< 30 Mins"")","c(""1/2"", ""2"", ""1/8"", ""11"", ""2"", ""1"", ""1"", ""8"", ""1/2"")","c(""low-fat mayonnaise"", ""honey"", ""ginger"", ""canned mandarin oranges"", ""turkey"", ""apple"", ""grapes"", ""pecan halves"")",3,2,140.6,6.1,0.5,0,4,23.2,2.3,20.2,1.5,6,NA,"c(""Combine mayonnaise, honey, and ginger; mix well."", ""Add mandarin oranges, turkey, apple, grapes, and pineapple chunks."", ""Season with salt and pepper (if desired)."", ""Chill."", ""Stir in toasted pecans just before serving."")"
000366,*366*,Jarrett House Vinegar Pie,1535,Marg CaymanDesigns,PT51M,PT15M,PT1H6M,1999-08-26T19:33:00Z,From an old southern cookbook. Vinegar pies were the alternative to lemon pies when lemons weren't in season.,character(0),Pie,"c(""Dessert"", ""Weeknight"", ""Oven"", ""< 4 Hours"", ""Easy"")","c(""1 1/2"", ""1/2"", ""3"", ""2"", ""2"", ""1"", ""1"")","c(""sugar"", ""butter"", ""eggs"", ""flour"", ""cider vinegar"", ""vanilla"")",5,2,400,20.8,9.7,100.2,245.6,49.6,0.9,37.8,4.1,8,NA,"c(""Beat sugar, melted butter, eggs, flour, and vinegar together on high for 1 minute until smooth. Stir in vanilla. Pour mixture into pie shell."", ""Bake at 300 degrees Fahrenheit for 50 minutes or until top forms a pale golden crust (inside will be slightly liquid)."", ""Cool and serve at room temperature."")"
000367,*367*,Vinegar Pie,1535,Marg CaymanDesigns,PT11M,PT15M,PT26M,1999-08-26T19:33:00Z,Make and share this Vinegar Pie recipe from Food.com.,character(0),Pie,"c(""Dessert"", ""Low Protein"", ""Healthy"", ""< 30 Mins"", ""Oven"")","c(""1 1/4"", ""1/4"", ""1"", ""1/2"", ""2"", ""3"", ""1"")","c(""sugar"", ""flour"", ""lemon zest"", ""cider vinegar"", ""water"", ""eggs"", ""butter"")",NA,NA,178.2,3.3,1.5,73.6,42.3,34.6,0.2,31.4,2.8,8,NA,"c(""Preheat the oven to 425 degrees Fahrenheit."", ""Combine sugar, flour, and lemon zest in a saucepan; stir together until thoroughly blended."", ""Add cider vinegar while stirring or whisking  constantly; add the water."", ""Place over medium heat; bring the mixture to a boil and cook, stirring constantly, for 1 minute."", ""Remove from heat and stir a little of the hot mixture into the eggs; stir the warmed egg mixture into the remaining hot mixture."", ""Stir in the butter."", ""Pour the mixture into the prepared pie shell."", 
""Bake for 10 minutes at 425 degrees Fahrenheit."", ""Reduce heat to 350 degrees Fahrenheit."", ""Continue baking for 30 minutes more."", ""Remove the pie from the oven and let it cool completely before serving."", ""(The  filling will seem quite liquid, but will firm as the pie cools.)"", ""This pie has pretty much the same ingredients as the one above, but the  method is different and therefore you end up with a slightly different pie."")"
000368,*368*,Ham and Cheese Pockets,1545,Nancy Van Ess,NA,PT35M,PT35M,1999-08-15T07:28:00Z,Make and share this Ham and Cheese Pockets recipe from Food.com.,character(0),Lunch/Snacks,"c(""Cheese"", ""Low Protein"", ""< 60 Mins"", ""Oven"")","c(NA, NA, NA, NA, NA, ""3/4"", ""2"", ""1/4"")","c(""mayonnaise"", ""ham slices"", ""swiss cheese"", ""dill pickle slices"", ""mayonnaise"", ""mustard"", ""milk"")",5,1,746.5,62.3,10.1,54.4,1623.5,46.6,1,11.5,4.9,1,NA,"c(""Cut pita breads in half."", ""Open."", ""Spread with sauce. Fill with boiled ham slices,  Swiss cheese and pickle slices."", ""Bake at 350 degrees for about 10 min."", ""Sauce: Combine mayonnaise, mustard and milk."", ""Stir slowly over low heat until  warm."", ""Spoon into sandwiches."")"
000369,*369*,Super Sandwich,1545,Nancy Van Ess,NA,PT20M,PT20M,1999-08-15T07:28:00Z,Make and share this Super Sandwich recipe from Food.com.,character(0),Lunch/Snacks,"""< 30 Mins""","c(""1"", ""1"", ""1"", ""1/2"", ""1/2"", ""1/4"", ""1"", ""1/2"", ""1/4"", ""1/4"", ""1/2"")","c(""cucumber"", ""tomatoes"", ""onion"", ""black olives"", ""green olives"", ""ham"", ""pork"", ""muenster cheese"")",NA,NA,638.8,29.8,14.1,90.3,1744.5,56.4,3.9,3.2,35.6,8,NA,"c(""In a bowl combine cucumber, tomato, onion, olives and salad dressing; set aside."", ""Cut 1\"" off top of bread; set aside."", ""Carefully hollow out top and bottom of  bread, leaving a 1/2\"" shell. (Discard bread or save for something else)."", ""Layer 1/4 of the ham, salami, pork and cheeses inside the shell."", ""Top with 1/3 of the vegetable mixture."", ""Repeat layers, ending with meat and cheeses, gently  pressing down to flatten as needed."", ""Replace bread top; wrap tightly in plastic  wrap."", ""Refrigerate until serving.""
)"
000370,*370*,Tiramisu,193853,MirandaLee,NA,PT40M,PT40M,1999-08-17T05:57:00Z,Make and share this Tiramisu recipe from Food.com.,character(0),Dessert,"c(""European"", ""< 60 Mins"", ""Refrigerator"")","c(""3"", ""2"", ""2"", ""2/3"", ""3"", ""7"", ""2"", ""1"", ""2"", ""1/2"", ""24"", ""3"")","c(""sugar"", ""cream cheese"", ""mascarpone"", ""marsala wine"", ""heavy whipping cream"", ""marsala"", ""sugar"", ""water"", ""french-style ladyfinger cookies"")",4,1,678.6,32.3,17.5,312.5,291.6,76.5,1.4,47.2,11.7,4,NA,"c(""Prepare Cream Mixture:"", ""In an electric mixer, prepare cream mixture by whipping sugar and egg yolks on high speed until pale yellow and thick."", ""With mixer on medium speed, add cream cheese and whip until smooth."", ""Add mascarpone and  Marsala."", ""Mix until incorporated."", ""Fold in whipped cream."", ""Refrigerate."", ""Prepare Espresso Mixture:"", ""To prepare espresso mixture, combine espresso, additional Marsala, sugar, and warm water."", ""To assemble, dip ladyfingers in espresso mixture."", ""Place one layer of dipped ladyfingers on bottom of serving platter."", 
""Top with one layer of cream mixture."", ""Add another layer of dipped ladyfingers, topped with a second layer of cream mixture."", ""Sift cocoa over top."")"
000371,*371*,Hazelnut Shortbread Cookies,1545,Nancy Van Ess,PT8H,PT35M,PT8H35M,1999-09-12T06:08:00Z,Make and share this Hazelnut Shortbread Cookies recipe from Food.com.,"c(""https://img.sndimg.com/food/image/upload/w_555,h_416,c_fit,fl_progressive,q_95/v1/img/recipes/37/1/picj3MWSO.jpg"", ""https://img.sndimg.com/food/image/upload/w_555,h_416,c_fit,fl_progressive,q_95/v1/img/recipes/37/1/picnMLfcO.jpg"")",Dessert,"c(""Cookie & Brownie"", ""Fruit"", ""Nuts"", ""Scottish"", ""European"", ""Christmas"", ""Weeknight"", ""For Large Groups"", ""Oven"", ""Easy"")","c(""2"", ""1"", ""1"", ""3/4"")","c(""flour"", ""hazelnuts"", ""butter"", ""light brown sugar"")",5,1,111.5,7.5,3.4,13.6,46.4,10.4,0.6,4.6,1.3,36,NA,"c(""Combine flour and hazelnuts."", ""In a large bowl, cream the butter and brown sugar."", ""Gradually blend in the dry ingredients."", ""Cover and chill for 8 hours or  overnight."", ""Preheat oven to 300 degrees Fahrenheit."", ""Lightly grease cookie sheets."", ""On a  floured surface, roll out the dough to a thickness of 1/4\""."", ""Using cookie  cutters, cut out the shapes and place on prepared cookie sheets 1-1/2\"" apart."", ""Bake for 20 to 25 minutes until lightly colored."", ""Transfer to wire racks to cool.""
)"
000372,*372*,Pecan Shortbread,1545,Nancy Van Ess,PT12M,PT40M,PT52M,1999-09-12T06:08:00Z,Make and share this Pecan Shortbread recipe from Food.com.,character(0),Dessert,"c(""Cookie & Brownie"", ""Fruit"", ""Nuts"", ""Scottish"", ""European"", ""Christmas"", ""< 60 Mins"", ""Oven"", ""Easy"")","c(""4 1/2"", ""1"", ""1"", ""2 1/2"", ""2"")","c(""flour"", ""pecans"", ""butter"", ""light brown sugar"", ""vanilla extract"")",NA,NA,113.2,6.3,3.3,13.6,39.5,13.6,0.4,7.5,1,NA,72 cookies,"c(""Preheat oven to 350 degrees Fahrenheit."", ""Combine flour and pecans."", ""In a large bowl, cream  the butter and brown sugar."", ""Beat in the vanilla extract."", ""Gradually stir in the dry ingredients. The dough will be stiff."", ""Pinch off walnut size pieces of dough and roll into small balls."", ""Place the balls 1-1/2 inches apart on ungreased cookie sheets."", ""Flatten the cookies with the back of a spoon dipped in flour."", ""Back for 10 to 12 minutes until lightly colored."", ""Transfer onto wire racks to  cool.""
)"
000373,*373*,Tiramisu - Balducci's in New York City,123897,Vnut-Beyond Redempt,PT1H,PT35M,PT1H35M,1999-08-17T05:57:00Z,"This is an adopted recipe. I shall be trying it out and then post any additional information if needs be. If you are going to give any or no stars, please at least give the reason why so that you can help me improve the recipe. Thank you.",character(0),Dessert,"c(""European"", ""Weeknight"", ""< 4 Hours"")","c(""24"", ""2"", ""6"", ""6"", ""1"", ""2"", ""2"", ""2"", ""2"", ""8"")","c(""ladyfingers"", ""espresso coffee"", ""eggs"", ""sugar"", ""mascarpone"", ""marsala wine"", ""triple sec"", ""brandy"", ""bittersweet chocolate"")",3,4,331.3,9.1,3.1,372.1,147.6,40.5,0.4,24.9,11.1,6,NA,"c(""Arrange the ladyfingers on a plate and lightly soak them with the cooled espresso."", ""Put half of the soaked ladyfingers in one layer in a rectangular  serving dish."", ""While the ladyfingers are soaking, beat the egg yolks with the  sugar until the yolks turn pale in color."", ""Add the mascarpone, the liquors, and  the extract, and stir gently."", ""In a separate bowl, beat the egg whites with a  wire whisk until they are stiff."", ""Gently fold the whites into the mascarpone  mixture. Use half of this mixture to make a layer on top of the ladyfingers in  the serving dish."", 
""Sprinkle with half of the chopped chocolate. Repeat the  procedure with another layer of soaked ladyfingers, the mascarpone mixture, and  chocolate. Cover with tin foil and refrigerate for at least 1 hour before  serving."")"
000374,*374*,Sweet Potato Pecan Pie,1545,Nancy Van Ess,NA,PT1H5M,PT1H5M,1999-08-30T14:15:00Z,Make and share this Sweet Potato Pecan Pie recipe from Food.com.,"c(""https://img.sndimg.com/food/image/upload/w_555,h_416,c_fit,fl_progressive,q_95/v1/img/recipes/37/4/picCdWS5O.jpg"", ""https://img.sndimg.com/food/image/upload/w_555,h_416,c_fit,fl_progressive,q_95/v1/img/recipes/37/4/picALQI0j.jpg"", ""https://img.sndimg.com/food/image/upload/w_555,h_416,c_fit,fl_progressive,q_95/v1/img/recipes/37/4/pic0M10DP.jpg"")",Pie,"c(""Dessert"", ""Potato"", ""Fruit"", ""Vegetable"", ""Nuts"", ""Weeknight"", ""Oven"", ""< 4 Hours"")","c(""1"", ""1/4"", ""14"", ""1"", ""1"", ""1"", ""1/2"", ""1/4"", ""1"", ""1"", ""1"", ""2"", ""2"", ""1"", ""1/2"", ""1"")","c(""sweet potato"", ""butter"", ""margarine"", ""cinnamon"", ""vanilla extract"", ""nutmeg"", ""salt"", ""egg"", ""graham cracker pie crust"", ""egg"", ""dark corn syrup"", ""brown sugar"", ""butter"", ""pecans"")",5,7,590,30.4,10.3,83.5,405,73.5,4.2,45.9,9.2,8,NA,"c(""Preheat oven to 425 degrees fahrenheit."", ""With mixer, beat hot yams and butter until smooth."", ""Add condensed milk, cinnamon, orange rind, vanilla extract, nutmeg, salt, and egg; mix well."", ""Pour mixture into crust."", ""Bake 20 minutes."", ""Meanwhile, make Pecan Topping: Beat together egg, corn syrup, brown sugar, melted butter and maple flavoring. Stir in chopped pecans."", ""Remove pie from oven; reduce oven to 350 degrees fahrenheit."", ""Spoon Pecan Topping on pie."", ""Bake 25 minutes longer or until set."", 
""Cool."", ""Serve warm or at room temperature."", ""Garnish with orange zest twist, if  desired."", ""Refrigerate any leftovers."")"
000375,*375*,Yellow Squash Frittata,97901,Zaney1,PT10M,PT5M,PT15M,1999-08-18T04:03:00Z,Make and share this Yellow Squash Frittata recipe from Food.com.,"""https://img.sndimg.com/food/image/upload/w_555,h_416,c_fit,fl_progressive,q_95/v1/img/recipes/37/5/picdEOis2.jpg""",Breakfast,"c(""Vegetable"", ""Free Of..."", ""Brunch"", ""< 15 Mins"", ""Easy"")","c(""4"", ""1"", ""6"", ""1/2"", ""1"", ""1/4"", ""1/2"")","c(""butter"", ""eggs"", ""cheddar cheese"", ""salt"", ""pepper"")",5,5,211.5,15.2,7.2,339.7,370.3,4.7,1.3,2.7,14.4,4,NA,"c(""Slice squash into equal sized rounds. You can cut a bigger squash in half instead of using the small ones, if you want to."", ""Saute squash in butter until tender-crisp."", ""Beat eggs with the grated cheese, Italian seasoning,  salt and pepper."", ""Pour egg mixture over squash."", ""Cook until eggs are cooked and puffy."")"
000376,*376*,Yellow Squash Puffs,35526,riffraff,NA,PT25M,PT25M,1999-08-18T04:03:00Z,I have made this recipe a thousand times and we just love it.  It came up for adoption and I jumped on it.  Goes great with just about any main dish.,"""https://img.sndimg.com/food/image/upload/w_555,h_416,c_fit,fl_progressive,q_95/v1/img/recipes/37/6/pic2RoaTx.jpg""",Vegetable,"""< 30 Mins""","c(""1"", ""1"", ""1/3"", ""1/3"", ""1"", ""1/2"", ""1"", NA)","c(""egg"", ""all-purpose flour"", ""cornmeal"", ""baking powder"", ""salt"", ""onion"")",4.5,36,109.4,1.8,0.5,46.5,406.6,19.6,1.8,2.1,4.2,4,NA,"c(""Combine the cooked squash and egg, stirring well."", ""Combine flour, cornmeal, baking powder and salt, stir well."", ""Add squash mixture and onion; stir until blended."", ""Drop squash  mixture by level tablespoonful into hot oil."", ""Cook until golden  brown, turning once. Drain well on paper towels."")"
000377,*377*,Sun-Dried Tomato Pesto,1587,rosasharn,PT4M,PT15M,PT19M,1999-08-08T17:24:00Z,Make and share this Sun-Dried Tomato Pesto recipe from Food.com.,character(0),Vegetable,"c(""Low Protein"", ""Low Cholesterol"", ""Free Of..."", ""< 30 Mins"", ""Easy"")","c(""1/2"", ""3/4"", ""1"", ""1/2"", ""2"", ""1"", ""1/8"", ""4"")","c(""sun-dried tomato"", ""boiling water"", ""plum tomato"", ""basil leaves"", ""pine nuts"", ""olive oil"", ""pepper"", ""garlic cloves"")",4,2,363.5,26.6,2.9,0,584.4,29.6,7.1,15.7,9.9,1,NA,"c(""Combine sun-dried tomatoes and boiling water in a bowl and let stand 4  minutes."", ""Drain and chop."", ""Combine tomatoes, plum tomato, and remaining ingredients in a blender or  food processor and process 20 seconds or until a paste forms."")"
000378,*378*,Sweet Potato-Pecan Pie,1545,Nancy Van Ess,NA,PT1H15M,PT1H15M,1999-10-04T01:23:00Z,Make and share this Sweet Potato-Pecan Pie recipe from Food.com.,"c(""https://img.sndimg.com/food/image/upload/w_555,h_416,c_fit,fl_progressive,q_95/v1/img/recipes/37/8/XWKevNaCQCqmoshKeOga_sp21500.jpg"", ""https://img.sndimg.com/food/image/upload/w_555,h_416,c_fit,fl_progressive,q_95/v1/img/recipes/37/8/OxEIMo8GQ8CxtmAZErhN_sp11500.jpg"", ""https://img.sndimg.com/food/image/upload/w_555,h_416,c_fit,fl_progressive,q_95/v1/img/recipes/37/8/ZFPK7Jc5QoWeYHIV4XZV_sp1500.jpg"", ""https://img.sndimg.com/food/image/upload/w_555,h_416,c_fit,fl_progressive,q_95/v1/img/recipes/37/8/picDDbS2w.jpg""
)",Dessert,"c(""Potato"", ""Fruit"", ""Vegetable"", ""Nuts"", ""Weeknight"", ""Oven"", ""< 4 Hours"")","c(""1"", ""1"", ""1 1/2"", ""1/4"", ""2"", ""1"", ""1/4"", ""1/4"", ""1/8"", ""1/8"", ""2"", ""1/2"", ""1/2"", ""2"", ""1"", ""1"", ""1"", ""1/2"")","c(""egg"", ""fresh sweet potatoes"", ""sugar"", ""unsalted butter"", ""margarine"", ""vanilla extract"", ""salt"", ""cinnamon"", ""allspice"", ""nutmeg"", ""eggs"", ""sugar"", ""dark corn syrup"", ""unsalted butter"", ""margarine"", ""vanilla extract"", ""cinnamon"", ""pecan halves"", ""heavy cream"")",5,17,323,19.6,6.9,70.3,178.9,35,1.9,17.3,3.8,12,NA,"c(""Prepare pie shell,set aside."", ""Make sweet potato filling: In medium bowl, with electric mixer, beat 1 egg until frothy."", ""Add mashed cooked sweet potatoes, sugar, butter, vanilla extract, salt, cinnamon, allspice, and nutmeg; beat at medium speed until the mixture is smooth, about 2 minutes."", ""Make  pecan topping: In medium bowl, with mixer, beat eggs until frothy."", ""Add sugar, corn syrup, melted butter, vanilla and cinnamon."", ""Beat at low speed just until mixture is well blended, about 1 minute."", 
""Stir in pecans."", ""Preheat oven to 350 degrees Fahrenheit."", ""To assemble:  Turn sweet potato filling into unbaked pie shell, spreading evenly."", ""Pour pecan  topping over top."", ""Bake 60 to 70 minutes until set, and knife inserted in center comes  out clean."", ""Remove pie to rack to cool."", ""Just before serving decorate with whipped cream."")"
000379,*379*,Corn Salsa,148316,- Carla -,NA,PT10M,PT10M,1999-09-02T04:44:00Z,This delightful corn salsa is a perfect salsa for dipping and can be used to boost flavor or garnish a southwestern meal.  Chilling time not included in preparation time.,"c(""https://img.sndimg.com/food/image/upload/w_555,h_416,c_fit,fl_progressive,q_95/v1/img/recipes/37/9/Et1pC6scTm6jIHssu1Q0_corn%20salsa.JPG"", ""https://img.sndimg.com/food/image/upload/w_555,h_416,c_fit,fl_progressive,q_95/v1/img/recipes/37/9/n19208RqSeqFzxYQ45Vy_corn%20salsa.JPG"", ""https://img.sndimg.com/food/image/upload/w_555,h_416,c_fit,fl_progressive,q_95/v1/img/recipes/37/9/NSnKEw26RFqnqxkH05LK_corn%20salsa.JPG"")",Sauces,"c(""Corn"", ""Vegetable"", ""Mexican"", ""< 15 Mins"", ""Easy"")","c(""1"", ""1/2"", ""1/2"", ""1/2"", ""2"", ""1/4"", ""2"", ""1"", ""2"", ""1/2"", ""1/2"")","c(""whole kernel corn"", ""green pepper"", ""red bell pepper"", ""red onion"", ""tomatoes"", ""ripe olives"", ""cider"", ""red wine vinegar"", ""pepper"")",5,8,131,2.3,0.3,0,492.9,28,4.5,6.5,4.2,NA,4 cups,"c(""Combine all ingredients in a  large bowl."", ""Cover and chill for several hours."")"
000380,*380*,Sweet Potato Custard Pie,1535,Marg CaymanDesigns,PT50M,PT15M,PT1H5M,1999-09-03T14:34:00Z,Make and share this Sweet Potato Custard Pie recipe from Food.com.,character(0),Dessert,"c(""Potato"", ""Vegetable"", ""Weeknight"", ""Oven"", ""< 4 Hours"")","c(""1"", ""2"", ""1/4"", ""1/2"", ""1/4"", ""1/4"", ""1"", ""1 3/4"", ""2 1/2"", ""1"")","c(""eggs"", ""sugar"", ""salt"", ""nutmeg"", ""cinnamon"", ""milk"", ""raw sweet potato"", ""butter"")",4,1,239.7,12.2,4.4,64.2,339,27.6,2.1,8.1,5.4,8,NA,"c(""Combine eggs, sugar, salt, nutmeg, cinnamon, orange rind and milk."", ""Add sweet potatoes, grated just before adding to milk mixture."", ""Stir in melted butter."", ""Pour filling into pie shell."", ""Bake at 400 degrees Fahrenheit for 45 to 50 minutes, or until knife  inserted 1 inch from edge comes out clean."", ""Serve slightly warm or cold."")"
000381,*381*,Zesty Sweet Potato Pie,1535,Marg CaymanDesigns,PT21M,PT30M,PT51M,1999-09-03T14:34:00Z,Make and share this Zesty Sweet Potato Pie recipe from Food.com.,"""https://img.sndimg.com/food/image/upload/w_555,h_416,c_fit,fl_progressive,q_95/v1/img/recipes/38/1/picfjZBqb.jpg""",Dessert,"c(""Potato"", ""Vegetable"", ""< 60 Mins"")","c(""9"", ""2"", ""3/4"", ""2"", ""2"", ""1 1/2"", ""1"", ""1/2"", ""1"", ""2"", ""1 1/2"")","c(""Homemade Pie Crust"", ""sweet potatoes"", ""sugar"", ""molasses"", ""eggs"", ""nutmeg"", ""powdered ginger"", ""cinnamon"", ""orange zest"", ""butter"", ""milk"", ""evaporated milk"")",5,7,291.7,13.4,5.2,60.5,201,38.6,2.1,20.3,5.1,8,NA,"c(""Preheat oven to 450 degrees Fahrenheit."", ""Line a pie pan with rolled out dough; prick all over with fork; press a piece of heavy-duty foil directly into the pie shell."", ""Bake for 6 minutes; remove foil; bake for 4 more minutes until just beginning to brown."", ""Combine the sweet potatoes and sugar in a large bowl; beat in molasses and eggs."", ""Add the spices and orange zest and stir well."", ""Stir in melted butter and milk."", ""Pour filling into pie shell."", ""Bake for 15 minutes."", ""Reduce heat to 300 degrees Fahrenheit."", 
""Continue baking for 30 to 40 minutes or until filling is firm around edges, but center remains slightly soft and quivers when you move the pie."")"
000382,*382*,Avocado Salsa,39547,Julesong,NA,PT15M,PT15M,1999-09-02T04:44:00Z,Make and share this Avocado Salsa recipe from Food.com.,"""https://img.sndimg.com/food/image/upload/w_555,h_416,c_fit,fl_progressive,q_95/v1/img/recipes/38/2/pic0oH3KX.jpg""",Sauces,"c(""Low Protein"", ""Low Cholesterol"", ""< 15 Mins"")","c(""1"", ""2"", ""1"", ""1"", ""5 -6"", ""1/3"", ""1/4"", ""3"", ""1"", ""1/2"", ""1/4"", ""4"")","c(""frozen corn"", ""ripe olives"", ""red bell pepper"", ""onion"", ""garlic"", ""green olives"", ""lemon juice"", ""white vinegar"", ""cider vinegar"", ""dried oregano"", ""salt"", ""pepper"", ""avocados"")",5,6,205.7,14.3,2.1,0,293.9,20.6,7.7,1.9,3.6,NA,NA,"c(""In a large bowl, combine the corn (or cucumber), olives, red pepper, and onion."", ""In a small bowl, combine garlic, oil, lemon juice, vinegar, oregano, salt and pepper; mix well."", ""Pour over corn (or cucumber) mixture; toss to coat."", ""Cover and refrigerate overnight."", ""Just before serving, chop avocados and stir into salsa."", ""Serve with tortilla chips.  Note:  make sure that you get good, ripe avocados!  Also, you can add some minced jalapeno if you'd like a bit of spiciness."")"
000383,*383*,Cocoa Espresso Cooler,1737,Teddi2,NA,PT20M,PT20M,1999-08-30T13:58:00Z,Make and share this Cocoa Espresso Cooler recipe from Food.com.,character(0),Beverages,"c(""< 30 Mins"", ""Easy"")","c(""2"", ""2"", ""1"", ""1"")","c(""espresso blend coffee"", ""vanilla extract"")",4,1,276,24.4,15,66.3,29.4,25.2,14.3,0.9,9.7,4,NA,"c(""Combine cold coffee, cocoa and vanilla."", ""Pour over ice in tall glasses."", ""Top  each with 2 tablespoons of whipped cream."")"
000384,*384*,Iced Mochaccino Smoothie,1737,Teddi2,NA,PT10M,PT10M,1999-08-30T13:58:00Z,Make and share this Iced Mochaccino Smoothie recipe from Food.com.,"c(""https://img.sndimg.com/food/image/upload/w_555,h_416,c_fit,fl_progressive,q_95/v1/img/recipes/38/4/picOGSTjU.jpg"", ""https://img.sndimg.com/food/image/upload/w_555,h_416,c_fit,fl_progressive,q_95/v1/img/recipes/38/4/piczr25GY.jpg"")",Smoothies,"c(""Beverages"", ""Low Protein"", ""< 15 Mins"", ""Easy"")","c(""1"", ""6"", ""1"", ""1/2"", ""1"", ""1/4"", NA)","c(""sugar"", ""milk"", ""vanilla ice cream"", ""frozen yogurt"", ""heavy cream"", ""cinnamon"", ""cocoa powder"")",5,2,508.8,26.4,15.5,82.1,308.9,62.1,2.1,40.2,7.8,2,NA,"c(""Place the espresso, chocolate syrup, sugar and milk in a blender and blend to combine."", ""Add the ice cream and blend until smooth."", ""Pour the mixture into two chilled glasses and top each with whipped cream and chocolate curls, or a dusting of cinnamon or cocoa."")"
000385,*385*,Iced Jazzberry Java,1737,Teddi2,NA,PT30M,PT30M,1999-08-30T13:58:00Z,Make and share this Iced Jazzberry Java recipe from Food.com.,"c(""https://img.sndimg.com/food/image/upload/w_555,h_416,c_fit,fl_progressive,q_95/v1/img/recipes/38/5/picDDfW7R.jpg"", ""https://img.sndimg.com/food/image/upload/w_555,h_416,c_fit,fl_progressive,q_95/v1/img/recipes/38/5/picDc8voz.jpg"", ""https://img.sndimg.com/food/image/upload/w_555,h_416,c_fit,fl_progressive,q_95/v1/img/recipes/38/5/picNieDkP.jpg"")",Beverages,"c(""Fruit"", ""< 30 Mins"")","c(""1"", ""1/2"", ""1/2"", ""10"", ""1"", ""1"", ""10"", ""10"")","c(""frozen raspberries"", ""granulated sugar"", ""water"", ""coffee"", ""half-and-half"", ""mint sprigs"", ""raspberries"")",3,1,204,13.1,8.1,44.4,33.5,20.4,1.4,16.4,2.5,10,NA,"c(""Puree frozen raspberries, sugar, and water in a blender cup."", ""Strain  mixture into a large mixing bowl."", ""Add coffee and half-and-half."", ""Blend  well."", ""Ladle into 12-ounce glasses partially filled with cracked ice.  Top with whipped cream, mint sprigs, and whole raspberries."")"
000387,*387*,Chocolate Coffee Ice Cream Soda,1737,Teddi2,NA,PT0S,PT0S,1999-08-30T13:58:00Z,Make and share this Chocolate Coffee Ice Cream Soda recipe from Food.com.,"c(""https://img.sndimg.com/food/image/upload/w_555,h_416,c_fit,fl_progressive,q_95/v1/img/recipes/38/7/picjqCR52.jpg"", ""https://img.sndimg.com/food/image/upload/w_555,h_416,c_fit,fl_progressive,q_95/v1/img/recipes/38/7/picvriycJ.jpg"")",Frozen Desserts,"c(""Dessert"", ""< 15 Mins"", ""Easy"")","c(""2"", ""2"", NA, ""6"", NA)","c(""chocolate flavored coffee"", ""milk"", ""coffee ice cream"", ""cherries"")",5,2,91,1.1,0.7,4.3,164.6,19.6,0,18.2,1,1,NA,"c(""Place (defrosted) coffee concentrate in tall glass."", ""Add ice cream; fill with chocolate soda."", ""Garnish with whipped cream and cherry."", ""Serve with a straw and  a long-handled spoon."")"
000389,*389*,Very Chocolate Brownies,1545,Nancy Van Ess,NA,PT1H15M,PT1H15M,1999-09-07T20:22:00Z,Make and share this Very Chocolate Brownies recipe from Food.com.,character(0),Bar Cookie,"c(""Dessert"", ""Cookie & Brownie"", ""Weeknight"", ""For Large Groups"", ""Oven"", ""< 4 Hours"")","c(""4"", ""3/4"", ""2"", ""3"", ""1"", ""1"", ""1"", ""6"", ""1/4"", ""2"", ""1"")","c(""butter"", ""sugar"", ""eggs"", ""vanilla"", ""flour"", ""walnuts"", ""water"", ""butter"")",5,4,184.1,12.5,6.5,36.4,49.4,18.4,1.1,13.8,2.2,36,NA,"c(""In a microwave or double boiler, melt chocolate and butter; cool for 10 minutes."", ""Add sugar; mix well."", ""Stir in eggs and vanilla."", ""Add flour; mix well."", ""Stir in walnuts."", ""Line a 13x9x2\"" baking pan with foil and grease foil."", ""Pour batter into pan."", ""Bake  at 350 degrees Fahrenheit for 25 to 30 minutes or until toothpick inserted near center comes out with moist crumbs."", ""Cool completely."", ""For topping:"", ""Melt chocolate chips, water and butter; stir until smooth."", ""Cool to room  temperature."", 
""Fold in whipped cream."", ""Spread over brownies."", ""Chill before cutting."", ""Store leftovers in refrigerator."")"
000390,*390*,Balsamic Berry Salsa,1740,Molly Klug,NA,PT15M,PT15M,1999-09-08T08:22:00Z,"(These three salsas come from &quot;The Great Salsa Book&quot; by Mark Miller,  Mark Kiffin &amp; John Harrisson; this is a great collection of salsas . Since I  love  garlic, I love to fix up a batch of the Salsa Romana to enjoy with  tortilla chips instead of boring old Mexican-style salsa.) 
Balsamic Berry Salsa",character(0),Sauces,"c(""Fruit"", ""Low Protein"", ""Low Cholesterol"", ""Healthy"", ""Free Of..."", ""< 15 Mins"", ""Easy"")","c(""1"", ""4"", ""1"", ""1"", ""1/4"")","c(""strawberry"", ""full-bodied red wine"", ""sugar"", ""black pepper"")",5,1,40.8,0.3,0,0,2.3,9,1.8,6.2,0.6,4,NA,"c(""Thoroughly combine strawberries, balsamic vinegar, wine, sugar, and black pepper in a mixing bowl."", ""Serving Suggestions: As a summer appetizer, a dessert salsa (with  whipped cream or mascarpone), or with pork."")"
000391,*391*,Moist Carrot and Raisin Walnut Loaf,1543,Doreen Randal,PT1H20M,PT45M,PT2H5M,1999-09-08T15:16:00Z,Make and share this Moist Carrot and Raisin Walnut Loaf recipe from Food.com.,character(0),Dessert,"c(""Fruit"", ""Nuts"", ""Weeknight"", ""Oven"", ""< 4 Hours"")","c(""125"", ""3/4"", ""1"", ""2"", ""2"", ""2"", ""1"", ""1"", ""1 1/2"", ""1/2"", ""1/2"")","c(""butter"", ""caster sugar"", ""vanilla"", ""golden syrup"", ""eggs"", ""carrots"", ""raisins"", ""walnuts"", ""self raising flour"", ""nutmeg"", ""cinnamon"")",NA,NA,312.2,15.8,6.2,53.3,104.8,40.4,2.2,22,4.8,12,NA,"c(""Grease a loaf tin and line the base."", ""Cream butter, sugar and vanilla."", ""Beat in golden syrup."", ""Add eggs one at a time; beat until well combined."", ""Stir in carrot, raisins and walnuts."", ""(Don't worry if the mixture looks curdled; it will come out right when the flour is added.)"", ""Stir in sifted dry ingredients; stir until combined."", ""Pour mixture into prepared pan."", ""Bake in moderate oven about 1-1/4 hours."", ""Let stand about 5 minutes before turning out onto a wire rack."")"
000392,*392*,Sliced Sweet Potato Pie,1535,Marg CaymanDesigns,PT1H,PT30M,PT1H30M,1999-09-03T14:34:00Z,Make and share this Sliced Sweet Potato Pie recipe from Food.com.,character(0),Dessert,"c(""Potato"", ""Vegetable"", ""Low Protein"", ""Weeknight"", ""Oven"", ""< 4 Hours"")","c(""1 1/2"", ""1"", ""1/2"", ""1/8"", ""1/2"", ""1/4"", ""6"", ""1/2"")","c(""sweet potatoes"", ""light brown sugar"", ""cinnamon"", ""nutmeg"", ""ginger"", ""salt"", ""butter"", ""heavy cream"")",5,1,305.5,14.2,8.9,43.3,197.3,44.5,2.6,30.1,1.8,8,NA,"c(""Boil sweet potatoes until half cooked, 15 to 20 minutes."", ""Peel and slice sweet potatoes thinly."", ""Mix brown sugar, cinnamon, nutmeg, ginger and salt."", ""Place a layer of sweet potatoes in pastry-lined  9-inch pie pan."", ""Sprinkle with some of the spice mixture; dot with a little bit of butter."", ""Continue with layers until all ingredients are used, dotting top with butter."", ""Add cream."", ""Top with top crust, fluting edges and cutting vents."", ""Bake at 425 degrees Fahrenheit for 30 for 40 minutes."", 
""If potatoes are still not tender, reduce temperature to 350 degrees Fahrenheit and continue baking until they are done."")"
000393,*393*,Chocolate and Vanilla Chip Biscotti,1545,Nancy Van Ess,NA,PT1H50M,PT1H50M,1999-08-15T07:31:00Z,Make and share this Chocolate and Vanilla Chip Biscotti recipe from Food.com.,character(0),Dessert,"c(""Cookie & Brownie"", ""European"", ""Weeknight"", ""Oven"", ""< 4 Hours"")","c(""2 1/2"", ""1/3"", ""3"", ""1/2"", ""1/2"", ""1/4"", ""3"", ""1"")","c(""flour"", ""baking powder"", ""sugar"", ""brown sugar"", ""butter"", ""margarine"", ""eggs"")",5,1,74,2.5,1.4,14.9,39.7,11.8,0.4,6.4,1.4,NA,48 biscotti,"c(""Heat oven to 350 degrees Fahrenheit."", ""Spray cookie sheets with nonstick cooking spray."", ""In  medium bowl, combine flour, cocoa and baking powder; mix well."", ""In large bowl, combine sugar, brown sugar and butter; beat until blended."", ""Add eggs; beat well."", ""Add flour mixture; mix well."", ""Stir in vanilla chips."", ""With sprayed hands, shape dough into three 7\"" rolls."", ""Place rolls 3\"" apart on sprayed cookie sheet; flatten  each to 7\"" x 3\"" rectangle."", ""Bake at 350 degrees Fahrenheit for 22 to 28 minutes or until set and light  golden brown."", 
""Remove from cookie sheet; place on wire racks."", ""Cool 5 minutes."", ""With serrated knife, cut rectangles into 1/2\"" slices."", ""Arrange slices, cut side up, on  ungreased cookie sheet."", ""Bake at 350 degrees Fahrenheit for 6 to 8 minutes or until top surface is  slightly dry."", ""Turn cookies over; bake an additional 6 to 8 minutes or until top surface is slightly dry."", ""Remove from cookie sheets; cool 15 minutes or until  completely cooled."", ""Store in tightly covered container."", ""NOTES : Ingredient substitution: Use semi-sweet or milk chocolate chips in  place of the vanilla chips.""
)"
000394,*394*,Carrot and Orange Loaf,1543,Doreen Randal,PT1H35M,PT25M,PT2H,1999-09-08T15:16:00Z,Make and share this Carrot and Orange Loaf recipe from Food.com.,character(0),Dessert,"c(""Weeknight"", ""Oven"", ""< 4 Hours"")","c(""125"", ""1/2"", ""1"", ""2"", ""1"", ""1"", ""1"", ""1"", ""2"", ""1"", ""60"", ""1"", ""1"")","c(""butter"", ""caster sugar"", ""eggs"", ""sultana"", ""carrot"", ""nutmeg"", ""mixed spice"", ""self raising flour"", ""butter"", ""icing sugar"")",NA,NA,279.9,13.5,8.2,64,130.8,38.9,1.2,27.2,2.9,12,NA,"c(""Grease a 14 x 21 cm loaf pan; line the base with greased paper."", ""Cream butter and sugar until light and creamy."", ""Beat in eggs one at a  time; beat until combined."", ""Stir in sultanas and grated carrot."", ""Add sifted dry ingredients and orange juice."", ""Spread into the prepared pan."", ""Bake in moderately slow oven 1-1/2 hours."", ""Stand 5 minutes before turning cake on to a wire rack to cool."", ""Ice when cold."", ""Icing:"", ""Beat butter until creamy, gradually beat in sifted icing sugar."", ""Add orange juice; beat until smooth."", 
""Excellent."")"
000396,*396*,Linda'a Guadalajara - Style Burritos,1575,lindaWWJD,NA,PT20M,PT20M,1999-08-21T11:20:00Z,Make and share this Linda'a Guadalajara - Style Burritos recipe from Food.com.,character(0),Lunch/Snacks,"c(""Mexican"", ""Microwave"", ""< 30 Mins"")","c(""1"", ""1/4"", ""1"", ""1"", ""2"", ""1"", ""1/2"", ""2"", ""10"")","c(""hamburger"", ""onion"", ""cinnamon"", ""chili powder"", ""black pepper"", ""chili sauce"", ""monterey jack cheese"", ""flour tortillas"")",3,1,5890.2,215.8,86.7,541.8,12001.9,698.1,74,40.7,273.4,1,NA,"c(""Brown hamburger and onion."", ""Add beans, spices and chili sauce. Mix together  and heat on low flame while shredding cheese. Place about 1/2 cup on flour  tortilla."", ""Top with shredded cheese and roll up."", ""Place seam side down on  plate in micro-wave. Heat on \""re-heat\"" for 1 minute until cheese melts."")"
000397,*397*,Double Chocolate Chunk Biscotti,1545,Nancy Van Ess,PT1H,PT1H25M,PT2H25M,1999-08-15T07:31:00Z,Make and share this Double Chocolate Chunk Biscotti recipe from Food.com.,"c(""https://img.sndimg.com/food/image/upload/w_555,h_416,c_fit,fl_progressive,q_95/v1/img/recipes/39/7/picQs7E2w.jpg"", ""https://img.sndimg.com/food/image/upload/w_555,h_416,c_fit,fl_progressive,q_95/v1/img/recipes/39/7/pic6WfK9K.jpg"", ""https://img.sndimg.com/food/image/upload/w_555,h_416,c_fit,fl_progressive,q_95/v1/img/recipes/39/7/picuSFqBM.jpg"", ""https://img.sndimg.com/food/image/upload/w_555,h_416,c_fit,fl_progressive,q_95/v1/img/recipes/39/7/picwi6J0R.jpg"", ""https://img.sndimg.com/food/image/upload/w_555,h_416,c_fit,fl_progressive,q_95/v1/img/recipes/39/7/picGZdnRw.jpg"", 
""https://img.sndimg.com/food/image/upload/w_555,h_416,c_fit,fl_progressive,q_95/v1/img/recipes/39/7/picN5xzmG.jpg"")",Dessert,"c(""Cookie & Brownie"", ""Weeknight"", ""For Large Groups"", ""Oven"", ""< 4 Hours"")","c(""1/3"", ""2/3"", ""1/4"", ""2"", ""2"", ""1 3/4"", ""4"", ""3"")","c(""butter"", ""margarine"", ""sugar"", ""baking powder"", ""eggs"", ""flour"")",5,24,96.9,4.9,2.9,17.4,48.2,12.8,0.9,6.3,1.8,32,NA,"c(""Lightly grease a large cookie sheet. Set aside. In a large mixing bowl beat  butter with an electric mixer on med. speed for 30 sec."", ""Add sugar, cocoa powder and baking powder & beat until combined."", ""Beat in eggs."", ""Beat in as much of the flour as you can."", ""Using a spoon, stir in any remaining flour, white baking bar and semisweet chocolate. Divide dough in half."", ""Shape each half into a 9\"" long log."", ""Place log about 4\"" apart on prepared cookie sheet. Flatten logs slightly until about 2\"" thick."", 
""Bake logs in a 375 degree oven for 20-25 min. or until a wooden toothpick inserted neat the centers comes out clean."", ""Cool on the cookie sheet set on a wire rack for 1 hour."", ""Using a serrated knife, cut each log diagonally into 1/2\"" thick slices."", ""Lay slices, cut side down, on ungreased cookie sheets."", ""Bake slices in a 325 degree oven for 8 min."", ""Turn slices over."", ""Bake 7-9 min. more or until slices are dry and crisp. (Do not overbake.)"", ""Transfer to wire racks and let cool."", ""Store in an airtight container at room temperature for up to 1 week or freeze for up to 3 months.""
)"
000398,*398*,Dreamy Blueberry Pie,1545,Nancy Van Ess,PT1H,PT1H15M,PT2H15M,1999-09-03T19:22:00Z,Make and share this Dreamy Blueberry Pie recipe from Food.com.,character(0),Pie,"c(""Dessert"", ""Berries"", ""Fruit"", ""Weeknight"", ""< 4 Hours"")","c(""1 2/3"", ""6"", ""1/4"", NA, ""1/2"", ""1/4"", ""4"", ""1"", ""1/4"")","c(""unsalted butter"", ""water"", ""gelatin"", ""blueberries"", ""fat free cream cheese"", ""light cream cheese"", ""heavy cream"", ""confectioners' sugar"")",NA,NA,423.1,21.1,12.7,65.4,755,52.4,1.9,13.9,8,8,NA,"c(""Knead together pretzel crumbs and butter in plastic food-storage bag."", ""Press over bottom and sides of a 9\"" pie plate. Chill in refrigerator."", ""Bring water to boiling in a small saucepan."", ""Remove from heat. Sprinkle gelatin over top."", ""Let stand 5 minutes to soften."", ""Stir to dissolve."", ""Reserve 16 berries."", ""Transfer rest of berries to food processor. Process until coarsely chopped."", ""Add superfine sugar and cream cheese; blend."", ""Transfer to  large bowl."", ""Beat cream and confectioners' sugar in medium-size bowl until soft  peaks form."", 
""Set aside 1/3 cup whipped cream; fold remaining into blueberry mixture."", ""Stir in gelatin mixture."", ""Spread in pretzel crust."", ""Dollop or pipe reserved whipped cream on top."", ""Garnish with reserved blueberries."", ""Chill 1 hour."", ""Serve."")"
000399,*399*,Spaetzle - Hungarian,1616,Melody,PT2M,PT15M,PT17M,1999-09-05T19:36:00Z,"Various English spellings abound, but my Hungarian family has always pronounced this as shpetz-leh.  I prefer spaetzle topped with Chicken Paprikash or Beef Goulash (anything with lots of Hungarian paprika!!).","c(""https://img.sndimg.com/food/image/upload/w_555,h_416,c_fit,fl_progressive,q_95/v1/img/recipes/39/9/5aQRLGRQTig5MppEaLVZ_0S9A8190.jpg"", ""https://img.sndimg.com/food/image/upload/w_555,h_416,c_fit,fl_progressive,q_95/v1/img/recipes/39/9/bmXA56ACReGun0gv4ZAX_0S9A8185.jpg"", ""https://img.sndimg.com/food/image/upload/w_555,h_416,c_fit,fl_progressive,q_95/v1/img/recipes/39/9/Us2jVvl2St6lQ22gN7UI_0S9A8199.jpg"")",Hungarian,"c(""European"", ""Healthy"", ""< 30 Mins"", ""Easy"")","c(""750"", ""3"", NA, ""1/2"")","c(""flour"", ""eggs"", ""salt"", ""water"")",5,8,2944.5,21.6,5.8,558,243,573.4,20.2,2.6,96.3,NA,1 batch,"c(""Mix flour, eggs, and a little salt with water into a paste. Do not beat!"", ""Drop bit by bit into boiling salted water (the more the better)."", ""Two approaches work here, either: (a) lower scant teaspoon of the paste into the boiling water (the spaetzle will separate from the spoon and start to cook) one by one,  (b)use a coarse grater to force drops of the paste into the water."", ""Cook for 1-2 minutes then strain (and rinse, optional)."")"
000400,*400*,Spaetzle - German,1616,Melody,PT15M,PT10M,PT25M,1999-09-05T19:36:00Z,Make and share this Spaetzle - German recipe from Food.com.,"c(""https://img.sndimg.com/food/image/upload/w_555,h_416,c_fit,fl_progressive,q_95/v1/img/recipes/40/0/picakaFwz.jpg"", ""https://img.sndimg.com/food/image/upload/w_555,h_416,c_fit,fl_progressive,q_95/v1/img/recipes/40/0/picWAF02k.jpg"", ""https://img.sndimg.com/food/image/upload/w_555,h_416,c_fit,fl_progressive,q_95/v1/img/recipes/40/0/picoMYajM.jpg"", ""https://img.sndimg.com/food/image/upload/w_555,h_416,c_fit,fl_progressive,q_95/v1/img/recipes/40/0/picZaybHO.jpg"")",German,"c(""European"", ""Healthy"", ""< 30 Mins"", ""Easy"")","c(""3"", ""2"", ""2"", ""1"", ""1/2"")","c(""eggs"", ""flour"", ""butter"", ""milk"", ""salt"")",4,4,372.6,12.3,6.3,182.4,415.2,50.8,1.7,0.5,13.2,NA,NA,"c(""Beat eggs well; add remaining ingredients and beat until the dough  blisters."", ""Drop from the tip of a wet teaspoon into boiling salted water."", ""Cook until tender (about 15 minutes). Drain."", ""Toss with melted butter."")"
000401,*401*,Banana Marshmallow Ice Cream (Still-Freeze),1545,Nancy Van Ess,NA,PT10M,PT10M,1999-08-24T04:12:00Z,Make and share this Banana Marshmallow Ice Cream (Still-Freeze) recipe from Food.com.,character(0),Frozen Desserts,"c(""Dessert"", ""Low Protein"", ""< 15 Mins"", ""Freezer"", ""Easy"")","c(""1"", ""30"", ""3/4"", ""3"", ""1"", ""3 1/2"")","c(""milk"", ""marshmallows"", ""sugar"", ""bananas"", ""fresh lemon juice"", ""heavy cream"")",3,1,4680.1,319.1,198,1175.4,608.6,458.5,11.9,326.8,33.8,1,NA,"c(""In an electric blender, combine milk, marshmallows, sugar, sliced bananas and  lemon juice. Blend on high speed."", ""Whip heavy cream and then stir cream into blended banana mixture.  Still-freeze."")"
000402,*402*,Calzones,87236,truebrit,NA,PT40M,PT40M,1999-08-17T06:04:00Z,Make and share this Calzones recipe from Food.com.,character(0),Meat,"c(""European"", ""Kid Friendly"", ""< 60 Mins"", ""Oven"", ""Easy"")","c(""2"", ""1"", NA, NA, NA)","c(""beef"", ""mushroom"")",5,2,255,26.8,11.1,37.5,9.8,0,0,0,3.1,NA,12 calzones,"c(""Thaw bread dough."", ""When it is able to be sliced, cut each loaf  into 6 sections."", ""Place on greased cookie sheet and allow to rise to its capacity."", ""While dough is rising, brown meat and  mushrooms."", ""When dough is raised, roll out each section on  floured board."", ""Place 1 tablespoon meat mixture on half the  dough."", ""Add pizza sauce and pizza cheese, as much as you like."", ""Fold in  half and pinch the edges of the dough pieces together."", ""Lay on  cookie sheet."", ""Bake at 300 degrees Fahrenheit until done."", 
""May be baked at a higher temperature, if oven isn't too  hot."", ""Bake until bread dough is not doughy on inside."", ""Can make vegetable calzones, too."")"
000403,*403*,Banana Ice Cream I,1545,Nancy Van Ess,NA,PT20M,PT20M,1999-08-24T04:12:00Z,Make and share this Banana Ice Cream I recipe from Food.com.,character(0),Frozen Desserts,"c(""Dessert"", ""Low Protein"", ""Free Of..."", ""< 30 Mins"", ""Small Appliance"")","c(""1"", ""1/4"", ""5"", ""3"", ""5"", ""1 1/2"", ""2"")","c(""sugar"", ""salt"", ""bananas"", ""fresh lemon juice"", ""heavy cream"")",NA,NA,779.5,56.3,34,345.2,182.3,66.6,3,47.6,8.1,6,NA,"c(""In top of double boiler, stir together sugar, salt, slightly beaten egg yolks  and 2 cups of light cream."", ""Cook, stirring frequently, until mixture coats a  spoon."", ""Cool."", ""Peel and mash bananas and combine with lemon juice."", ""Add heavy cream, remaining light cream, and bananas to the cooled egg yolk mixture."", ""Churn-freeze."")"
000404,*404*,Iced Cafe Au Lait,1737,Teddi2,NA,PT15M,PT15M,1999-08-30T13:58:00Z,Make and share this Iced Cafe Au Lait recipe from Food.com.,"c(""https://img.sndimg.com/food/image/upload/w_555,h_416,c_fit,fl_progressive,q_95/v1/img/recipes/40/4/ZDWQhfbSLOcYpDo7758G-DSC_0283.JPG"", ""https://img.sndimg.com/food/image/upload/w_555,h_416,c_fit,fl_progressive,q_95/v1/img/recipes/40/4/1506x9lPRCe2r8v0i0hA-iced-latte.JPG"", ""https://img.sndimg.com/food/image/upload/w_555,h_416,c_fit,fl_progressive,q_95/v1/img/recipes/40/4/cMiq9Ta7QCS3Dt44CFIl-DSC_0286.jpg"", ""https://img.sndimg.com/food/image/upload/w_555,h_416,c_fit,fl_progressive,q_95/v1/img/recipes/40/4/pic3oQ26X.jpg""
)",Beverages,"c(""Very Low Carbs"", ""Low Protein"", ""Low Cholesterol"", ""< 15 Mins"", ""Easy"")","c(""2 1/4"", ""2"", ""2"", NA)","c(""coffee"", ""milk"", ""sugar"")",4.5,3,79.4,4.5,2.8,17.1,66,5.7,0,0,4.2,4,NA,"c(""Whirl cold coffee, milk, and crushed ice in a blender."", ""Add desired sugar; continue blending until frothy."", ""Pour over ice."")"
000405,*405*,Whole Wheat Calzone,51109,Vina7737,PT1H25M,PT20M,PT1H45M,1999-08-17T06:04:00Z,Make and share this Whole Wheat Calzone recipe from Food.com.,character(0),Poultry,"c(""Meat"", ""European"", ""Very Low Carbs"", ""High Protein"", ""Kid Friendly"", ""High In..."", ""Weeknight"", ""Oven"", ""< 4 Hours"")","c(""2"", ""1/4"", ""1/2"", ""1/2"", ""1"", ""4"", ""1/4"", ""1"", ""1/2"", ""1/2"", ""1"", ""1/4"", ""1"", NA, ""1"", ""1"")","c(""onion"", ""green pepper"", ""garlic clove"", ""chicken breasts"", ""salt"", ""pepper"", ""dried oregano"", ""parmesan cheese"", ""swiss cheese"", ""fresh parsley"", ""egg"", ""water"")",NA,NA,512.5,33.6,12.5,216.6,503.3,5.7,1.1,2.2,45.1,4,NA,"c(""In medium skillet, heat 2 tablespoons oil; saute onion, green and red peppers, and garlic for 3 minutes, stirring constantly."", ""Add  chicken, salt, pepper and oregano; stir occasionally until meat  is browned, about 10 minutes."", ""Drain off excess fat. Remove  skillet from heat."", ""Stir in Parmesan cheese, Swiss cheese, parsley and beaten egg; mix  well and set aside."", ""Make bread mix according to directions."", ""Divide in 4 parts and roll each into a 9-inch circle."", ""Place 1/4 of meat mixture on each."", 
""Moisten edges with water; fold to enclose filling, and press edges to seal."", ""On a lightly greased baking sheet, cover and let rise for 15 minutes."", ""Brush tops with egg yolk and water."", ""Bake at 350 degrees Fahrenheit for 20 to 30 minutes or until golden brown and sound hollow when tapped."")"
000406,*406*,Creamy Iced Coffee,1737,Teddi2,NA,PT5M,PT5M,1999-08-30T13:58:00Z,Make and share this Creamy Iced Coffee recipe from Food.com.,character(0),Beverages,"c(""Very Low Carbs"", ""Low Protein"", ""Low Cholesterol"", ""Healthy"", ""< 15 Mins"", ""Easy"")","c(""1"", ""2"", ""3"")","c(""brewed coffee"", ""confectioners' sugar"")",4,1,64.6,0.1,0,0,19.1,15.9,0,15.7,0.3,1,NA,"""Combine the coffee, sugar, and ice, in the blender and whirl until creamy."""
000407,*407*,Coffee Punch with Ice Cream Floats,1737,Teddi2,NA,PT25M,PT25M,1999-08-30T13:58:00Z,Make and share this Coffee Punch with Ice Cream Floats recipe from Food.com.,"""https://img.sndimg.com/food/image/upload/w_555,h_416,c_fit,fl_progressive,q_95/v1/img/recipes/40/7/pic7wErd5.jpg""",Punch Beverage,"c(""Beverages"", ""Dessert"", ""Low Protein"", ""< 30 Mins"")","c(""1"", ""1"", ""1"", ""1"", NA, NA)","c(""heavy cream"", ""sugar"", ""chocolate ice cream"", ""coffee ice cream"", ""powdered instant coffee"", ""cinnamon"")",5,2,240.4,19.5,12.1,69.3,49.3,15.6,0.5,13.3,2.5,6,NA,"c(""In 6-cup glass serving bowl mix coffee, cream and sugar."", ""With kitchen  shears cut ice cream carton open, remove ice cream and cut into large  chunks."", ""Float on coffee mixture. Sprinkle with powdered coffee and  cinnamon."", ""Immediately ladle into punch cups or wine goblets."", ""Serve with  spoon"")"
000408,*408*,Chicken and Sausage,97901,Zaney1,PT7M,PT50M,PT57M,1999-08-26T03:56:00Z,Adopted recipe.This is an easy recipe.I used 6 chicken breast halves and 1 lb bulk Italian sausage and it worked out just fine.  I served it with rice. It reminded me slightly of an Asian dish. It was very good. I even liked the green peppers in it and I don't usually like green peppers.,character(0),Chicken Breast,"c(""Chicken"", ""Pork"", ""Poultry"", ""Meat"", ""Broil/Grill"", ""< 60 Mins"", ""Oven"", ""Stove Top"")","c(""1"", ""4"", ""1/2"", ""1"", ""2"", ""1"", ""1"", ""8"", ""1 1/2"", ""1"", ""2"")","c(""olive oil"", ""chicken breast halves"", ""Italian sausage"", ""green pepper"", ""garlic"", ""water"", ""tomato sauce"", ""cornstarch"", ""water"")",4.5,2,169.9,10.5,3.2,31.5,530.6,7.7,0.9,3.9,11.3,10,NA,"c(""In a large skillet, heat the oil over medium-high heat. add the chicken  and cook until browned."", ""Remove the chicken; set aside. Reduce the heat to  medium."", ""In the same skillet, cook the sausage, green pepper, and garlic,  stirring, until the sausage is browned and the pepper is tender."", ""Spoon  off the fat. Stir in the soup, water, tomato sauce, and Italian  seasoning."", ""Heat to boliling and return the chicken to the skillet.  Reduce the heat to low."", ""Cover; cook for 6-7 minutes more, or until the  chicken is no longer pink, stirring occasionally."", 
""Mix the 1 tablespoon cornstarch with the 2 tablespoons of water."", ""Stir  into the sauce and bring to a boil."", ""Reduce heat and continue cooking,  stirring occcasionally, until the sauce thickens."", ""Serve over hot cooked noodles or rice."", ""Note: Sauce freezes well."")"
000409,*409*,M&M and Chocolate Chews,193853,MirandaLee,PT30M,PT20M,PT50M,1999-09-10T04:23:00Z,Make and share this M&M and Chocolate Chews recipe from Food.com.,character(0),Dessert,"c(""Kid Friendly"", ""< 60 Mins"", ""Oven"")","c(""1 1/4"", ""2"", ""2"", ""2"", ""2"", ""1"", ""1"", ""1"", ""1/4"", ""1/2"")","c(""butter"", ""eggs"", ""sugar"", ""vanilla"", ""flour"", ""baking soda"", ""chocolate chips"", ""salt"")",3,1,6541,339.8,208,1062.2,4351.3,858.5,29,626.7,61.1,1,NA,"c(""Cream ingredients in Part 1 well."", ""Add Part 1 mixture to part 2 mixture.  Spread 1/2 mixture in pan."", ""Top with M&M's and then remaining dough."", ""Bake at  375~ for 25-30 minutes."")"
000410,*410*,Cafe Latte,1737,Teddi2,NA,PT15M,PT15M,1999-08-30T13:58:00Z,Make and share this Cafe Latte recipe from Food.com.,"c(""https://img.sndimg.com/food/image/upload/w_555,h_416,c_fit,fl_progressive,q_95/v1/img/recipes/41/0/picMRGYJf.jpg"", ""https://img.sndimg.com/food/image/upload/w_555,h_416,c_fit,fl_progressive,q_95/v1/img/recipes/41/0/picEcPIOe.jpg"", ""https://img.sndimg.com/food/image/upload/w_555,h_416,c_fit,fl_progressive,q_95/v1/img/recipes/41/0/picDlKDg8.jpg"", ""https://img.sndimg.com/food/image/upload/w_555,h_416,c_fit,fl_progressive,q_95/v1/img/recipes/41/0/pic14dHaV.jpg"", ""https://img.sndimg.com/food/image/upload/w_555,h_416,c_fit,fl_progressive,q_95/v1/img/recipes/41/0/picBpeOG0.jpg"", 
""https://img.sndimg.com/food/image/upload/w_555,h_416,c_fit,fl_progressive,q_95/v1/img/recipes/41/0/pic1ZRFx3.jpg"")",Beverages,"c(""< 15 Mins"", ""Easy"")","c(""4"", ""4"", NA, NA)","""cinnamon""",NA,1,0,0,0,0,0,0,0,0,0,1,NA,"c(""Add (sweetened) hot espresso and steamed milk to a tall glass of ice. Stir."", ""If desired, sprinkle top with ground cinnamon."", ""Serve with a straw."")"
000411,*411*,No-bake Honey Snacks,125579,GrandmaIsCooking,PT24H,PT25M,PT24H25M,1999-09-10T04:23:00Z,--Adopted Recipe--Edited directions based on comments by the previous reviewer.  &quot;Cooking time&quot; is the 24 hour refrigeration time.,character(0),Bar Cookie,"c(""Dessert"", ""Lunch/Snacks"", ""Cookie & Brownie"", ""Low Cholesterol"", ""Healthy"", ""Weeknight"", ""No Cook"", ""Easy"")","c(""2"", ""1"", ""1/4"", NA)","c(""raisins"", ""honey"", ""coconut"")",4,2,161.5,6,0.8,0,79.3,27.9,1.9,20.6,2.7,12,36 snacks,"c(""Grind raisins and nuts in small batches.  Stir in honey."", ""Roll into 36 balls."", ""Cover; refrigerate 24 hours."", ""Roll in white or colored coconut."", ""If all snacks are not eaten, refrigerate the leftovers."")"
000412,*412*,Frozen Cappuccino,1737,Teddi2,NA,PT10M,PT10M,1999-08-30T13:58:00Z,Make and share this Frozen Cappuccino recipe from Food.com.,"""https://img.sndimg.com/food/image/upload/w_555,h_416,c_fit,fl_progressive,q_95/v1/img/recipes/41/2/picQFrAyE.jpg""",Beverages,"c(""Very Low Carbs"", ""Low Protein"", ""Low Cholesterol"", ""< 15 Mins"", ""Freezer"", ""Easy"")","c(""1 1/2 - 2"", ""3/4"", ""1/3"")",character(0),4.5,3,3.6,0.3,0.2,0,29,0,0,0,0.2,1,NA,"""Place ingredients in blender and blend until smooth, about 30 seconds."""
000413,*413*,Iced Coffee Cream,1737,Teddi2,NA,PT45M,PT45M,1999-08-30T13:58:00Z,Make and share this Iced Coffee Cream recipe from Food.com.,"""https://img.sndimg.com/food/image/upload/w_555,h_416,c_fit,fl_progressive,q_95/v1/img/recipes/41/3/picc3WSyw.jpg""",Dessert,"""< 60 Mins""","c(""2"", ""4"", ""1/3"", ""1/4"", ""3"", ""2/3"", ""1 1/2"", ""1"", ""5"", ""8"", ""4"", ""1/2"", ""3 -4"", NA, NA)","c(""instant coffee"", ""light-brown sugar"", ""boiling water"", ""cinnamon"", ""mixed spice"", ""water"", ""milk"", ""vanilla extract"", ""vanilla ice cream"", ""cocoa powder"", ""cinnamon sticks"", ""lime slice"", ""chocolate"")",5,1,284.9,17.6,10.9,67.5,109.8,25.9,0.6,18.6,5.9,4,NA,"c(""Dissolve coffee and brown sugar in boiling water."", ""Add cinnamon and Mixed Spice.  Add cold water and stir well."", ""Add milk, vanilla and whipping cream."", ""Whisk  lightly until evenly combined."", ""Put 2 ice cubes into each glass."", ""Half fill with  coffee mixture. Add a scoop of ice cream to each glass and top up with remaining  coffee. Sprinkle with unsweetened cocoa powder."", ""Garnish with cinnamon sticks,  lime slices and grated chocolate, if desired."", ""Serve at once with  long-handled spoons."", 
""VARIATION: For a sweeter version, increase brown sugar to taste. If  desired, top each with a little whipped cream."")"
000414,*414*,Moussaka,1609,Barbara Heller,PT2H10M,PT2H,PT4H10M,1999-08-23T21:00:00Z,"This recipe is not for the faint-hearted cook. It's very  good, and it takes a lot of work. Don't waste it on someone  who would be just as satisfied with steak and salad!  This recipe is sized for a large cake pan. If you cut the recipe in half it will  fit into an ordinary lasagna-size baking dish.  Approximate measurement OK for eggplant, tomato mixture.","c(""https://img.sndimg.com/food/image/upload/w_555,h_416,c_fit,fl_progressive,q_95/v1/img/recipes/41/4/picSUi4aG.jpg"", ""https://img.sndimg.com/food/image/upload/w_555,h_416,c_fit,fl_progressive,q_95/v1/img/recipes/41/4/pic92zkTX.jpg"", ""https://img.sndimg.com/food/image/upload/w_555,h_416,c_fit,fl_progressive,q_95/v1/img/recipes/41/4/picDLlh8B.jpg"", ""https://img.sndimg.com/food/image/upload/w_555,h_416,c_fit,fl_progressive,q_95/v1/img/recipes/41/4/picztJOtl.jpg"", ""https://img.sndimg.com/food/image/upload/w_555,h_416,c_fit,fl_progressive,q_95/v1/img/recipes/41/4/pic4xY6DW.jpg"", 
""https://img.sndimg.com/food/image/upload/w_555,h_416,c_fit,fl_progressive,q_95/v1/img/recipes/41/4/picreQwkK.jpg"", ""https://img.sndimg.com/food/image/upload/w_555,h_416,c_fit,fl_progressive,q_95/v1/img/recipes/41/4/pichGOnSB.jpg"", ""https://img.sndimg.com/food/image/upload/w_555,h_416,c_fit,fl_progressive,q_95/v1/img/recipes/41/4/picUvl89r.jpg"")",Vegetable,"c(""Greek"", ""European"", ""Oven"")","c(""2"", ""2"", ""2"", ""2"", ""3"", ""3"", ""3/4"", ""1/2"", ""1"", ""1"", ""1"", ""1"", ""4"", ""1/2"", ""6"", ""1/8"", ""1/4"", NA, ""3"", ""4"", ""2"", ""1"", ""2"")","c(""onions"", ""olive oil"", ""butter"", ""mushrooms"", ""tomatoes"", ""tomato paste"", ""dry red wine"", ""parsley"", ""cinnamon"", ""garlic"", ""oregano"", ""sugar"", ""milk"", ""butter"", ""flour"", ""nutmeg"", ""white pepper"", ""olive oil"", ""eggplants"", ""eggs"", ""ricotta cheese"", ""parmesan cheese"")",5,24,367.1,22.6,12.3,119.7,287.6,27.2,5.7,6.5,13.5,12,NA,"c(""First make the tomato sauce: peel and mince onions. Saute onions in 2 Tbsp oil  and 2 Tbsp butter, over moderate heat, until they are soft and lightly colored  (about 8 minutes). Add mush- rooms and saute. Stir in tomatoes, tomato paste,  wine, parsley, seasonings and sugar."", ""Reduce heat to low and simmer uncovered,  for 30-45 minutes, stirring occasionally, until most of the liquid has evaporated, and the mixture is quite thick. Remove skillet from heat and let it  cool completely."", ""Start seasoning the eggplants: peel eggplants and slice vertically, 1/8 to 1/4  inch thick. Sprinkle lightly with salt and let sit for 30 minutes."", 
""Now make the  Bechamel Sauce.  NOTE:  The Bechamel-egg-ricotta mixture will overflow all but the largest  (professional size) food processors. Use a mixer or blend by hand.Place the milk in a saucepan, and heat it just until tiny  bubbles appear along the edges. Remove and set aside."", ""Melt the butter in 3-quart saucepan over very low heat until foamy, being careful not to brown. Slowly add the 6 Tbsp flour, stirring constantly until smooth (3-4 minutes), and  still being careful not to let it brown."", 
""Add the milk slowly, whipping with a wire whisk. When the mixture is thick and smooth, remove it from the heat and stir in seasonings."", ""Stir ricotta cheese until it is smooth  and creamy. Gently fold it into the Bechamel sauce. Stir in beaten eggs until  thoroughly incorporated."", ""Back to the eggplant: Rinse well with cold water; squeeze gently and pat dry. Dredge the eggplant in 1 1/2 cups flour, and saute each in olive oil until it is  brown on both sides."", ""Remove and discard any excess oil that has risen to the  top of the tomato mixture. Lightly grease a 16x10 baking pan that is at least 3  inches deep, and sprinkle the bottom with a few breadcrumbs."", 
""Place a layer of  eggplant in the pan, following with a layer of tomato mixture. Sprinkle with  breadcrumbs and grated cheese. Repeat as many times as you have eggplant to  last. Pour the Bechamel-ricotta sauce over the top and bake at 300 deg. F for  one hour, or until a golden-brown crust has formed on top."", ""Remove moussaka from  oven and let it stand undisturbed 20-30 minutes; the delay allows the layers to  fuse."", """")"
000415,*415*,Sweetened Iced Coffee,1737,Teddi2,NA,PT15M,PT15M,1999-08-30T13:58:00Z,Make and share this Sweetened Iced Coffee recipe from Food.com.,"""https://img.sndimg.com/food/image/upload/w_555,h_416,c_fit,fl_progressive,q_95/v1/img/recipes/41/5/picvVTAbQ.jpg""",Beverages,"c(""< 15 Mins"", ""Easy"")","c(""1/4"", ""1/4"", ""1"")","c(""instant coffee"", ""coffee"", ""sugar"", ""low calorie sweetener"", ""milk"")",5,7,151.3,6.3,3.9,24.1,85.8,17.8,0,8.3,6.1,6,NA,"c(""Dissolve instant coffee and sugar in hot water."", ""Stir in 1 litre of cold  milk; add ice."", ""For mocha flavour, use chocolate milk and reduce the sugar to taste."", ""For single serving: Dissolve 1 Tbsp of instant coffee and 2 teaspoons sugar in 1 Tablespoon hot water. Add 1 cup of cold milk and stir."")"
000416,*416*,Fudgie-Wudgies,1545,Nancy Van Ess,NA,PT30M,PT30M,1999-09-07T20:22:00Z,Make and share this Fudgie-Wudgies recipe from Food.com.,character(0),Dessert,"c(""< 30 Mins"", ""For Large Groups"", ""Oven"")","c(""1/2"", ""3"", ""2"", ""3"", ""1"", ""1 1/2"", ""1"", ""1"")","c(""margarine"", ""sugar"", ""eggs"", ""vanilla"", ""flour"", ""salt"")",NA,NA,281.8,13.9,3.8,34.9,148.6,37.9,2,25.5,4.6,16,NA,"c(""Preheat oven to 350 degrees Fahrenheit."", ""Place the margarine and chocolate in a saucepan or double boiler and heat over simmering water until melted. Remove from heat."", ""Beat in sugar; add the eggs, one at a time, beating well after each  addition."", ""Mix in vanilla, flour, salt and nuts."", ""Pour batter in an ungreased 8\"" square pan and bake for 30 to 35 minutes."", ""Cool slightly; cut into 2\"" squares."")"
000418,*418*,Deluxe Brownies,1545,Nancy Van Ess,NA,PT40M,PT40M,1999-09-07T20:22:00Z,Make and share this Deluxe Brownies recipe from Food.com.,character(0),Bar Cookie,"c(""Dessert"", ""Cookie & Brownie"", ""< 60 Mins"", ""For Large Groups"", ""Oven"")","c(""2/3"", ""5"", ""1 3/4"", ""2"", ""3"", ""1"", ""1"")","c(""butter"", ""margarine"", ""sugar"", ""vanilla"", ""eggs"", ""flour"")",5,1,291.1,17.7,8.6,55.2,140.7,32.8,2.5,22.4,4.7,16,NA,"c(""Preheat oven to 350 degrees Fahrenheit."", ""Heat butter and unsweetened chocolate over low heat, stirring  constantly, until melted; cool slightly."", ""Beat in sugar, vanilla and eggs in a 3 quart bowl on high speed 5 minutes."", ""Beat in chocolate mixture on low speed."", ""Add flour; beat just until blended."", ""Stir in nuts."", ""Spread in greased 9x9x2\"" square pan."", ""Bake just until brownies begin to pull away from sides of pan, 40 to 45 minutes."", ""Cool."", ""Cut into about 2\"" squares."")"
000419,*419*,Coffee Liqueur (Fake Kahlua),1704,HELEN PEAGRAM_40951,NA,PT30M,PT30M,1999-09-15T03:38:00Z,Make and share this Coffee Liqueur (Fake Kahlua) recipe from Food.com.,character(0),Beverages,"""< 30 Mins""","c(""3"", ""2"", ""2"", ""2"", ""2/3"", ""1"", ""1"")","c(""vodka"", ""water"", ""sugar"", ""brown sugar"", ""dry instant coffee"", ""vanilla"", ""vanilla bean"")",NA,NA,704,0.1,0,0,24.6,122.6,0,118.1,1.2,NA,7 Cups,"c(""Mix all ingredients in a 2-quart jar."", ""Cover tightly and let stand at room temperature for two weeks."", ""Remove vanilla bean."", ""Pour into bottles and seal."", ""Makes about 7 1/2 cups."")"
000420,*420*,Sour Cream Carrot Cake,1543,Doreen Randal,PT50M,PT30M,PT1H20M,1999-09-08T15:16:00Z,Make and share this Sour Cream Carrot Cake recipe from Food.com.,character(0),Dessert,"c(""Weeknight"", ""Oven"", ""< 4 Hours"")","c(""3/4"", ""1/2"", ""1/2"", ""1"", ""1"", ""1/2"", ""1 1/2"", ""1/2"", ""2"", ""1/2"", ""60"", ""30"", ""1"", ""1 1/2"")","c(""self raising flour"", ""plain flour"", ""baking soda"", ""cinnamon"", ""nutmeg"", ""brown sugar"", ""carrots"", ""eggs"", ""sour cream"", ""cream cheese"", ""butter"", ""lemon, rind of"", ""icing sugar"")",4.5,4,441.7,23.6,7.3,70.2,180,54.4,1.5,37.4,4.6,NA,NA,"c(""Grease a 20cm ring tin, line the base with paper; grease paper."", ""Sift flours, soda, cinnamon and nutmeg into a bowl, stir in sugar and  carrot. Combine oil, eggs and sour cream and stir into flour mix."", ""Pour mixture into ring tin, bake in a moderately slow oven about 50  minutes."", ""Turn on to rack to cool."", ""When cold spread with icing and  decorate with walnut halves."", ""CREAM CHEESE ICING:-  Beat cheese, butter and lemon rind in a small bowl until light and  fluffy, gradually beat in sifted icing sugar; beat until combined."", 
""**  I don't bother icing this, good one."")"
000421,*421*,Instant Coffee Kahlua,1704,HELEN PEAGRAM_40951,PT2H,PT35M,PT2H35M,1999-09-15T03:38:00Z,Make and share this Instant Coffee Kahlua recipe from Food.com.,character(0),Beverages,"c(""Low Protein"", ""Low Cholesterol"", ""Healthy"", ""Weeknight"", ""< 4 Hours"")","c(""3"", ""3"", ""12"", ""2"", ""3"", ""1"", ""6"")","c(""sugar"", ""water"", ""instant coffee"", ""fresh coffee"", ""vodka"", ""brandy"", ""vanilla extract"")",5,1,4621.1,0.1,0,0,43.5,608,0,602,1.5,NA,1 Recipe,"c(""Mix sugar, water, instant coffee and fresh coffee together in a saucepan."", ""Simmer for 1-1/2 to 2 hours with occasional stirring."", ""Cool."", ""Add the vodka, brandy, and vanilla extract."", ""Filter and pour into dark bottles."", ""I use a metal mesh to filter out the coffee grounds."", ""Keep the bottles in a cool, dark place for 3 months. (YOU HEARD IT RIGHT!)."", ""Shake every day. (The bottles, I mean)."", ""MMMMM  MMMMM  Recipe via Meal-Master (tm) v8.06."")"
000422,*422*,Linda's Tuna Burritos,1575,lindaWWJD,PT1M,PT20M,PT21M,1999-08-21T11:20:00Z,Make and share this Linda's Tuna Burritos recipe from Food.com.,character(0),Lunch/Snacks,"c(""Tuna"", ""Mexican"", ""High In..."", ""Microwave"", ""< 30 Mins"")","c(NA, NA, ""1/4"", ""2"", NA, ""8"", NA, NA)","c(""tuna"", ""black olives"", ""onion"", ""mild cheddar cheese"", ""flour tortillas"", ""lettuce"", ""chopped tomato"")",4,1,471.6,18.2,8.1,29.7,900.6,59.4,3.6,2.5,16.5,8,NA,"c(""Mix together tuna, olives, onions, cheddar cheese, and salad dressing."", ""Soften tortillas in microwave oven on medium for 30 seconds."", ""Place 1/2 cup tuna mixture on each burrito."", ""Serve seam side down with shredded lettuce and chopped tomato."")"
000423,*423*,Cheesy Manicotti,1545,Nancy Van Ess,NA,PT30M,PT30M,1999-09-02T21:08:00Z,Make and share this Cheesy Manicotti recipe from Food.com.,character(0),Manicotti,"c(""European"", ""Microwave"", ""< 30 Mins"")","c(""5"", ""8"", ""1"", ""1"", ""1/2"", ""2"", ""1/8"", ""2 1/2"", ""1/2"")","c(""fat free cream cheese"", ""fat-free ricotta cheese"", ""fat free mozzarella cheese"", ""fat free egg substitute"", ""fresh parsley"", ""pepper"", ""fat free parmesan"")",2,2,164.5,0.8,0.3,7.9,447.2,21.8,1.1,3.4,17,6,NA,"c(""Cook manicotti shells according to package directions and drain well."", ""Blend the cream cheese until smooth; mix with the ricotta cheese."", ""Stir the mozzarella, egg substitute, parsley and pepper into the cheese mixture."", ""Fill each manicotti shell with 1/4 cup cheese filling."", ""Pour 1-1/4 cups spaghetti sauce over the bottom of a microwave safe baking dish."", ""Place filled manicotti shells on top of sauce."", ""Pour remaining sauce over the  shells."", ""Cover with vented plastic wrap."", ""Cook on medium heat 20 minutes or until hot and  bubbly."", 
""Sprinkle Parmesan cheese on top; cook an additional 1 or 2 minutes until cheese melts."")"
000424,*424*,Pumpkin Bread Pudding with Raisin Nut Bread,1545,Nancy Van Ess,PT2H,PT1H10M,PT3H10M,1999-09-18T11:16:00Z,Make and share this Pumpkin Bread Pudding with Raisin Nut Bread recipe from Food.com.,character(0),Dessert,"c(""Fruit"", ""Vegetable"", ""Nuts"", ""Weeknight"", ""Oven"", ""< 4 Hours"")","c(""12"", ""1/2"", ""2"", ""6"", ""1"", ""1/8"", ""1"", ""4"", ""1/2"", ""1/8"")","c(""butter"", ""eggs"", ""sugar"", ""sugar"", ""vanilla extract"", ""half-and-half"", ""cinnamon"", ""nutmeg"")",5,1,438.5,28.8,16.6,185.2,293.7,38,1.4,19.7,8.2,12,NA,"c(""Preheat oven to 325 degrees."", ""Butter sides and bottom of 13x9\"" baking pan."", ""Butter one side of each bread slice and layer in pan alternately with croissants (6 slices bread, croissant slices, 6 slices bread). In large bowl with an electric mixer set on med-high speed, beat eggs until slightly thickened, about 5 min."", ""Add sugar and vanilla and beat at med."", ""speed until thoroughly combined."", ""reduce speed to low and add cream; mix until smooth."", ""Pour egg-cream mixture over bread and croissant slices."", 
""the slices will absorb egg-cream mixture slowly, so continue adding liquid until all is in pan."", ""In small bowl combine cinnamon, nutmeg and 1/8 teaspoon sugar."", ""Sprinkle sugar-spice mixture over the bread pudding."", ""Fill a baking pan larger than the 13x9\"" bread pudding pan halfway up with hot water."", ""Place in oven, set bread pudding pan in the water bath."", ""Bake 45-50 min."", ""or until custard is set. When set, remove the bread pudding from the oven, and discard water in larger pan."", ""Cool to room temperature. refrigerate for 2 hours or until firm.""
)"
000425,*425*,Chili Non Carne,1545,Nancy Van Ess,NA,PT50M,PT50M,1999-09-02T21:08:00Z,Make and share this Chili Non Carne recipe from Food.com.,character(0),Beans,"c(""Mexican"", ""Low Protein"", ""Low Cholesterol"", ""Healthy"", ""Winter"", ""< 60 Mins"")","c(""1/4"", ""2"", ""1"", ""2"", ""1/4"", ""1/4"", ""1/4"", ""2"", ""1"", ""42 1/2"", ""15"", ""30"", NA, NA, NA)","c(""onion"", ""garlic cloves"", ""olive oil"", ""chili powder"", ""basil"", ""oregano"", ""cumin"", ""zucchini"", ""carrot"", ""canned tomatoes"", ""kidney beans"", ""kidney beans"", ""onion"", ""tomatoes"", ""green pepper"")",4,3,185.4,2.2,0.4,0,734.2,33.4,11.5,8.4,10.4,8,NA,"c(""In large pot, sauté onion and garlic in olive oil."", ""Add a splash of water and  cook until soft.  Mix in chili powder, basil, oregano and cumin."", ""Stir in zucchini and carrots until well blended."", ""Cook for about 1 minute over low heat, stirring occasionally."", ""Stir in chopped tomatoes, undrained kidney beans and drained kidney beans."", ""Bring to a boil."", ""Reduce heat and simmer for 30-45 minutes, or until thick."", ""Top with chopped onions, tomatoes or green peppers."")"
000427,*427*,Golden Apple Bars,86520,Dorel,PT37M,PT1H20M,PT1H57M,1999-08-26T19:44:00Z,"This is my adopted recipe, They are a very good nice shortbread crust and the apple filling is great. I only used 1/2 cup brown sugar in with the apples as I used Gala apples. Perhaps with a less sweet apple you would use the 3/4 cup. I used the food processor to chop up 4 apples. I had about 2-1/2 cups apples. Between 2 to 3 cups would be fine.","c(""https://img.sndimg.com/food/image/upload/w_555,h_416,c_fit,fl_progressive,q_95/v1/img/recipes/42/7/picZj0S29.jpg"", ""https://img.sndimg.com/food/image/upload/w_555,h_416,c_fit,fl_progressive,q_95/v1/img/recipes/42/7/picflY33J.jpg"", ""https://img.sndimg.com/food/image/upload/w_555,h_416,c_fit,fl_progressive,q_95/v1/img/recipes/42/7/pickF6DdG.jpg"", ""https://img.sndimg.com/food/image/upload/w_555,h_416,c_fit,fl_progressive,q_95/v1/img/recipes/42/7/pice9eq28.jpg"")",Bar Cookie,"c(""Dessert"", ""Cookie & Brownie"", ""Apple"", ""Fruit"", ""Healthy"", ""Weeknight"", ""Oven"", ""< 4 Hours"")","c(""1/4"", ""1/4"", ""3/4"", ""1 1/2"", ""1 3/4"", ""1"", ""1/2"", ""3 -4"", ""1/4"", ""3/4"", ""1"", ""1"", ""1"", ""1 1/2"", ""1/4"", ""1 -3"")","c(""butter"", ""margarine"", ""shortening"", ""powdered sugar"", ""flour"", ""flour"", ""baking powder"", ""salt"", ""apples"", ""butter"", ""brown sugar"", ""lemon zest"", ""lemon zest"", ""egg"", ""vanilla"", ""powdered sugar"", ""cinnamon"", ""milk"")",NA,NA,100.1,3.2,1.5,9,51.7,17.1,0.5,10.1,1.1,NA,48 bars,"c(""BASE:"", ""Cream 1/4 cup butter, 1/4 cup shortening and powdered sugar."", ""Blend in 1-1/2 cups flour."", ""Pat mixture onto the bottom of a 15 x 10 x 3/4-inch pan."", ""Bake at 350 degrees Fahrenheit for 10 to 12 minutes or until lightly browned."", ""TOPPING:"", ""Combine 1-3/4 cups flour, baking powder and salt. Set aside."", ""Chop apples to equal 2 cups."", ""Melt last 1/4 cup butter in large saucepan, blend in brown sugar,lemon zest, egg, vanilla and apples."", ""Stir flour mixture into apple mixture."", 
""Spread evenly over bottom layer; mixture will be thick."", ""Bake at 350 degrees Fahrenheit for 25 minutes."", ""CINNAMON GLAZE."", ""Combine powdered sugar, ground cinnamon and milk."", ""Blend until smooth."", ""Spread glaze on Golden Apple Bars while they are still warm."")"
000428,*428*,Glazed Pineapple With Macadamia Nut Crunch,35635,_Pixie_,PT1M,PT30M,PT31M,1999-08-26T19:44:00Z,Make and share this Glazed Pineapple With Macadamia Nut Crunch recipe from Food.com.,"""https://img.sndimg.com/food/image/upload/w_555,h_416,c_fit,fl_progressive,q_95/v1/img/recipes/42/8/pic5mGAZf.jpg""",Dessert,"c(""Pineapple"", ""Tropical Fruits"", ""Fruit"", ""Nuts"", ""Low Protein"", ""Broil/Grill"", ""< 60 Mins"", ""Oven"", ""Easy"")","c(""1"", ""1"", ""1/3"", ""1"", ""4"")","c(""pineapple"", ""light brown sugar"", ""salt"", ""unsalted butter"")",5,1,234,18.5,5.7,15.3,25.2,18.7,2.3,15,1.7,8,NA,"c(""Preheat the broiler."", ""Cut the pineapple into 8 slices about 1-inch  thick."", ""For a decorative presentation you might want to cut notched grooves 1  inch apart on the top of each slice to suggest the grooves of a scallop shell."", ""In a small bowl, combine the macadamia nuts, brown sugar and salt."", ""Add the melted butter and stir until well blended."", ""Place the pineapple slices on a baking sheet lined with foil."", ""Sprinkle with a few tablespoons of the nut mixture, or arrange in a  graphic pattern over each pineapple slice."", 
""Broil the pineapple slices about 6  inches from the heat until the filling starts to caramelize, about 1-1/2  minutes."", ""Serve hot."")"
000429,*429*,Apple-Cinnamon Bread Pudding,1545,Nancy Van Ess,NA,PT1H10M,PT1H10M,1999-09-18T11:16:00Z,Make and share this Apple-Cinnamon Bread Pudding recipe from Food.com.,character(0),Dessert,"c(""Apple"", ""Fruit"", ""Weeknight"", ""Oven"", ""< 4 Hours"")","c(""1 1/4"", NA, ""1/3"", ""1"", ""3"", ""4"", ""2"", ""1"", ""9"")","c(""gala apples"", ""granny smith apples"", ""sugar"", ""cinnamon"", ""butter"", ""margarine"", ""eggs"", ""vanilla extract"")",3.5,4,210.1,8.1,4,88.4,153.7,29.5,2.5,16.5,6.1,10,NA,"c(""Place oven rack in middle position."", ""Heat oven to 350 degrees Fahrenheit."", ""Lightly  grease 9 or 10\"" deep-dish pie plate. Have ready a roasting pan larger than the pie plate."", ""In a large bowl, toss apple slices with 2 tablespoons cinnamon-sugar."", ""Place a large skillet over medium heat."", ""Add 1 tablespoon butter; spread half of the apples to cover bottom."", ""Cook 1 minute per side or until partially cooked."", ""Remove to a large plate."", ""Repeat with another 1 tablespoon butter and remaining apples."", 
""Add to plate."", ""Meanwhile, put eggs,  milk, vanilla and remaining cinnamon-sugar in the bowl."", ""Add remaining 1  tablespoon melted butter; whisk until ingredients are well blended."", ""Spread bread cubes in pie plate."", ""Arrange apple slices in concentric circles on top."", ""Pour egg mixture evenly over apples; sprinkle with  reserved 1 teaspoon cinnamon-sugar."", ""Set pie plate in roasting pan."", ""Place pan on middle rack of oven; add very hot water to roasting pan to come half way up sides of pie plate."", 
""Bake for 40 to 45 minutes until a knife inserted near  center comes out clean."", ""Remove pie plate from water."", ""Serve warm, at room  temperature, or cold."")"
000430,*430*,Tomato Salad,1587,rosasharn,PT20M,PT0S,PT20M,1999-08-09T16:39:00Z,Make and share this Tomato Salad recipe from Food.com.,"c(""https://img.sndimg.com/food/image/upload/w_555,h_416,c_fit,fl_progressive,q_95/v1/img/recipes/43/0/picypuXir.jpg"", ""https://img.sndimg.com/food/image/upload/w_555,h_416,c_fit,fl_progressive,q_95/v1/img/recipes/43/0/picXotz04.jpg"", ""https://img.sndimg.com/food/image/upload/w_555,h_416,c_fit,fl_progressive,q_95/v1/img/recipes/43/0/pic6RU8AS.jpg"")",Vegetable,"c(""Low Protein"", ""Low Cholesterol"", ""Healthy"", ""Free Of..."", ""< 30 Mins"", ""No Cook"", ""Easy"")","c(""4"", ""1"", ""2"", ""2"", ""1"", ""2"", NA, ""1/2"")","c(""tomatoes"", ""corn kernel"", ""green onions"", ""fresh basil"", ""parsley"")",5,7,106.1,1,0.1,0,17.9,24.1,3.7,4.7,3.8,4,NA,"c(""Mix tomatoes, corn, green onion, basil, parsley, balsamic vinegar, salt and pepper and honey mustard together."", ""Marinate 20 minutes at room temperature."")"
000431,*431*,"Vidalia Onion, Tomato and Basil Salad",1587,rosasharn,PT20M,PT0S,PT20M,1999-08-09T16:39:00Z,"Make and share this Vidalia Onion, Tomato and Basil Salad recipe from Food.com.","c(""https://img.sndimg.com/food/image/upload/w_555,h_416,c_fit,fl_progressive,q_95/v1/img/recipes/43/1/picaKIovr.jpg"", ""https://img.sndimg.com/food/image/upload/w_555,h_416,c_fit,fl_progressive,q_95/v1/img/recipes/43/1/pickpoYCT.jpg"", ""https://img.sndimg.com/food/image/upload/w_555,h_416,c_fit,fl_progressive,q_95/v1/img/recipes/43/1/picocp17y.jpg"", ""https://img.sndimg.com/food/image/upload/w_555,h_416,c_fit,fl_progressive,q_95/v1/img/recipes/43/1/pic8HbW7m.jpg"")",Onions,"c(""Vegetable"", ""Free Of..."", ""< 30 Mins"", ""No Cook"", ""Easy"")","c(""1"", ""2"", ""1/2"", ""6"", ""2"", ""1/4"", NA, ""1/2"")","c(""tomatoes"", ""lowfat mozzarella cheese"", ""olive oil"", ""wine vinegar"", ""basil"", ""pepper"", ""garlic"")",5,7,237.2,19.7,5.7,24.2,238.8,5.9,1.2,3.1,10.1,6,NA,"""Mix all ingredients together and let marinate 20 minutes at room temperature."""
000432,*432*,Blue Mountain Blueberry Pie,1545,Nancy Van Ess,PT45M,PT45M,PT1H30M,1999-09-03T19:22:00Z,Make and share this Blue Mountain Blueberry Pie recipe from Food.com.,"c(""https://img.sndimg.com/food/image/upload/w_555,h_416,c_fit,fl_progressive,q_95/v1/img/recipes/43/2/pic8qm1Rn.jpg"", ""https://img.sndimg.com/food/image/upload/w_555,h_416,c_fit,fl_progressive,q_95/v1/img/recipes/43/2/picCA250P.jpg"", ""https://img.sndimg.com/food/image/upload/w_555,h_416,c_fit,fl_progressive,q_95/v1/img/recipes/43/2/picLn7OSt.jpg"", ""https://img.sndimg.com/food/image/upload/w_555,h_416,c_fit,fl_progressive,q_95/v1/img/recipes/43/2/432.jpg"", ""https://img.sndimg.com/food/image/upload/w_555,h_416,c_fit,fl_progressive,q_95/v1/img/recipes/43/2/pic7xLj6x.jpg"", 
""https://img.sndimg.com/food/image/upload/w_555,h_416,c_fit,fl_progressive,q_95/v1/img/recipes/43/2/pickgd91D.jpg"", ""https://img.sndimg.com/food/image/upload/w_555,h_416,c_fit,fl_progressive,q_95/v1/img/recipes/43/2/picXYSVYR.jpg"", ""https://img.sndimg.com/food/image/upload/w_555,h_416,c_fit,fl_progressive,q_95/v1/img/recipes/43/2/picHAIIUE.jpg"", ""https://img.sndimg.com/food/image/upload/w_555,h_416,c_fit,fl_progressive,q_95/v1/img/recipes/43/2/picO62LcY.jpg"", ""https://img.sndimg.com/food/image/upload/w_555,h_416,c_fit,fl_progressive,q_95/v1/img/recipes/43/2/piciUHzmw.jpg"", 
""https://img.sndimg.com/food/image/upload/w_555,h_416,c_fit,fl_progressive,q_95/v1/img/recipes/43/2/picfkqdPS.jpg"", ""https://img.sndimg.com/food/image/upload/w_555,h_416,c_fit,fl_progressive,q_95/v1/img/recipes/43/2/picvLCAFh.jpg"")",Pie,"c(""Dessert"", ""Berries"", ""Fruit"", ""Low Protein"", ""Low Cholesterol"", ""Healthy"", ""Weeknight"", ""Oven"", ""< 4 Hours"")","c(NA, ""4"", ""4"", ""3/4"", ""1/4"", ""1"", ""1/2"", ""1/4"", ""1/8"", ""2"")","c(""blueberries"", ""lemon juice"", ""sugar"", ""all-purpose flour"", ""lemon zest"", ""cinnamon"", ""nutmeg"", ""salt"", ""margarine"")",5,50,155.8,3.2,0.6,0,70.7,32.9,2,26.2,1,8,NA,"c(""Have an 8-inch double crust pie shell ready."", ""Sort, rinse and drain blueberries."", ""Sprinkle lemon juice over berries."", ""Combine sugar, flour, lemon peel, cinnamon,  nutmeg and salt. Toss this mixture gently with the blueberries to coat well."", ""Put  berry mixture into pie shell; dot with margarine. Place second crust on top of  pie, seal edges and cut 3 slashes in top to allow steam to escape. Bake in  preheated 450°F oven for 10 minutes."", ""Lower heat to 350°F and continue  baking 30-35 minutes more. Cool pie before slicing."", 
""NOTES : This is an old fashioned pie recipe that is juicy, fragrant and  delicious.  It is important to use the freshest blueberries you can find."")"
000434,*434*,Cherry-Pistachio Biscotti,1545,Nancy Van Ess,NA,PT1H35M,PT1H35M,1999-08-15T07:31:00Z,Make and share this Cherry-Pistachio Biscotti recipe from Food.com.,character(0),Dessert,"c(""Cookie & Brownie"", ""Fruit"", ""European"", ""Weeknight"", ""Oven"", ""< 4 Hours"")","c(""2"", ""1"", ""2"", ""1"", ""1/4"", ""3/4"", ""3"", ""1 1/4"")","c(""flour"", ""sugar"", ""lime peel"", ""baking powder"", ""butter"", ""dried tart cherry"", ""eggs"", ""pistachio nuts"")",4,2,40.4,1.6,0.5,9.5,11.4,5.6,0.3,2.8,1,NA,80 biscotti,"c(""Oven to 350 degrees."", ""Lightly grease a large cookie sheet. In a food processor,  process flour, sugar, lime peel and baking powder until blended."", ""Add butter and  cherries."", ""Pulse until cherries are coarsely chopped."", ""Spoon off and reserve 1  tablespoon of beaten eggs."", ""Add remaining eggs and pistachios and pulse until  dough is evenly moistened."", ""Turn dough out onto on a well-floured surface.(Dough  will be sticky). Divide dough in 1/4s."", ""With hands, roll each portion into a 9\""  log."", 
""Place logs crosswise 3\"" apart on prepared baking sheet. Press logs to  flatten to 2\"" wide. Brush with reserved egg."", ""Bake 25 min.  or until golden brown."", ""Let cool on sheet on a wire rack 10 min."", ""Loosen with a spatula and remove to a  cutting board."", ""Let cool 10 min.  longer."", ""Using a large heavy knife, cut each log  diagonally in 1/2\"" thick slices."", ""Arrange slices upright on clean cookie sheet  (no need to grease sheet). Bake 14-16 min."", ""longer until crisp."", ""Remove to wire  rack to cool (cookies will get even more crisp).   - - - - - - - - - - - - - - - - - -""
)"
000435,*435*,Orange Hazelnut Biscotti,1545,Nancy Van Ess,NA,PT1H30M,PT1H30M,1999-08-15T07:31:00Z,Make and share this Orange Hazelnut Biscotti recipe from Food.com.,character(0),Dessert,"c(""Cookie & Brownie"", ""Fruit"", ""Nuts"", ""Weeknight"", ""For Large Groups"", ""Oven"", ""< 4 Hours"")","c(""2 1/2"", ""1"", ""1/2"", ""1/2"", ""2"", ""1"", ""3"", ""2"", ""1"", ""1"", ""3"", ""1"")","c(""flour"", ""baking powder"", ""baking soda"", ""salt"", ""olive oil"", ""eggs"", ""sugar"", ""toasted hazelnuts"", ""bittersweet chocolate"", ""shortening"")",4.5,2,91.3,3.8,0.5,11.8,64,13,0.6,5.9,1.8,36,NA,"c(""Oven to 350 degrees."", ""Lightly grease baking sheets."", ""Combine flour, baking powder, baking soda and salt in a bowl."", ""Beat oil, orange peel, orange juice, eggs and  sugar in large bowl until smooth."", ""On low speed, beat flour mixture into orange  mixture. Add hazelnuts."", ""Divide dough in half; shape each half into 10x1 1/2\"" log on floured work surface. Place logs on prepared sheets."", ""Bake for about 30 min."", ""Cool on baking sheets on racks for 10 min."", ""Slice diagonally into 1/2\"" thick  slices."", 
""Lay slices back on baking sheets."", ""Bake 10 min."", ""Remove baking sheets from oven; turn biscotti over."", ""Bake another 10 min."", ""remove biscotti from baking  sheets to wire racks to cool."", ""Chocolate Glaze: Combine chocolate and vegetable  shortening in small saucepan."", ""Melt over low heat, stirring frequently, until  smooth."", ""Cool slightly."", ""Dip cooled biscotti into chocolate mixture. Cool on wire  rack."")"
000436,*436*,Alaskan Blueberry Pie,1545,Nancy Van Ess,NA,PT15M,PT15M,1999-09-03T19:22:00Z,Make and share this Alaskan Blueberry Pie recipe from Food.com.,character(0),Pie,"c(""Dessert"", ""Berries"", ""Fruit"", ""Low Protein"", ""< 15 Mins"", ""Stove Top"", ""Easy"")","c(""1"", ""2 1/2"", ""2/3"", ""1/2"", ""1"", ""1"", ""1"", ""2"", ""1"")","c(""sugar"", ""cornstarch"", ""water"", ""blueberries"", ""butter"", ""lemon juice"", ""lemon, rind of"", ""blueberries"")",5,6,259.5,9.1,2.8,3.8,131.1,44.4,2,29.6,1.8,8,NA,"c(""Cook the first seven ingredients until very thick."", ""Fold in the 2 cups fresh or frozen blueberries and pour into a baked pie shell."", ""Let pie cool and top with whipped cream."")"
000437,*437*,Calzones II,102135,icetea,PT10M,PT15M,PT25M,1999-08-17T06:04:00Z,Make and share this Calzones II recipe from Food.com.,character(0),European,"c(""High In..."", ""< 30 Mins"", ""Oven"", ""Easy"")","c(""1"", ""4"", ""4"", ""2"", ""4"")","c(""part-skim ricotta cheese"", ""mozzarella cheese"", ""ham"", ""ham"", ""oregano leaves"")",5,1,289.5,14.5,7.7,56.2,876,17.9,0.4,0.5,21.5,4,NA,"c(""Preheat oven to 400F and spray baking sheet with cooking spray."", ""In bowl combine first four ingredients; set aside."", ""Roll  each biscuit between 2 sheets of floured wax paper, forming  four 6-inch circles."", ""Spoon 1/4 of cheese mixture onto center of  each."", ""Moisten edges of dough slightly, then fold each circle in half over the cheese filling (the edges can be attractively crimped with the times of a fork)."", ""Bake ten minutes or until golden brown."")"
000441,*441*,Tamarillo Steak Casserole,1543,Doreen Randal,PT2H30M,PT10M,PT2H40M,1999-08-30T14:19:00Z,Make and share this Tamarillo Steak Casserole recipe from Food.com.,character(0),New Zealand,"c(""Weeknight"", ""Oven"", ""< 4 Hours"")","c(""700"", NA, NA, ""2"", ""4"", ""3"", ""3"", ""1"")","c(""flour"", ""bacon"", ""tamarillos"", ""onions"", ""potatoes"", ""butter"")",5,1,198.1,9.3,3.8,45.5,75.4,12.1,1.6,1.6,16,12,1 casserole,"c(""Toss cubes of steak in a mixture of flour and salt and pepper."", ""Place in a casserole and cover with the bacon."", ""Cover with a layer of tamarillos, a layer of onions, then a layer of potatoes."", ""Cover tightly and bake at 180 degrees Celsius (350 degrees Fahrenheit) for 2 hours."", ""About 30 minutes before the end of cooking remove the lid and dot the potatoes with butter."")"
000442,*442*,Fha Chicken Chilies Casserole,55166,peppermintkitty,PT2H,PT35M,PT2H35M,1999-08-26T03:56:00Z,Make and share this Fha Chicken Chilies Casserole recipe from Food.com.,character(0),Poultry,"c(""Meat"", ""Weeknight"", ""Oven"", ""< 4 Hours"")","c(""6"", ""10 3/4"", ""10 3/4"", NA, ""12"", ""1"", ""1"")","c(""chicken breasts"", ""milk"", ""tortillas"", ""green chilies"", ""cheddar cheese"")",NA,NA,1078.3,54.6,23.7,177.8,2165.2,81.7,4.9,5.5,62.5,6,NA,"c(""Bake chicken, wrapped in foil, at 400 degrees Fahrenheit for 1 hour."", ""Cut into bite sized  pieces."", ""Blend cream of celery soup, cream of mushroom soup and milk in a bowl."", ""Layer 1/3 of the soup mixture, half the tortillas, chicken, onion, green chilies and cheese in a 9 x l3-inch baking dish."", ""Repeat with half the remaining soup mixture, remaining tortillas, chicken,  onion, green chilies, remaining soup mixture and cheese."", ""Bake at 350 degrees Fahrenheit for  1 hour."")"
000443,*443*,Apricot Chicken Casserole,1543,Doreen Randal,PT55M,PT15M,PT1H10M,1999-08-30T14:19:00Z,Make and share this Apricot Chicken Casserole recipe from Food.com.,character(0),Chicken Thigh & Leg,"c(""Chicken"", ""Poultry"", ""Meat"", ""Weeknight"", ""Oven"", ""< 4 Hours"")","c(""12"", ""1"", ""2"", ""1"", ""2"", NA, NA)","c(""chicken drumsticks"", ""cornflour"", ""ground ginger"", ""apricot puree"", ""chives"")",NA,NA,298.9,13,3.5,118.3,880.9,14.3,1.9,5.5,29.8,6,NA,"c(""Place chicken drumsticks in a casserole dish."", ""Mix onion soup mix, cornflour and ginger into the apricot puree."", ""Season with salt and pepper."", ""Pour over the chicken."", ""Cover and bake at 180 degrees Celsius (350 degrees Fahrenheit) for 50 to- 55 minutes or until chicken is cooked."", ""To serve, sprinkle with chopped chives."")"
000444,*444*,Luscious Applesauce Bars,125579,GrandmaIsCooking,PT31M,PT1H15M,PT1H46M,1999-09-10T04:30:00Z,Make and share this Luscious Applesauce Bars recipe from Food.com.,character(0),Bar Cookie,"c(""Dessert"", ""Cookie & Brownie"", ""Weeknight"", ""Oven"", ""< 4 Hours"")","c(""1"", ""1/2"", ""1"", ""1"", ""1 1/2"", ""1"", ""1"", ""1/4"", ""1/4"", ""1"", ""2"", ""2"", ""1/4"", ""1"")","c(""brown sugar"", ""butter"", ""unsweetened applesauce"", ""egg"", ""flour"", ""baking soda"", ""cinnamon"", ""salt"", ""ground cloves"", ""ground nutmeg"", ""butter"", ""brown sugar"", ""powdered sugar"")",4,2,122.7,5.1,3.1,21.5,118.6,18.5,0.4,11.2,1.1,NA,24-36 bars,"c(""Preheat oven to 350 degrees Fahrenheit."", ""Grease and flour a 13x9-inch pan."", ""In a large bowl, cream brown sugar and butter until light and fluffy."", ""Add applesauce and egg; blend well."", ""Stir in flour, baking soda, cinnamon, salt, cloves and  nutmeg until well mixed."", ""Stir in cereal."", ""Spread mixture into prepared pan."", ""Bake for 25 to 30 minutes or until toothpick inserted in center comes out  clean."", ""Prepare glaze:"", ""Melt butter over low heat and stir in brown sugar."", ""Cook about 1  minute or until mixture bubbles, stirring constantly."", 
""Remove from heat and stir in powdered sugar."", ""While glaze is still hot, drizzle it over warm bars."", ""Cool completely; cut into squares."")"
000445,*445*,Remarkable Rhubarb Bites,1533,Dancer,PT45M,PT30M,PT1H15M,1999-09-10T04:30:00Z,Make and share this Remarkable Rhubarb Bites recipe from Food.com.,"c(""https://img.sndimg.com/food/image/upload/w_555,h_416,c_fit,fl_progressive,q_95/v1/img/recipes/44/5/OQS3z1T4eIxJX5UeEtJg_0S9A5287.jpg"", ""https://img.sndimg.com/food/image/upload/w_555,h_416,c_fit,fl_progressive,q_95/v1/img/recipes/44/5/zNJxeF3OSnqRShtWpnI7_0S9A5260.jpg"", ""https://img.sndimg.com/food/image/upload/w_555,h_416,c_fit,fl_progressive,q_95/v1/img/recipes/44/5/r2xRIxJtRYOLYTkOtfBB_0S9A5298.jpg"", ""https://img.sndimg.com/food/image/upload/w_555,h_416,c_fit,fl_progressive,q_95/v1/img/recipes/44/5/picrM2xsD.jpg""
)",Bar Cookie,"c(""Dessert"", ""Lunch/Snacks"", ""Cookie & Brownie"", ""Fruit"", ""Summer"", ""Weeknight"", ""For Large Groups"", ""Oven"", ""< 4 Hours"", ""Easy"")","c(""2"", ""1"", ""1/2"", ""1"", ""1"", ""1"", ""1/4"", ""1"", ""2"", ""1/2"", NA)","c(""rhubarb"", ""sugar"", ""shortening"", ""brown sugar"", ""egg"", ""baking soda"", ""salt"", ""cinnamon"", ""flour"", ""vanilla"", ""confectioners' sugar"")",5,32,148.4,4.6,1.1,7.8,82.9,25.9,0.5,17.4,1.4,24,NA,"c(""Preheat oven to 350°F."", ""Mix together rhubarb and 1/2 cup sugar."", ""Set aside.  Cream shortening, remaining 1/2 cup sugar and brown sugar."", ""Add egg and then  stir in baking soda, salt, cinnamon and flour."", ""Stir in vanilla, then rhubarb  mixture. Place batter in a greased and floured 13x9\"" baking pan and bake for  40-45 minutes."", ""Let cool, sprinkle with confectioners' sugar and cut into 2\"" squares."", ""Nancy {:-)."")"
000446,*446*,English Sherry Trifle,39547,Julesong,PT45M,PT55M,PT1H40M,1999-08-16T05:04:00Z,"This layered dessert is best presented in a clear glass bowl. It looks very  elegant but is so easy to prepare.  (An adopted recipe.  I have not prepared this particular version, myself, but I do love trifle.)",character(0),Dessert,"c(""European"", ""Weeknight"", ""< 4 Hours"")","c(""2"", ""1 -2"", ""2"", ""2"", ""2"", ""1"", ""5"", ""1"", ""1"", ""1"", ""2"", ""1"")","c(""sherry wine"", ""bananas"", ""fresh strawberries"", ""frozen strawberries"", ""eggs"", ""lemon juice"", ""sugar"", ""flour"", ""butter"", ""salt"")",NA,NA,5527.5,238.5,136.2,2108.3,3757.8,744.8,22.4,481.2,85.6,1,NA,"c(""Spoon approximately 1/3 of whipping cream into bottom of glass serving bowl."", ""Next, a layer of 1 cup fruit cocktail, a layer of banana, a layer of 1 cup  puried strawberries, and finally half of the sponge cubes."", ""Pour 1 cup of Sherry over cake cubes."", ""Put 1/3 whipping cream on top, and repeat with alternate layers  of fruit cocktail, banana, strawberry, and cubes with Sherry."", ""Top with remaining whipped cream, and whole berries for garnish."", ""Sponge Cake:  beat egg yolks and lemon juice until pale, add 3/4 cup sugar and beat well."", 
""In a separate bowl, beat egg whites, add salt, and 1/4 cup sugar beating until stiff."", ""Stir 1/4 of the whites into yolk mixture.  Spoon the rest carefully into yolk."", ""Sift flour on top, fold in melted butter until blended."", ""Preheat oven to 350 degrees F."", ""Pour batter into tube pan, bake 45 minutes (or until toothpick comes out clean).  Invert and cool."")"
000447,*447*,M&amp;m Super Snack Bars,60989,Bekah,PT1H15M,PT40M,PT1H55M,1999-09-10T04:23:00Z,Make and share this M&amp;m Super Snack Bars recipe from Food.com.,character(0),Bar Cookie,"c(""Dessert"", ""Lunch/Snacks"", ""Cookie & Brownie"", ""Kid Friendly"", ""Weeknight"", ""For Large Groups"", ""Oven"", ""< 4 Hours"")","c(""3/4"", ""3/4"", ""3/4"", ""1"", ""2"", ""2"", ""1"", ""1"", ""2/3"", ""3/4"", ""1"", ""1/2"", ""1/2"", ""1/3"")","c(""granulated sugar"", ""brown sugar"", ""margarine"", ""butter"", ""vanilla"", ""eggs"", ""all-purpose flour"", ""pecans"", ""quick-cooking oats"", ""baking soda"", ""baking powder"", ""salt"")",NA,NA,143,7.2,1.2,11.6,143.7,18.3,0.8,10,1.9,32,NA,"c(""Heat oven to 350 degrees Fahrenheit."", ""Mix granulated sugar, brown sugar, margarine, vanilla and eggs in large bowl until well blended."", ""Stir in flour, corn flakes, 3/4 cup of the pecans, 2/3 cup M&M candies, oats, baking soda, baking powder and salt."", ""Spread mixture in an ungreased 13x9x2 inch rectangular pan."", ""Sprinkle remaining pecans and 1/3 cup M&M candies."", ""Bake until golden brown 35 to 40 minutes; cool."", ""Cut into 2\"" x 1-1/4 inch bars."", ""High Altitude Directions (3500 to 6500) feet:"", 
""Heat oven to 375 degrees Fahrenheit."", ""Decrease granulated sugar to 2/3 cup and brown sugar to 2/3 cup."", ""Bake 30 to 35 minutes."")"
000448,*448*,Spice Scones,34879,Barefoot Beachcomber,PT6M,PT45M,PT51M,1999-09-10T04:23:00Z,Make and share this Spice Scones recipe from Food.com.,character(0),Scones,"c(""Quick Breads"", ""Breads"", ""Low Protein"", ""< 60 Mins"", ""For Large Groups"", ""Oven"")","c(""3/4"", ""1 1/2"", ""1 1/2"", ""6"", ""1/2"", ""1/4"", ""1"")","c(""all-purpose flour"", ""ginger"", ""nutmeg"", ""vegetable shortening"", ""light brown sugar"", ""molasses"", ""brandy"")",NA,NA,23.6,1.3,0.4,0,1.3,2.9,0,2.6,0,60,NA,"c(""Preheat oven to 350 degrees Fahrenheit."", ""Combine the flour, ginger, and nutmeg."", ""In a large mixing  bowl, cream vegetable shortening and brown sugar."", ""Beat in the molasses and brandy."", ""Gradually blend in the dry ingredients."", ""Drop the dough by spoonfuls 2-1/2 inches apart onto ungreased cookie sheets."", ""Bake 5 to 6 minutes until golden brown."", ""As  soon as the cookies are cool enough to handle, remove them from the baking sheet and roll up around metal cone shapes."", ""Place seam side down on wire racks to cool."", 
""Nancy {:-)."")"
000449,*449*,Fruit Loop Cookies and Orange Icing,37036,Kim D.,NA,PT55M,PT55M,1999-09-10T04:23:00Z,I adopted this recipe from Recipezaar in February 2005.  I made several changes based on the review posted by Jenna Marie.  I'm really happy with the changes I've made to the recipe.  These cookies are great with or without icing and would be perfect for a child's party.,"c(""https://img.sndimg.com/food/image/upload/w_555,h_416,c_fit,fl_progressive,q_95/v1/img/recipes/44/9/picpvZ7hx.jpg"", ""https://img.sndimg.com/food/image/upload/w_555,h_416,c_fit,fl_progressive,q_95/v1/img/recipes/44/9/picEcVRgo.jpg"")",Dessert,"c(""Cookie & Brownie"", ""< 60 Mins"", ""For Large Groups"", ""Oven"")","c(""1/2"", ""1/2"", ""1/2"", ""1/2"", ""2"", ""1"", ""1"", ""1"", ""1"", ""1"", NA)","c(""butter"", ""shortening"", ""sugar"", ""brown sugar"", ""eggs"", ""all-purpose flour"", ""confectioners' sugar"")",NA,1,103.5,5.7,2.4,18.5,27.5,12.5,0.1,9.4,0.8,36,NA,"c(""Preheat oven to 375°F."", ""Cream together butter, shortening, sugar and brown sugar."", ""Add eggs one at a time, beating well after each addition."", ""Add flour, baking powder, baking soda, salt, and orange extract; mix well."", ""Stir in Fruit Loops."", ""Drop by level tablespoonfuls onto a baking sheet or baking stone."", ""Bake for 10-12 minutes, until light golden brown."", ""Remove baking sheet from oven and allow cookie to cool on baking sheet for about 5 minutes before moving them to a wire rack to cool completely."", 
""For orange icing, combine confectioners' sugar and orange juice together in a small bowl, mixing until smooth."", ""Ice cookies and garnish with additional Fruit Loops."")"
000450,*450*,Gado Gado: Indonesian Salad,1603,Carol H,PT5M,PT40M,PT45M,1999-09-08T09:55:00Z,Make and share this Gado Gado: Indonesian Salad recipe from Food.com.,"""https://img.sndimg.com/food/image/upload/w_555,h_416,c_fit,fl_progressive,q_95/v1/img/recipes/45/0/picO08cop.jpg""",Indonesian,"c(""Asian"", ""Low Protein"", ""Low Cholesterol"", ""Healthy"", ""< 60 Mins"")","c(""8"", ""1"", ""4"", ""3 1/2"", ""3"", ""2"", ""3"", ""1/2"", ""1 2/3"")","c(""water"", ""salt"", ""green cabbage"", ""Chinese cabbage"", ""bean sprouts"", ""green beans"", ""potatoes"", ""eggs"", ""English cucumber"")",5,3,139.6,2.7,0.9,93,452.4,23.3,5.3,6.7,8.1,6,NA,"c(""Bring the water to a boil; add salt, cabbage, bean sprouts, and green beans."", ""Boil vegetables for 5 minutes; drain."", ""Boil potatoes in a separate pot until tender then peel them."", ""Cut potatoes, eggs and cucumber into slices."", ""Heat peanut sauce on low heat."", ""Arrange the green vegetables on a very large platter."", ""Cover them with the sliced potatoes, eggs and cucumbers."", ""Pour the peanut sauce over the entire platter and serve."", ""Serving Ideas : Serve with white rice and a meat dish."", 
""NOTES : The peanut sauce may be made by hand or bought."", ""We put the Gado Gado in a large casserole dish."")"
000451,*451*,Greek Lemon Potatoes,1609,Barbara Heller,PT1H15M,PT30M,PT1H45M,1999-08-23T21:00:00Z,Make and share this Greek Lemon Potatoes recipe from Food.com.,"""https://img.sndimg.com/food/image/upload/w_555,h_416,c_fit,fl_progressive,q_95/v1/img/recipes/45/1/picN3rEbF.jpg""",Potato,"c(""Vegetable"", ""Greek"", ""European"", ""Free Of..."", ""Weeknight"", ""Oven"", ""< 4 Hours"")","c(""1"", ""2"", ""1"", ""4"", ""6"", ""4"", ""2"", ""1"", ""1/2"", ""1"", NA, ""2"")","c(""potato"", ""olive oil"", ""lemon"", ""water"", ""garlic"", ""bay leaves"", ""rosemary sprigs"", ""fresh thyme"", ""dried oregano"", ""sugar"", ""parsley"")",5,15,176.3,4.7,0.7,0,11.8,31.2,4.1,1.6,3.7,6,NA,"c(""Preheat the oven to 200C/400F/Gas 6."", ""Cut the potatoes into bite sized  chunks and put them in a large ovenproof dish."", ""Add the olive oil, lemon  rind and juice, water, garlic, bay leaves, rosemary, thyme, oregano,  sugar, salt and pepper."", ""Stir well."", ""Bake the potatoes for 1-1 1/4 hours or  until they are cooked through and crispy."", ""Stir every now and then during  cooking to coat with the herby oil."", ""Finally sprinkle with the chopped  parsley."")"
000452,*452*,Pastitsio,1609,Barbara Heller,PT1H25M,PT1H10M,PT2H35M,1999-08-23T21:00:00Z,Make and share this Pastitsio recipe from Food.com.,character(0),Greek,"c(""European"", ""Weeknight"", ""Oven"", ""< 4 Hours"")","c(""1/2"", ""1/4"", ""8"", NA, ""4"", NA, ""4 -6"", ""8"", ""1"", NA, ""1"", NA, ""1 1/2"", ""1/4"", ""2"", ""1/2"", ""3/4"", ""1 1/2"", ""1/2"")","c(""butter"", ""nutmeg"", ""flour"", ""salt"", ""milk"", ""white pepper"", ""macaroni"", ""butter"", ""salt"", ""onion"", ""pepper"", ""ground beef"", ""cinnamon"", ""tomato paste"", ""red wine"", ""parmesan cheese"", ""nutmeg"")",4.5,3,604.4,34.6,17.9,196,330.9,41.3,2,2.7,27,8,NA,"c(""Preheat oven to 350°F."", ""Melt 1 oz of butter in large skillet and saute onion til soft and transparent. Add the meat, cook until browned."", ""Mix tomato paste with wine and add to meat. Continue cooking, adding nutmeg, salt, pepper, and cinnamon."", ""Cook about 15 minutes, take off heat, cool and mix in half the breadcrumbs and half the grated cheese. Set aside. Do not allow meat to \""bulk\"", keep it separated."", ""Cook the macaroni in boiling water with oil til soft. Drain and set aside. Make crema: melt butter, add flour, cook briefly stirring constantly."", 
""Gradually add milk stirring constantly until it starts to boil and thickens   slightly."", ""Add seasonings."", ""In a separate bowl, beat eggs."", ""Add about 1 cup of   the hot sauce to the eggs, stirring constantly."", ""Add the egg mixture back into   the saucepan, stirring constantly."", ""Stir in 1/4 cup cheese. To Assemble: Grease a baking dish (LIKE A LASAGNA PAN) and sprinkle it with breadcrumbs."", ""Spread half the cooked pasta over the bottom of the dish and sprinkle it with 1/4 cup reserved cheese. Spread all of the meat over the pasta."", 
""Pour half the sauce over the meat and spread the rest of the pasta over it. Sprinkle it with 2 tablespoons of cheese."", ""Pour the rest of the sauce on top and smooth with a spatula."", ""Sprinkle with the rest of the cheese and breadcrumbs and bake in the preheated oven 50-60 minutes."", ""Let stand 10 minutes before cutting into squares."")"
000454,*454*,Summer Corn and Tomato Pasta,1556,Strawberry Girl,PT23M,PT20M,PT43M,1999-08-19T05:23:00Z,Make and share this Summer Corn and Tomato Pasta recipe from Food.com.,character(0),Corn,"c(""Vegetable"", ""Low Cholesterol"", ""Healthy"", ""Summer"", ""< 60 Mins"")","c(""2"", ""5"", ""1"", ""1/2"", ""1"", ""1"", ""1"", ""4"", ""1"", ""1"", ""8"", ""1"")","c(""fresh corn kernels"", ""frozen corn kernels"", ""tomatoes"", ""black beans"", ""fresh coriander"", ""basil"", ""extra virgin olive oil"", ""garlic clove"", ""green onions"", ""salt"", ""pepper"", ""penne"", ""feta cheese"")",4.5,3,324.6,9.4,4.4,22.2,682.9,52.1,9.3,7.1,11.7,6,10 side dish servings,"c(""In large bowl, stir together corn, tomatoes, beans, coriander, olive oil, garlic, jalapeno, green onions, salt and pepper."", ""Let stand at room temperature for 15 minutes or for up to 2 hours."", ""In large pot of boiling water, cook pasta for 8 minutes or until tender but firm; drain and return to pot."", ""Add tomato mixture; stir over medium heat just until heated through."", ""Serve sprinkled with feta."", ""Make ahead:"", ""To serve cold, rinse hot pasta  under cold water and add to tomato mixture; cover and refrigerate for up to 1  day.""
)"
000456,*456*,Lentil Dal,1556,Strawberry Girl,PT38M,PT5M,PT43M,1999-08-19T05:23:00Z,Make and share this Lentil Dal recipe from Food.com.,"c(""https://img.sndimg.com/food/image/upload/w_555,h_416,c_fit,fl_progressive,q_95/v1/img/recipes/45/6/HxmFGfnR2Oa4xFPowyNB_IMG_20170410_134917.jpg"", ""https://img.sndimg.com/food/image/upload/w_555,h_416,c_fit,fl_progressive,q_95/v1/img/recipes/45/6/01490295238.jpeg"", ""https://img.sndimg.com/food/image/upload/w_555,h_416,c_fit,fl_progressive,q_95/v1/img/recipes/45/6/picXEjtMG.jpg"", ""https://img.sndimg.com/food/image/upload/w_555,h_416,c_fit,fl_progressive,q_95/v1/img/recipes/45/6/pic6lzdKn.jpg"", ""https://img.sndimg.com/food/image/upload/w_555,h_416,c_fit,fl_progressive,q_95/v1/img/recipes/45/6/456.jpeg""
)",Lentil,"c(""Cauliflower"", ""Beans"", ""Vegetable"", ""Asian"", ""Indian"", ""Low Cholesterol"", ""Healthy"", ""Free Of..."", ""< 60 Mins"")","c(""1"", ""1"", ""1"", ""1"", ""1"", ""1/2"", ""4"", ""2"", ""2"", ""2 1/2"", ""1"", ""2"", ""1"", ""3/4"", ""6"")","c(""olive oil"", ""onion"", ""fresh ginger"", ""cumin seed"", ""turmeric"", ""garlic cloves"", ""cauliflower florets"", ""tomatoes"", ""water"", ""dried lentils"", ""fresh lime juice"", ""fresh cilantro"", ""salt"", ""cooked basmati rice"", ""long grain rice"")",4.5,46,376.4,3.4,0.6,0,313.3,72,12.5,4.3,14.3,6,NA,"c(""Heat olive oil in large saucepan over medium-high heat."", ""Add onion, ginger, cumin, turmeric, red peppers, and garlic."", ""Saute 2 minutes."", ""Add cauliflower and tomatoes; saute 1 minute."", ""Stir in water and lentils; bring to a boil."", ""Cover, reduce heat, and simmer 35 minutes or until lentils are tender."", ""Stir in lime  juice, cilantro, and salt."", ""Serve 1 cup lentil mixture with 1 cup rice."")"
000457,*457*,Macadamia Nut Lemon Squares,49163,Ann Marie F,PT43M,PT1H,PT1H43M,1999-09-10T04:27:00Z,Make and share this Macadamia Nut Lemon Squares recipe from Food.com.,character(0),Bar Cookie,"c(""Dessert"", ""Cookie & Brownie"", ""Fruit"", ""Nuts"", ""Weeknight"", ""Oven"", ""< 4 Hours"")","c(""1"", ""1/3"", ""2"", ""1"", ""1/4"", ""1"", ""1"", ""3/4"", ""3/4"", ""1 1/2"", ""1"")","c(""flour"", ""butter"", ""margarine"", ""eggs"", ""brown sugar"", ""baking powder"", ""vanilla"", ""granola-type cereal"", ""powdered sugar"", ""lemon juice"", ""lemon, rind of"")",NA,NA,234.6,12.2,3.9,33.4,54.3,29.5,1.5,20.5,3.2,NA,16 squares,"c(""Combine flour and butter and mix until crumbly."", ""Press into greased 8-inch square pan."", ""Bake at 350 degrees F for 16 minutes."", ""In a mixing bowl combine eggs, brown sugar, baking powder and vanilla; beat with an electric mixer for 2 minutes."", ""Stir in 3/4 cup macadamia nuts and cereal."", ""Pour over hot crust and spread evenly."", ""Return to oven and bake 25 minutes or until firm in center when touched."", ""Remove from oven and partially cool."", ""Combine powdered sugar, lemon juice and lemon peel; beat well."", 
""Spread over macadamia nut crust. Sprinkle with the remaining 1/4 cup macadamia nuts."", ""Cool."", ""Cut into 2-inch squares."", ""Recipe courtesy of Macadamia Nut Festival, Hilo, Big Island HI."")"
000458,*458*,Basic Crepes II,1601,Gilcat2,PT1H,PT5M,PT1H5M,1999-09-15T06:34:00Z,Make and share this Basic Crepes II recipe from Food.com.,"""https://img.sndimg.com/food/image/upload/w_555,h_416,c_fit,fl_progressive,q_95/v1/img/recipes/45/8/picSkQTnf.jpg""",Breakfast,"c(""Dessert"", ""< 4 Hours"", ""Easy"")","c(""2"", ""1"", ""1 1/4"", ""2"", ""1/8"")","c(""eggs"", ""flour"", ""milk"", ""butter"", ""salt"")",5,1,100.1,4.5,2.5,52.7,74.6,11,0.3,0.1,3.6,10,NA,"c(""Combine all ingredients in a blender."", ""Whirl one minute; scrape down and blend 15 seconds more."", ""Refrigerate at least one hour before making crepes."", ""Heat a lightly greased 6 inch skillet; remove from heat."", ""Spoon in 2 Tbsp batter; lift and tilt skillet to spread evenly."", ""Return to heat; brown on one side only."", ""To remove, invert pan over paper toweling."", ""Repeat with remaining batter."")"
000459,*459*,Basic Crepes,1601,Gilcat2,PT1H,PT5M,PT1H5M,1999-09-15T06:34:00Z,Make and share this Basic Crepes recipe from Food.com.,character(0),Breakfast,"c(""Dessert"", ""< 15 Mins"", ""Easy"")","c(""1 1/4"", ""3"", ""2"", ""1 1/2"", ""1"")","c(""flour"", ""eggs"", ""butter"", ""milk"", ""salt"")",4,2,102.3,4.4,2.3,62.2,59.3,11.4,0.3,0.1,3.9,12,NA,"c(""Place all ingredients in blender container."", ""Blend."", ""Let stand at least one hour before  making crepes."", ""Heat a lightly greased 6 inch skillet; remove from heat."", ""Spoon in 2 Tbsp batter; lift and tilt skillet to spread evenly."", ""Return to heat; brown on one side only."", ""To remove, invert pan over paper toweling."", ""Repeat with remaining batter."")"
000460,*460*,Mississippi Mud Pie,1610,B  B Adams,PT30M,PT45M,PT1H15M,1999-08-24T04:55:00Z,Make and share this Mississippi Mud Pie recipe from Food.com.,"c(""https://img.sndimg.com/food/image/upload/w_555,h_416,c_fit,fl_progressive,q_95/v1/img/recipes/46/0/pic2hRNAO.jpg"", ""https://img.sndimg.com/food/image/upload/w_555,h_416,c_fit,fl_progressive,q_95/v1/img/recipes/46/0/teE5XsANTfWgXKPoZJx4_E20C5448-EEDD-4BE7-8C02-47847A974985.jpeg"")",Pie,"c(""Dessert"", ""Kid Friendly"", ""Weeknight"", ""Oven"", ""< 4 Hours"")","c(""1 1/2"", ""2"", ""2"", ""1"", ""1"", ""12"", ""1"", ""1"", ""5 1/2"", NA)","c(""margarine"", ""flour"", ""confectioners' sugar"", ""Cool Whip"", ""cream cheese"", ""instant chocolate pudding mix"", ""instant vanilla pudding"", ""milk"", ""chocolate"")",4,7,1357.2,84,31,70.3,1341.3,139,4.7,94.2,18.6,8,NA,"c(""Mix margarine, flour and nuts; pat into a 13 x 9 inch pan."", ""Bake at 350 degrees Fahrenheit for 20 to 30 minutes until lightly browned."", ""First Layer:"", ""Mix confectioners sugar, Cool Whip, and cream cheese until smooth."", ""Spread over cooled crust."", ""Second Layer:"", ""Beat instant chocolate pudding, instant vanilla pudding, and milk until thickened."", ""Careful spread over first layer."", ""Cool until set in refrigerator."", ""Top with remaining Cool Whip."", ""Sprinkle shaved Chocolate on top for decoration."", 
""Refrigerate or freeze for up to two months."")"
000461,*461*,Couscous Cakes With Tomato-Garlic Ragout,1556,Strawberry Girl,PT1H6M,PT55M,PT2H1M,1999-09-04T05:55:00Z,Make and share this Couscous Cakes With Tomato-Garlic Ragout recipe from Food.com.,character(0),Healthy,"c(""Weeknight"", ""< 4 Hours"")","c(""3"", ""1"", NA, ""1 2/3"", ""3"", ""1/2"", ""1/2"", ""1/4"", ""1"", ""1"", ""3 -4"", ""10"", ""1/2"", ""1/4"", NA, NA, ""1"")","c(""water"", ""salt"", ""black pepper"", ""couscous"", ""eggs"", ""unbleached white flour"", ""parsley"", ""blue cheese"", ""olive oil"", ""onion"", ""garlic cloves"", ""plum tomatoes"", ""white wine"", ""water"", ""salt"", ""black pepper"", ""olive oil"")",4,2,363.4,9.2,2.6,97.2,520.8,53.3,4.6,4.2,13,6,NA,"c(""Put the water into a saucepan over high heat."", ""When the water comes to a boil, add the salt, pepper, and couscous."", ""Remove the pan from the heat, cover it, and  let it sit undisturbed for 5 minutes."", ""Fluff the couscous by lightly running a  fork or whisk back and forth in the pan, starting with the top layer and  gradually working your way down."", ""In a large bowl, whisk the eggs; slowly whisk in the flour."", ""With a spoon, stir in the parsley and the blue cheese."", ""Add the couscous and chill the batter for 30 minutes."", 
""SAUCE:"", ""In a medium saucepan, heat 1 Tbsp olive oil; add the onion."", ""Sauté over medium heat for 5 minutes, stirring occasionally."", ""Add the garlic and sauté for 5 minutes more."", ""Add the tomatoes, white wine, and water."", ""Let the ragout simmer for 10 to 15 minutes, until it has the consistency of a thick sauce."", ""Season it with salt and pepper and keep it warm."", ""When the couscous mixture has cooled, heat a large skillet with 1 Tbsp olive oil over medium-high heat."", ""When the oil is hot, drop couscous batter onto the  skillet to form 3-inch cakes."", 
""Sear them on one side for about 3 minutes, or  until the undersides are golden brown."", ""Flip them with a spatula and sear them on the other side, for about 3 minutes."", ""Remove the cakes to a plate and add more batter to the pan."", ""Continue making cakes until all the couscous batter is used."", ""You should have 3 cakes per person."", ""Serve the cakes hot on top of the warmed tomato-garlic ragout."")"
000462,*462*,Galaktoboureko - Greek Custard Pastry,1544,tranch,PT55M,PT55M,PT1H50M,1999-09-07T12:56:00Z,Make and share this Galaktoboureko - Greek Custard Pastry recipe from Food.com.,character(0),Dessert,"c(""Greek"", ""European"", ""Healthy"", ""Weeknight"", ""Oven"", ""< 4 Hours"")","c(""1"", ""2"", ""6"", ""6"", ""1/2"", ""1"", ""1"", ""6"", ""12"", ""1 1/2"", ""1"")","c(""phyllo dough"", ""milk"", ""sugar"", ""fine semolina"", ""butter"", ""vanilla extract"", ""salt"", ""eggs"", ""sugar"", ""water"", ""lemon juice"", ""lemon peel"")",NA,NA,582.9,18.5,9.7,149.7,408.2,92.2,1.5,51.2,12.4,10,NA,"c(""In a saucepan over medium heat add milk, sugar, semolina, 2 ounces  butter, vanilla, salt and a sliver of lemon peel."", ""Bring to a boil, whisking  constantly, until mixture thickens remove from heat and allow to cool  slightly."", ""Beat eggs in a separate bowl then stir into milk mixture. Set  aside. Preheat oven to 350 degrees."", ""Line a 9 X 13 buttered baking pan with half the sheets of phyllo,  brushing each sheet with the melted butter and allowing the edges to overlap  the sides."", ""Spread custard evenly over phyllo."", 
""Cover with remaining sheets of  phyllo, brushing each sheet with the melted butter."", ""Trim the edges and fold  in carefully to seal the filling."", ""Brush the top with melted butter and seal  edges with a bit of cold water."", ""Bake 45 minutes or until golden."", ""Meanwhile make the syrup;  In a small saucepan combine the sugar, water, lemon juice and sliver of  lemon peel and boil for 10 minutes."", ""When Galaktoboureko is done and still hot from the oven, spoon syrup over  a little at a time until absorbed by the pastry."", 
""Cool completely, cut into  diamond shape and serve."", ""NOTES : This is best made the day before it is needed.  It gives the  pastry time to absorb the syrup and the filling to become firm."")"
000463,*463*,Cappuccino Coffee Mix,1737,Teddi2,NA,PT20M,PT20M,1999-08-30T14:00:00Z,Make and share this Cappuccino Coffee Mix recipe from Food.com.,"c(""https://img.sndimg.com/food/image/upload/w_555,h_416,c_fit,fl_progressive,q_95/v1/img/recipes/46/3/pic9QKdVo.jpg"", ""https://img.sndimg.com/food/image/upload/w_555,h_416,c_fit,fl_progressive,q_95/v1/img/recipes/46/3/picbxyrW1.jpg"", ""https://img.sndimg.com/food/image/upload/w_555,h_416,c_fit,fl_progressive,q_95/v1/img/recipes/46/3/pic2K3Xdb.jpg"")",Beverages,"c(""< 30 Mins"", ""For Large Groups"", ""Easy"")","c(""1/2"", ""1/2"", ""1"", ""1/4"", ""1/2"")","c(""instant coffee granules"", ""granulated sugar"", ""cinnamon"")",4.5,7,54.3,2.2,2,0,12.4,8,0.1,6.8,0.7,15,NA,"c(""Finely grind coffee and orange peel in a blender or food processor."", ""Add remaining ingredients and process until well blended."", ""Store in an airtight container."", ""To serve: Stir 2 or more teaspoons of coffee mix into 6 ounce hot water."")"
000464,*464*,Frosty Latte Smoothie,1737,Teddi2,NA,PT15M,PT15M,1999-08-30T13:58:00Z,Make and share this Frosty Latte Smoothie recipe from Food.com.,character(0),Smoothies,"c(""Beverages"", ""Low Protein"", ""Low Cholesterol"", ""Healthy"", ""< 15 Mins"", ""Easy"")","c(""2"", ""1"", ""1/4"", ""2"")","c(""brewed coffee"", ""2% low-fat milk"", ""skim milk"", ""honey"")",4.5,8,96.1,1.2,0.8,4.9,30.6,20.3,0,20.5,2.2,4,NA,"c(""In a large pitcher, whisk together coffee, milk and honey until thoroughly  combined and honey is dissolved; chill."", ""Just before serving; blend coffee  mixture with ice in blender until frothy and smooth."")"
000465,*465*,Whipped Cappuccino,1737,Teddi2,NA,PT25M,PT25M,1999-08-30T13:58:00Z,Make and share this Whipped Cappuccino recipe from Food.com.,"""https://img.sndimg.com/food/image/upload/w_555,h_416,c_fit,fl_progressive,q_95/v1/img/recipes/46/5/piccGCeUO.jpg""",Beverages,"c(""Low Protein"", ""Low Cholesterol"", ""Healthy"", ""< 30 Mins"", ""Easy"")","c(""2"", ""1/2"", ""1/2"", ""2"")","c(""instant espresso powder"", ""water"")",5,1,252.8,6.7,4.2,26,107.2,42.9,0,41.6,6.4,2,2 tall,"c(""Dissolve espresso powder in hot water."", ""Allow to cool to room temperature. (The  quickest way is to mix the ingredients in a small metal bowl and swirl.)"", ""Combine cooled espresso mixture, sweetened condensed milk and ice in a blender."", ""Blend on high for one minute until no visible chunks of ice are left."", ""Serve with a spoon and a straw."", ""Makes 2 tall or 4 short drinks."")"
000466,*466*,Spanakopita,1544,tranch,NA,PT1H30M,PT1H30M,1999-09-07T12:56:00Z,Make and share this Spanakopita recipe from Food.com.,character(0),Vegetable,"c(""Greek"", ""European"", ""Weeknight"", ""Oven"", ""< 4 Hours"")","c(""3"", NA, ""1"", ""1"", ""1/2"", ""1/2"", ""1/2"", NA, ""1/2"", ""5"", ""3/4"", NA, ""1/2"")","c(""spinach"", ""salt"", ""butter"", ""onion"", ""scallion"", ""dill"", ""parsley"", ""evaporated milk"", ""eggs"", ""phyllo pastry"", ""butter"", ""feta cheese"")",5,1,695,48.9,28.4,297.4,1180.2,44.9,6.7,4,23.4,6,NA,"c(""Wash spinach in plenty of water and cut in small pieces; place in bowl."", ""Salt lightly; stir to spread salt evenly."", ""Take spinach, a handful at a time; squeeze out the excess water; place it in another bowl."", ""Saute the onion  in half the butter until it is a light, golden color."", ""Add the scallions and cook until they wilt."", ""Add spinach; stir until all vegetables take on a light  color."", ""Stir in the dill, parsley, salt and pepper."", ""Cover the pot and cook until all the water from the spinach is absorbed."", 
""Remove from the  heat; turn into a bowl, and immediately add the evaporated milk (to cool the spinach)."", ""Beat the eggs in another bowl and add the cheese to them; add to the cooled spinach; mix well."", ""Line a pan with 8 sheets of phyllo dough, brushing each sheet with the  melted butter before topping it with the next sheet. Do not trim the  overhanging sections."", ""Pour in the spinach mixture, spreading it evenly over the phyllo."", ""Fold the part of the phyllo that extends out of the back of the pan over the filling."", 
""Lay the remaining phyllo on top, again brushing each sheet with melted butter before adding the next. Trim the overlap."", ""Brush additional melted butter on top of the pie."", ""Score it into square or diamond-shaped serving pieces."", ""Bake for 30 to 45 minutes in a preheated 300 degree Fahrenheit oven."", ""Let stand for 30 minutes before serving."", ""NOTE: This can also be made without precooking the spinach. In that case, squeeze the spinach free of as much water as possible, mix it with the seasonings, and proceed as above, baking it for 1 hour.""
)"
000467,*467*,Dublin Coddle II,2178,troyh,PT1H5M,PT25M,PT1H30M,1999-08-28T03:21:00Z,Make and share this Dublin Coddle II recipe from Food.com.,character(0),Pork,"c(""Meat"", ""European"", ""Weeknight"", ""Broil/Grill"", ""Oven"", ""Stove Top"", ""< 4 Hours"")","c(""1 1/2"", ""1 1/2"", ""1"", ""2"", ""2"", ""4"", NA)","c(""pork sausage"", ""smoked ham"", ""boiling water"", ""yellow onions"", ""potatoes"", ""parsley"")",3.5,3,536.2,32.6,10.8,119.9,2023.5,24.9,3.1,2.5,35.2,8,NA,"c(""Place sausage and ham in boiling water and cook for 5 minutes."", ""Drain meat, but reserve the liquid."", ""Put meat into a large saucepan along  with the onions, potatoes and parsley."", ""Add enough of the reserved liquid  to almost, but not quite cover the contents of the saucepan."", ""Cover and  simmer gently for 1 hour, or until the liquid is reduced by half and all  the ingredients are cooked through but not soggy."", ""Season with salt and  pepper."")"
000468,*468*,Maple Salmon,1554,Jacques Lorrain,PT2H14M,PT10M,PT2H24M,1999-08-17T04:07:00Z,"Serve wilted  spinach, roasted new potatoes and a glass of stout or full bodied Chardonnay,  like Cave Spring or Penfold's Koonunga Hill.","c(""https://img.sndimg.com/food/image/upload/w_555,h_416,c_fit,fl_progressive,q_95/v1/img/recipes/46/8/01456202607.jpeg"", ""https://img.sndimg.com/food/image/upload/w_555,h_416,c_fit,fl_progressive,q_95/v1/img/recipes/46/8/picuvUzSq.jpg"", ""https://img.sndimg.com/food/image/upload/w_555,h_416,c_fit,fl_progressive,q_95/v1/img/recipes/46/8/picReLNYv.jpg"", ""https://img.sndimg.com/food/image/upload/w_555,h_416,c_fit,fl_progressive,q_95/v1/img/recipes/46/8/picBTqVoy.jpg"", ""https://img.sndimg.com/food/image/upload/w_555,h_416,c_fit,fl_progressive,q_95/v1/img/recipes/46/8/picTZyFJH.jpg""
)",High Protein,"c(""Healthy"", ""Free Of..."", ""High In..."", ""Weeknight"", ""< 4 Hours"", ""Easy"")","c(""2"", ""1/3"", ""1/4"", NA)","c(""salmon fillets"", ""maple syrup"", ""soy sauce"", ""sesame seeds"")",5,68,561.8,14.1,2.6,146.3,2255.8,37.2,0.3,32.3,69,2,NA,"c(""Marinate the 2 salmon fillets in mixture of 1/3 cup maple syrup and 1/4 cup of soy sauce for at least 2 hours in the refrigerator."", ""Remove from refrigerator,  spoon out marinade into a saucepan and reduce over medium-low heat until you're left with about half the original volume (about 10 minutes)."", ""Broil the fillets in a lightly oiled pan for about four minutes, skin side up."", ""Flip the fillets over and brush the flesh side liberally with the reduced marinade."", ""Sprinkle  sesame seeds over top and broil for another 4 minutes or until the surface is  caramelized and the salmon is no longer translucent in the centre.""
)"
000469,*469*,Irish Dark Soda Bread,1612,JANIC412,PT45M,PT15M,PT1H,1999-08-28T02:41:00Z,Make and share this Irish Dark Soda Bread recipe from Food.com.,"""https://img.sndimg.com/food/image/upload/w_555,h_416,c_fit,fl_progressive,q_95/v1/img/recipes/46/9/picxDWQwQ.jpg""",Quick Breads,"c(""Breads"", ""European"", ""Low Cholesterol"", ""Healthy"", ""St. Patrick's Day"", ""< 60 Mins"", ""For Large Groups"", ""Oven"", ""Easy"")","c(""3"", ""2"", ""2"", ""1"", ""2"", ""2 1/2"")","c(""all-purpose flour"", ""whole wheat flour"", ""baking soda"", ""baking powder"", ""brown sugar"", ""buttermilk"")",5,7,158.4,0.8,0.3,1.5,267.5,32.5,2.5,3.6,5.7,16,2 loaves,"c(""Preheat oven to 400 degrees Fahrenheit."", ""Grease two loaf pans."", ""Sift all-purpose flour, whole wheat flour, baking soda and baking powder together into a large bowl."", ""Add brown sugar and stir well to incorporate, being very careful to break up any lumps of brown sugar."", ""Add buttermilk and stir well."", ""Divide the dough between the two prepared loaf pans."", ""Bake for about 45 minutes or until brown and crunchy."", ""Cool on wire racks."")"
000470,*470*,Fire Ant Mound,1571,Linda Johansen,NA,PT40M,PT40M,1999-08-10T07:00:00Z,Make and share this Fire Ant Mound recipe from Food.com.,character(0),Dessert,"c(""Kid Friendly"", ""Halloween"", ""< 60 Mins"")","c(""1"", ""1"", ""1/2"", ""2"", ""1"", ""2"", ""2"", ""1"")","c(""confectioners' sugar"", ""butter"", ""instant vanilla pudding"", ""extra thick Cool Whip topping"", ""milk"", ""cream cheese"", ""vanilla extract"")",NA,NA,7761.9,504.5,269.8,1281,7961.6,754.9,16.5,533.9,88.5,1,NA,"c(""Crush cookies in blender."", ""Place layer on bottom of large bowl."", ""Combine butter,  Cool Whip, cream cheese and confectioners sugar."", ""Place layer over cookie layer."", ""Combine pudding, milk and vanilla."", ""Add layer over first mixture. Alternate  layers of mixture while building dirt layer along sides of bowl."", ""Save sufficient  \""dirt\"" for top layer."", ""Chill for at least one hour."")"
000471,*471*,Seared Salmon with Horseradish Tomato Vinaigrette,1554,Jacques Lorrain,PT9M,PT1H10M,PT1H19M,1999-08-17T04:07:00Z,Make and share this Seared Salmon with Horseradish Tomato Vinaigrette recipe from Food.com.,character(0),Summer,"c(""Weeknight"", ""< 4 Hours"", ""Easy"")","c(""6"", NA, ""6"", ""2"", ""2"", ""1"", ""3"", ""3"", ""1/2"", ""1/4"", ""1/2"", ""1 1/2"", ""1 1/2"", ""2"", ""3"", ""1"", ""1"", ""1/4"", ""1/4"", ""1/2"")","c(""salmon fillets"", ""canola oil"", ""butter"", ""rosemary"", ""tarragon"", ""thyme"", ""salt"", ""black pepper"", ""white wine"", ""honey"", ""roma tomatoes"", ""tomato paste"", ""Dijon mustard"", ""black peppercorns"", ""tarragon"", ""extra virgin olive oil"")",4,3,797.3,38.2,8,156.5,823.9,36.2,3.1,9.4,71.3,6,NA,"c(""Season the salmon fillets with salt and pepper."", ""Heat oil in a saute pan."", ""Sear   salmon on both sides for 1 to 2 minutes until golden brown."", ""Fish should still be raw in the center."", ""Combine the horseradish, bread crumbs, butter, rosemary,  tarragon, thyme. salt and pepper."", ""Add the white wine and mix to paste.  Spread  the top of the salmon with equal amounts of the bread crumbs."", ""Place fillets on  an oiled sheet tray."", ""Place tray in a preheated 375-degree oven."", ""Bake for 5 to  7 minutes until the fish is cooked through and the crust is golden brown."", 
""Serve with horseradish-tomato vinaigrette. (HORSERADISH-TOMATO VINAIGRETTE): Combine horseradish, honey, vinegar, tomatoes, tomato paste,  Dijon mustard, black peppercorns and tarragon in a blender."", ""Blend until smooth."", ""While blender is running add oil in a thin steady stream  until well mixed and thick."", ""Cover and leave at room temperature.  Makes 9 oz."")"
000472,*472*,Apricot Chicken With Pasta,1543,Doreen Randal,PT18M,PT30M,PT48M,1999-08-30T14:19:00Z,Make and share this Apricot Chicken With Pasta recipe from Food.com.,character(0),Chicken Breast,"c(""Chicken"", ""Poultry"", ""Meat"", ""Healthy"", ""< 60 Mins"")","c(""1"", ""2"", ""1"", ""2"", ""1"", ""2"", ""1"", ""1"", NA, NA, ""400"")","c(""onion"", ""garlic cloves"", ""chicken breasts"", ""apricots"", ""malt vinegar"", ""ginger"", ""cayenne pepper"", ""salt"", ""black pepper"", ""fettuccine"")",3.5,2,1213.5,30,7.2,260.8,138.7,173.5,11.8,25.9,62.3,2,NA,"c(""Peel onion and chop finely."", ""Crush, peel and chop garlic."", ""Heat oil in a saucepan and saute onion and garlic for 5 minutes  or until onion is transparent."", ""Cut chicken breasts into thin strips."", ""Add chicken strips to pan and stir fry 2 or 3 minutes, or until chicken is cooked."", ""Drain apricots, leaving about 2 Tbsp of the juice."", ""Puree apricots in a food processor or blender."", ""Add malt vinegar, ginger, cayenne pepper,  salt and pepper."", ""Mix to combine; pour into the saucepan."", 
""Bring mixture to the boil."", ""Cook fettucine in boiling salted water for 8 to 10 minutes, or until  tender."", ""Drain."", ""Serve chicken over pasta."")"
000473,*473*,Luscious Apricot Squares,11297,Jen T,PT1H5M,PT1H10M,PT2H15M,1999-09-10T04:30:00Z,"I adopted this recipe late 2005 and finally made it in February 2006.  I haven't changed a thing as it is great the way it is written. 
This slice has a shortcake like base with a cake-like apricot caramel top.  Goes well with a dollop of whipped cream on top for a treat or dessert or leave plain and enjoy. :)",character(0),Bar Cookie,"c(""Dessert"", ""Cookie & Brownie"", ""Weeknight"", ""Oven"", ""< 4 Hours"")","c(""2/3"", ""1 1/3"", ""1/2"", ""1/4"", ""1"", ""2"", ""1/2"", ""1/2"", ""1/2"", ""1/4"", NA)","c(""all-purpose flour"", ""butter"", ""margarine"", ""sugar"", ""light brown sugar"", ""eggs"", ""walnuts"", ""baking powder"", ""vanilla"", ""salt"", ""confectioners' sugar"")",5,2,199.5,8.9,4.1,38.5,111.9,28.6,0.9,19.5,2.7,NA,16 squares,"c(""In covered small saucepan over low heat, in enough water to cover, cook apricots 15 minutes."", ""Drain apricots; finely chop."", ""Preheat oven to 350 degrees Fahrenheit."", ""Grease an 8 x 8 inch pan."", ""Into large bowl, measure 1 cup flour, butter or margarine and sugar."", ""With mixer at medium speed, beat ingredients until well mixed and crumbly."", ""Pat evenly into pan."", ""Bake 25 minutes or until golden brown."", ""Meanwhile, in the same bowl, measure 1/3 cup flour, eggs, apricots, brown sugar, walnuts, baking powder, vanilla, and salt."", 
""Beat at medium speed until well mixed, occasionally scraping bowl with a rubber spatula."", ""Pour mixture over baked layer and return to oven."", ""Bake 25 minutes longer until golden."", ""Cool in pan."", ""Cut into squares."", ""Sprinkle with confectioner's sugar."")"
000475,*475*,Drop Scones,1556,Strawberry Girl,NA,PT20M,PT20M,1999-08-12T06:24:00Z,Make and share this Drop Scones recipe from Food.com.,character(0),Scones,"c(""Quick Breads"", ""Breads"", ""Breakfast"", ""Healthy"", ""< 30 Mins"")","c(""2"", NA, ""6"", ""1"", ""1/2"", ""1/2"")","c(""eggs"", ""milk"", ""flour"", ""sugar"", ""baking soda"", ""cream of tartar"")",2,1,370.3,10.4,3.2,423,771,50.1,1.3,13.5,17.4,NA,1 batch,"c(""Whip eggs and milk together."", ""Add flour, sugar, baking soda, and cream of tartar."", ""Grease a griddle or frying  pan."", ""Drop on 1 tablespoon of the mixture."", ""Brown."")"
000476,*476*,English Trifle,39547,Julesong,PT17M,PT40M,PT57M,1999-08-16T05:04:00Z,"I love trifle, and here's a slightly different version.  Once you've made and enjoyed trifle, there's a good chance you'll want to get a pretty trifle bowl just to make this attractive dessert!  A recipe adoption.",character(0),Dessert,"c(""Fruit"", ""European"", ""< 60 Mins"")","c(""1/3"", ""3"", ""2"", ""2"", ""1"", ""1"", NA, ""1/3"", ""1/3"", ""1/4"", NA, NA, ""1"")","c(""sugar"", ""cornstarch"", ""eggs"", ""low-fat milk"", ""real vanilla extract"", ""ladyfinger"", ""sherry wine"", ""raspberries"", ""strawberry syrup"", ""fresh raspberry"", ""strawberry"", ""heavy cream"")",5,3,347.8,20.5,12,173.2,206.1,33.8,0.3,11.7,6.4,NA,1 trifle,"c(""In batter bowl, combine sugar and cornstarch, then whisk in the eggs and milk."", ""Microwave on 2 minutes, then whisk well."", ""Microwave another 3-5 minutes, or until thickened."", ""Stir in the vanilla."", ""Lay plastic wrap directly over the pudding (this keeps a \""skin\"" from forming on the top) then set aside to stand 5-10 minutes."", ""In the meantime, slice the cake into 1/2x1x3-inch \""fingers\"" and make little jam sandwiches with the slices."", ""Arrange the slices in a single layer in the bottom and sides of trifle dish or other deep bowl."", 
""Drizzle with half of the sherry (or orange juice), and the raspberry syrup, if using."", ""Layer with half of the pudding, sliced fruit, and whipped cream."", ""Add another layer of the remaining jam fingers on top of the pudding and fruit, drizzle with remaining sherry, then remaining pudding and fruit, ending with the remaining whipped cream, then top with the almonds."", ""Cover with plastic wrap and allow to stand in refrigerator several hours, or overnight."")"
000478,*478*,Forepaughs English Trifle,39547,Julesong,PT45M,PT2H20M,PT3H5M,1999-08-16T05:04:00Z,"This recipe from Forepaughs restaurant in St. Paul, Minnesota, a layered cake-and-berry specialty in its tall glass bowl, is a holiday show stopper.  Prep time is approximate and includes chilling.  (This is an adopted recipe.  I have not prepared this particular version of trifle.)",character(0),Dessert,"c(""European"", ""Low Protein"", ""Weeknight"", ""< 4 Hours"")","c(""8"", ""1/2"", ""3"", ""2 1/2"", ""2"", ""1"", ""2"", ""3"", ""1"", ""1"", ""1/4"", ""1"", ""1/2"", ""2"", ""1"")","c(""sugar"", ""cornstarch"", ""milk"", ""butter"", ""vanilla"", ""red raspberries"", ""sugar"", ""dry sherry"", ""frozen strawberries"", ""sugar"")",5,3,874.5,41.2,21.2,310,197.7,116,23.5,67.5,13.6,NA,NA,"c(""For pastry cream, in a large, heavy saucepan, combine egg yolks, 1/2 cup sugar and cornstarch until smooth."", ""Add milk and cook and stir just until mixture comes to boiling; remove from the heat."", ""Stir in butter and vanilla."", ""Cool, cover and chill the mixture for about 2 hours."", ""Fold in the whipped cream."", ""For raspberry sauce, in a  4- to 5-quart Dutch oven, heat raspberries over low heat until thawed; stir in sugar."", ""Cook, uncovered, over medium-low heat for 40 minutes or until thickened to consistency of egg whites."", 
""Cool for about 30 minutes; sieve to remove seeds."", ""Cut the sponge cake into 1-1/2-inch pieces."", ""Begin layering the trifle by arranging half of the cake pieces in the bottom of a clear 3-quart glass bowl."", ""Sprinkle half of the sherry over cake."", ""Spoon 1 package of strawberries over cake to cover."", ""Repeat layers."", ""Cover and chill for up to 24  hours."", ""Beat the 1 cup whipping cream with the 1 tablespoon sugar until stiff peaks form."", ""Serve the trifle topped with the raspberry sauce, sweetened whipped cream and almonds."", 
""Note: if you like, layer ingredients in individual dessert dishes."")"
000479,*479*,Best 7-Up Pound Cake,1567,elly9812,PT1H30M,PT40M,PT2H10M,1999-08-13T13:15:00Z,Make and share this Best 7-Up Pound Cake recipe from Food.com.,"""https://img.sndimg.com/food/image/upload/w_555,h_416,c_fit,fl_progressive,q_95/v1/img/recipes/47/9/picZhU6Yc.jpg""",Dessert,"c(""Weeknight"", ""Oven"", ""< 4 Hours"")","c(""1"", ""1/2"", ""3"", ""5"", ""3"", ""1"", ""2"", ""1"")","c(""butter"", ""margarine"", ""shortening"", ""sugar"", ""eggs"", ""unbleached flour"", ""vanilla extract"")",5,16,1125.1,52.4,25.1,236.3,335.5,152.3,1.7,103.9,12,6,NA,"c(""This is an old recipe that comes from a request in the local paper for."", ""\""Classic Recipes\""."", ""They called the 7-Up bottling company and they  did not even know about it. Someone developed this on their own and  never let the company know about it. BTW 7-Up comes from the popular  card game in the 1930's."", ""Cream the margarine, shortening and sugar together beating until  light and fluffy."", ""Add the eggs, one at a time, blending well after  each addition."", ""Beat in the flour, then beat in the extract and 7-Up."", 
""Blend well."", ""Pour the batter into a well-greased and floured tube pan  and bake at 325 degrees F for 1 to 1 1/2 hours."", ""From The Rocky Mountain News \""Food Fare\""  MMMMM  MMMMM----- Recipe via Meal-Master (tm) v8.02."")"
000480,*480*,Italian Sausage Soup,1545,Nancy Van Ess,NA,PT1H15M,PT1H15M,1999-09-18T11:20:00Z,Make and share this Italian Sausage Soup recipe from Food.com.,character(0),Pork,"c(""Meat"", ""European"", ""Low Cholesterol"", ""Healthy"", ""Weeknight"", ""< 4 Hours"")","c(""2"", ""2"", ""5"", ""1"", ""1 1/2"", ""28"", ""1"", ""1"", ""1"", ""2"", ""2"", ""1/2"", NA)","c(""onions"", ""garlic cloves"", ""beef broth"", ""Italian sausage"", ""dry red wine"", ""Italian-style tomatoes"", ""basil"", ""sugar"", ""green pepper"", ""zucchini"", ""dry bow tie pasta"", ""parsley"")",5,17,506.7,22.2,7.4,43.8,1698.5,44.8,4.2,13.2,22.6,6,NA,"c(""In a 5-6 quart pan, combine onions, garlic and 1 cup broth."", ""Boil on high heat, stirring occasionally, until liquid evaporates and vegetables start to brown, about 10 to 14 minutes."", ""To deglaze pan, stir in 3 tablespoons water to release browned bits."", ""Cook, uncovered, until liquid evaporates and mixture begins to brown again, about 1 minute."", ""Repeat deglazing step 3 more times until mixture is richly browned."", ""Add  sausage and 1/2 cup more water."", ""Stir gently until liquid evaporates and meat begins to brown, 8 to 10 minutes."", 
""Add remaining 4 cups broth."", ""Stir to loosen browned bits."", ""Add wine, tomatoes and their liquid, basil, sugar, green pepper, zucchini and pasta."", ""Cover and  bring to boil over high heat."", ""Simmer until pasta is just tender to bite, about 15 minutes."", ""Serve hot, with chopped parsley, salt and pepper."", ""(If made ahead, cool, cover and chill up until the next day. Reheat to  simmering)."")"
000481,*481*,Olive Garden Pasta E Fagioli,1545,Nancy Van Ess,NA,PT25M,PT25M,1999-09-18T11:20:00Z,Make and share this Olive Garden Pasta E Fagioli recipe from Food.com.,"c(""https://img.sndimg.com/food/image/upload/w_555,h_416,c_fit,fl_progressive,q_95/v1/img/recipes/48/1/xKkJBh3tS9u6XniOwu4R_DSC_0179.JPG"", ""https://img.sndimg.com/food/image/upload/w_555,h_416,c_fit,fl_progressive,q_95/v1/img/recipes/48/1/picUSiO5p.jpg"", ""https://img.sndimg.com/food/image/upload/w_555,h_416,c_fit,fl_progressive,q_95/v1/img/recipes/48/1/pichHUNic.jpg"", ""https://img.sndimg.com/food/image/upload/w_555,h_416,c_fit,fl_progressive,q_95/v1/img/recipes/48/1/anlqDfhcT5W9DwhIDLUD_DSC_0190.JPG"", 
""https://img.sndimg.com/food/image/upload/w_555,h_416,c_fit,fl_progressive,q_95/v1/img/recipes/48/1/QStWrRlUSJqS5cItRWVN_DSC_0186.JPG"", ""https://img.sndimg.com/food/image/upload/w_555,h_416,c_fit,fl_progressive,q_95/v1/img/recipes/48/1/ZtWvLcKTQWslyRfHUpLj_DSC_0181.JPG"", ""https://img.sndimg.com/food/image/upload/w_555,h_416,c_fit,fl_progressive,q_95/v1/img/recipes/48/1/picgyqohE.jpg"", ""https://img.sndimg.com/food/image/upload/w_555,h_416,c_fit,fl_progressive,q_95/v1/img/recipes/48/1/picBfHxnA.jpg"", 
""https://img.sndimg.com/food/image/upload/w_555,h_416,c_fit,fl_progressive,q_95/v1/img/recipes/48/1/pica85nkb.jpg"", ""https://img.sndimg.com/food/image/upload/w_555,h_416,c_fit,fl_progressive,q_95/v1/img/recipes/48/1/picH0upxU.jpg"", ""https://img.sndimg.com/food/image/upload/w_555,h_416,c_fit,fl_progressive,q_95/v1/img/recipes/48/1/pichufoAp.jpg"", ""https://img.sndimg.com/food/image/upload/w_555,h_416,c_fit,fl_progressive,q_95/v1/img/recipes/48/1/pickrd53d.jpg"")",European,"c(""Low Cholesterol"", ""< 30 Mins"")","c(""3"", ""2"", ""14"", ""12"", ""14"", ""48"", ""2"", ""2"", ""88"", ""3"", ""2 1/2"", ""5"", ""1 1/2"", ""48"", ""8"")","c(""ground beef"", ""carrots"", ""onions"", ""celery"", ""canned tomatoes"", ""red kidney beans"", ""white kidney beans"", ""oregano"", ""pepper"", ""fresh parsley"", ""Tabasco sauce"", ""dry pasta shell macaroni"")",5,91,506.2,18.9,6.5,80.4,1709.4,52.8,11.2,14.9,31.6,10,9 quarts,"c(""Sauté beef in oil in large 10 quart pot until beef starts to brown."", ""Add onions,  carrots, celery and tomatoes and simmer for about 10 minute."", ""Drain and rinse beans  and add to pot. Also add beef stock, oregano, pepper, Tabasco, spaghetti sauce  and noodles ."", ""Simmer until celery and carrots are tender, about 45 minute."", ""NOTES : Makes 9 quarts! Just cut the recipe down for smaller batches."")"
000482,*482*,Glazed Apples With Cream Sauce,55166,peppermintkitty,PT30M,PT35M,PT1H5M,1999-08-26T19:44:00Z,Make and share this Glazed Apples With Cream Sauce recipe from Food.com.,character(0),Dessert,"c(""Apple"", ""Fruit"", ""Weeknight"", ""Broil/Grill"", ""Oven"", ""Stove Top"", ""< 4 Hours"")","c(""6"", ""6"", ""3/4"", ""1"", ""2"", ""2"", ""1/4"", ""1"", ""2"", ""1/4"")","c(""apples"", ""butter"", ""margarine"", ""brown sugar"", ""lemon"", ""calvados"", ""cinnamon"", ""nutmeg"", ""heavy cream"", ""powdered sugar"", ""nutmeg"")",NA,NA,646.6,39.9,24.8,127.3,164.7,78.3,6.9,65.3,2.3,4,NA,"c(""Use medium to large-sized apples. Choose apples that are good for baking."", ""Peel, core and thinly slice apples."", ""Melt butter or  margarine in heavy skillet."", ""Add apples, brown sugar, lemon juice, Applejack, cinnamon, and nutmeg."", ""Cook over medium heat for about 25 to 30 minutes."", ""Turn often."", ""Apple should be caramelized and tender."", ""Serve warm with Cream Sauce."", ""CREAM SAUCE:"", ""Whip 1 cup heavy cream only until soft peaks form."", ""Fold in powdered sugar and grated nutmeg."")"
000483,*483*,Tomato and Herb Salad,1587,rosasharn,NA,PT25M,PT25M,1999-08-09T16:39:00Z,Make and share this Tomato and Herb Salad recipe from Food.com.,"c(""https://img.sndimg.com/food/image/upload/w_555,h_416,c_fit,fl_progressive,q_95/v1/img/recipes/48/3/pic8fs8f6.jpg"", ""https://img.sndimg.com/food/image/upload/w_555,h_416,c_fit,fl_progressive,q_95/v1/img/recipes/48/3/pic8TW0zx.jpg"")",Vegetable,"c(""Free Of..."", ""< 30 Mins"")","c(""1"", ""1"", ""1"", ""1"", ""1"", ""1"", ""1/4"", ""1/8"", ""1/3"")","c(""roma tomato"", ""cucumber"", ""purple onion"", ""of fresh mint"", ""fresh basil"", ""fresh parsley"", ""salt"", ""black pepper"", ""plain nonfat yogurt"")",4.5,2,34.5,0.3,0.1,0.3,113.2,7.2,1.4,4.4,1.9,6,NA,"c(""Cut each tomato into 4 wedges; cut each wedge in half crosswise."", ""Cut  cucumber in half lengthwise; cut each piece in half lengthwise, and  slice crosswise into 1/2\"" pieces."", ""Combine tomatoes, cucumber, purple onion, mint, basil and parsley in a large bowl; sprinkle with salt and pepper."", ""Add yogurt, toss gently."", ""Serve  immediately."")"
000484,*484*,Katjang Sauce: Peanut Sauce,1603,Carol H,NA,PT45M,PT45M,1999-09-08T09:55:00Z,Make and share this Katjang Sauce: Peanut Sauce recipe from Food.com.,character(0),Sauces,"c(""Fruit"", ""Nuts"", ""< 60 Mins"")","c(""1/2"", ""2"", ""1/2"", ""2"", ""1/2"", ""1 1/2"", ""2/3"", ""2"", ""3"", ""1"", NA)","c(""onion"", ""garlic cloves"", ""brown sugar"", ""sambal oelek"", ""mild paprika"", ""ginger powder"", ""crunchy peanut butter"", ""ketjap manis"", ""milk"", ""lemon juice"")",4.5,2,1095.5,88.8,18.9,6.4,817.1,48.5,12,20.8,46,1,NA,"c(""Mix onion and garlic."", ""Place onion mixture in a bowl; add the brown sugar."", ""Mash with  the back of a spoon to make a paste."", ""Brown the paste in the oil at very low heat."", ""Stir in sambal oelek, paprika, and ginger powder."", ""Add the peanut butter."", ""When the sauce is brown, add the ketjap manis and the milk."", ""Keep stirring at low heat until the sauce thickens."", ""Finally, add the lemon  juice, salt and pepper."", ""If the sauce is too thick, add a little more milk  until it reaches a better consistency."", 
""NOTES :"", ""*Ketjap manis is a sweet Indonesian soy sauce. It may be found in  Dutch stores, some Chinese stores or maybe European Delis. It is worth  looking for as it is just delicious!"", ""*Sambal oelek is a paste made from marinaded chili peppers."", ""It can be  found in Chinese groceries, or Dutch stores."")"
000485,*485*,Colcannon,2178,troyh,PT20M,PT25M,PT45M,1999-08-28T03:21:00Z,Make and share this Colcannon recipe from Food.com.,"""https://img.sndimg.com/food/image/upload/w_555,h_416,c_fit,fl_progressive,q_95/v1/img/recipes/48/5/pic05hcbl.jpg""",Vegetable,"c(""Low Protein"", ""St. Patrick's Day"", ""Broil/Grill"", ""< 60 Mins"", ""Oven"", ""Stove Top"")","c(""1 1/4"", ""1"", ""2"", ""1 1/4"", NA, ""1"", ""1"", ""1"", NA, ""1/2"", NA)","c(""kale"", ""olive oil"", ""water"", ""potatoes"", ""water"", ""leek"", ""milk"", ""mace"", ""butter"", ""parsley"")",4.5,7,311.1,19.9,11.1,46.4,206.9,30.1,4.3,1.3,6.8,6,6,"c(""In a large pot, simmer the kale along with olive oil and 2 cups water  for 10 minutes."", ""Drain kale and cool a bit before chopping it finely. Set aside and cover to keep it warm."", ""In a small pot, bring potatoes and water to a boil and simmer until tender."", ""In another small pot, simmer leeks in milk for 10 minutes; turn off heat and cover to keep warm."", ""Drain the potatoes and puree them into the large pot."", ""Add leeks with the milk, and cooked kale."", ""Beat with a spoon or whisk until fluffy."", 
""Season with mace, salt and pepper."", ""Top with melted butter; garnish with parsley if desired."", ""Yields 6 servings."")"
000486,*486*,Amazing Nasi Goreng,1603,Carol H,PT11M,PT50M,PT1H1M,1999-09-08T09:55:00Z,Make and share this Amazing Nasi Goreng recipe from Food.com.,character(0),Long Grain Rice,"c(""Pork"", ""Rice"", ""Meat"", ""Weeknight"", ""< 4 Hours"")","c(""1 1/4"", ""3"", ""6"", ""1 1/2"", ""1"", ""2"", ""1"", ""2"", ""4"", ""1"", ""1"", ""1"", ""1/4"", ""1/4"", ""1/4"", ""1"", NA)","c(""long grain rice"", ""smoked bacon"", ""chicken"", ""onion"", ""garlic cloves"", ""carrot"", ""cabbage"", ""water"", ""leek"", ""trassi oedang"", ""ketjap manis"", ""cumin"", ""curcumae"", ""sambal oelek"", ""salt"")",5,1,430.5,16.4,3.3,13.2,312.4,60.2,4.3,4.2,10.4,4,NA,"c(""Boil the rice according to the instructions on the package. Make sure that  the rice is fluffy."", ""In a wok or large skillet, heat the vegetable oil and fry the smoked bacon and pork or chicken until done."", ""Add the onion and garlic."", ""Turn the heat to medium and simmer for about 5 minutes."", ""Meanwhile, in a separate large saucepan, bring the carrot and cabbage to a  boil in about 4 cups of water. Boil for 3 minutes; drain."", ""Add the leek and trassi oedang to the meat mixture; simmer for 3 minutes."", 
""Add the cooked cabbage and carrot mixture."", ""Keep the entire mixture on low heat and stir in the beaten eggs until they are well incorporated."", ""Add the ketjap manis, cumin, curcumae, coriander, and sambal oelek if  using."", ""Stir well and add the fluffy white rice."", ""Mix well and serve warm."", ""Serving Ideas:"", ""May serve with sate (peanut sauce) on the side."", ""NOTES : Trassi is a shrimp paste found in Asian grocery stores. If you do  not have any, you can either use peeled shrimp mixed in with the other  meat, or leave it out all together."", 
""Ketjap manis is a sweet soy sauce. Use regular soy sauce if you can't find this type, but you are missing  something wonderful! We don't use the cabbage in our nasi."", ""Instead of  the spices listed above, we usually just buy a Nasi goreng spice mixture at a Dutch store, or Chinese market. It is easy and very good."", ""I don't  know what curcumae is so I guess we don't put it in our nasi!"")"
000487,*487*,Irish Soda Bread,2178,troyh,PT40M,PT10M,PT50M,1999-08-28T03:21:00Z,Make and share this Irish Soda Bread recipe from Food.com.,"c(""https://img.sndimg.com/food/image/upload/w_555,h_416,c_fit,fl_progressive,q_95/v1/img/recipes/48/7/piczyYJBV.jpg"", ""https://img.sndimg.com/food/image/upload/w_555,h_416,c_fit,fl_progressive,q_95/v1/img/recipes/48/7/picDP5fYL.jpg"", ""https://img.sndimg.com/food/image/upload/w_555,h_416,c_fit,fl_progressive,q_95/v1/img/recipes/48/7/pic4QdQCu.jpg"")",Quick Breads,"c(""Breads"", ""European"", ""Low Cholesterol"", ""Healthy"", ""St. Patrick's Day"", ""< 60 Mins"", ""Oven"")","c(""6"", ""2"", ""2"", ""3"", ""2"", ""1"", ""2 1/2"")","c(""all-purpose flour"", ""baking soda"", ""baking powder"", ""cornstarch"", ""sugar"", ""salt"", ""buttermilk"")",5,17,1551.8,6.4,2.3,12.2,3114.6,317.1,10.2,19.9,48.9,NA,2 loaves,"c(""Preheat oven to 375 degrees Fahrenheit."", ""Add the flour, baking soda, baking powder, cornstarch, sugar and salt to a large bowl; mix well."", ""Add all of the buttermilk at once; stir until soft dough forms."", ""It might be a little lumpy, but don't worry about it at this point."", ""Pour contents of bowl out onto the counter."", ""Knead for a minute or so until blended."", ""Divide dough into two portions."", ""Shape each portion into a round loaf with lightly flattened tops."", ""Put loaves on large ungreased baking sheet, preferably the nonstick kind."", 
""Sprinkle some additional flour on top of each loaf and with a sharp knife, cut a cross in two slashes across the top of each loaf."", ""Let the loaves sit for 10 minutes."", ""Bake for 40 minutes or until golden brown."", ""Makes 2 loaves."")"
000489,*489*,Butter Crepes,1601,Gilcat2,PT1H1M,PT10M,PT1H11M,1999-09-15T06:34:00Z,Make and share this Butter Crepes recipe from Food.com.,character(0),Breakfast,"c(""Dessert"", ""Weeknight"", ""For Large Groups"", ""< 4 Hours"", ""Easy"")","c(""4"", ""2"", ""2"", ""1/2"", ""1/4"")","c(""eggs"", ""flour"", ""milk"", ""butter"", ""salt"")",1,1,116.5,6.6,3.8,57.9,88,10.8,0.3,0.1,3.4,20,NA,"c(""Place all ingredients in blender; whirl for 1 minute."", ""Scrape down sides, then blend for another 15 seconds."", ""Refrigerate 1 hour."", ""Heat a lightly greased 6 inch skillet; remove from heat."", ""Spoon in 2 Tbsp batter; lift and tilt skillet to spread evenly."", ""Return to heat; brown on one side only."", ""To remove, invert pan over paper toweling."", ""Repeat with remaining batter."", ""Delicious filled with any flavor fruit jam, sweetened fresh peaches, cream cheese and pineapple, ham or maple syrup.""
)"
000490,*490*,Couscous with Currants and Cumin,1556,Strawberry Girl,PT9M,PT30M,PT39M,1999-09-04T05:55:00Z,Make and share this Couscous with Currants and Cumin recipe from Food.com.,character(0),Southwest Asia (middle East),"c(""Moroccan"", ""African"", ""Asian"", ""Vegan"", ""Low Cholesterol"", ""Healthy"", ""< 60 Mins"", ""Stove Top"")","c(""1"", ""1"", ""1/2"", ""2"", ""1"", ""2"", ""1"", ""1"", ""1"", ""1"", NA, NA)","c(""water"", ""couscous"", ""currants"", ""olive oil"", ""onion"", ""garlic"", ""fresh ginger"", ""cumin seed"", ""orange"", ""fresh coriander"", ""salt"")",5,2,1045.2,11.1,1.6,0,38.9,213.2,18.4,63.9,27.9,NA,1 batch,"c(""In saucepan, bring water to boil."", ""Stir in couscous and currants."", ""Cover and  remove from heat.  Let stand 5 minutes."", ""Meanwhile, heat oil in large non-stick  fry pan over medium-high heat.  Add onion, garlic and ginger."", ""Saute 3 minutes  or until tender."", ""Add cumin seeds."", ""Saute 1 minute. With fork, fluff couscous  and currants."", ""Stir in onion mixture, orange zest and coriander."", ""Add salt and  hot chili flakes to taste."")"
000491,*491*,Lemonade,1739,Kathleen Wiseman,PT30M,PT20M,PT50M,1999-09-03T05:10:00Z,Make and share this Lemonade recipe from Food.com.,"c(""https://img.sndimg.com/food/image/upload/w_555,h_416,c_fit,fl_progressive,q_95/v1/img/recipes/49/1/picMy6BeM.jpg"", ""https://img.sndimg.com/food/image/upload/w_555,h_416,c_fit,fl_progressive,q_95/v1/img/recipes/49/1/picv7VWBg.jpg"")",Beverages,"c(""Fruit"", ""Summer"", ""< 60 Mins"")","c(""3"", ""3"", ""2"", ""1"", NA, NA)","c(""lemons"", ""sugar"", ""water"", ""mint"", ""lemon slice"")",3,2,32.8,0.1,0,0,5.4,9,0.8,7,0.3,6,6-8 glasses,"c(""Cut the lemons into dice.  Put into a jug with the sugar."", ""Pour on boiling water and leave for 15 - 30 minutes until strong without becoming bitter."", ""Strain."", ""Put mint into the serving jug with  ice and slices of fresh lemon an hour before serving."", ""Makes 6-8 glasses"")"
000492,*492*,Quick Spanish Couscous Salad,1556,Strawberry Girl,NA,PT15M,PT15M,1999-09-04T05:55:00Z,Make and share this Quick Spanish Couscous Salad recipe from Food.com.,character(0),Spanish,"c(""European"", ""< 15 Mins"", ""Easy"")","c(""1/4"", ""1"", ""1"", ""1"", ""1"", ""2"")","c(""stuffed green olive"", ""tomatoes"", ""garlic"", ""dried leaf thyme"", ""oregano"", ""couscous"")",3.5,2,442.6,0.8,0.2,0,13.8,91.3,6.3,1.1,15.2,NA,3 cups,"c(""Stir olives, tomato, garlic, thyme and oregano into cooked couscous."", ""Serve  hot, warm or cold."", ""Makes 3 cups."")"
000493,*493*,Curried Peanut Shrimp,1556,Strawberry Girl,PT33M,PT20M,PT53M,1999-08-19T05:23:00Z,Make and share this Curried Peanut Shrimp recipe from Food.com.,character(0),Oranges,"c(""Citrus"", ""Fruit"", ""Nuts"", ""Summer"", ""< 60 Mins"")","c(""1/3"", ""1/4"", ""2"", ""1"", ""1 1/2"", ""1"", ""1/2"", ""1/4"", ""1/4"", ""32"")","c(""orange marmalade"", ""Dijon mustard"", ""curry powder"", ""salt"", ""shrimp"")",5,2,121.5,1.9,0.2,60.5,620.4,20.4,0.6,17.4,7,NA,4 servings (Serving si,"c(""Combine marmalade, orange juice, peanut butter, mustard, curry powder, vegetable oil, salt, peppers, and chili sauce in a blender."", ""Process until smooth."", ""Reserve 1/4 cup marinade."", ""Place remaining marinade mixture in a large zip-top plastic bag; add the shrimp."", ""Seal bag and shake to coat."", ""Marinate in refrigerator 30 minutes."", ""Prepare grill or broiler."", ""Remove shrimp from bag, reserving marinade."", ""Thread shrimp onto each of 4  (12-inch) skewers."", ""Place kebabs on a grill rack or broiler pan coated with cooking spray."", 
""Cook 3 minutes on each side or until shrimp are done, basting  frequently with remaining marinade."", ""Spoon reserved 1/4 cup marinade over shrimp."")"
000494,*494*,Dutch Split Pea Soup,1545,Nancy Van Ess,NA,PT1H5M,PT1H5M,1999-09-18T11:20:00Z,Make and share this Dutch Split Pea Soup recipe from Food.com.,character(0),Dutch,"c(""European"", ""Weeknight"", ""< 4 Hours"")","c(""1"", ""1/2"", ""2"", ""1"", ""1/4"", ""1"", ""1"", ""1"")","c(""leek"", ""bacon"", ""celery"", ""onion"", ""parsley"", ""green peas"", ""chicken broth"", ""kielbasa"")",4.5,3,556.4,39.2,13,75.5,1543.4,28.1,6.3,10.6,22.7,6,NA,"c(""Cut off and discard tough green tops, outer leaves, and root ends from the  leeks."", ""Split leeks lengthwise and rinse well; slice thinly and set aside."", ""In a 5 or 6 quart pan over medium-high heat, stir bacon often until brown."", ""Transfer  bacon with slotted spoon to paper towels, set aside."", ""Discard all but 2 Tablespoons fat from pan."", ""Add leeks, celery, onion, and chopped parsley to the pan."", ""Stir often over medium heat until vegetables are limp, about 15 minutes."", ""Return bacon to pan with split peas, broth and 1 quart water."", 
""Bring to a boil over high heat."", ""Cover and simmer until peas are mostly dissolved, about 1-1/2 hours; stir occasionally."", ""Add kielbasa."", ""Stir often until sausage is hot, about 10 minutes."", ""NOTES : I sometimes use lean ham instead of bacon."")"
000495,*495*,Macadamia Bars,22015,Mysterygirl,PT1H40M,PT55M,PT2H35M,1999-09-10T04:27:00Z,Make and share this Macadamia Bars recipe from Food.com.,character(0),Bar Cookie,"c(""Dessert"", ""Lunch/Snacks"", ""Cookie & Brownie"", ""Weeknight"", ""For Large Groups"", ""Oven"", ""< 4 Hours"")","c(""2 1/2"", ""2"", ""1"", ""6"", ""1/2"", ""2"", ""1/4"", ""1 1/2"", ""1/4"", ""1"", ""2 1/2"")","c(""all-purpose flour"", ""sugar"", ""butter"", ""water"", ""vanilla extract"", ""heavy cream"", ""dark rum"", ""sugar"", ""salt"", ""vanilla extract"")",5,1,116.8,8.8,3.8,16.3,46.7,8.9,0.5,4.9,1,70,NA,"c(""CRUSTS: In food processor or bowl, combine flour and sugar."", ""Add  butter and process (or cut in with pastry blender) until mixture resembles  coarse crumbs."", ""Add water and vanilla; process or stir just until mixture  forms a ball."", ""On lightly floured surface, roll dough into a 13 by 8 inch  rectangle. Press onto bottom and side of 15 1/2 by 10 1/2-inch jelly-roll pan."", ""Refrigerate for at least 30 minutes."", ""Preheat oven to 400°. Bake dough for 10 minutes."", ""Cool on wire rack."", ""Reduce oven temperature to 350° for later use."", 
""FILLING: In heavy 3-quart saucepan, combine all filling ingredients except nuts."", ""Bring to a boil over medium-high heat, stirring constantly."", ""Pour filling evenly into crust and sprinkle nuts on top."", ""Bake on center oven rack 50 to 60 minutes,  rotating every 20 minutes, until top is a deep golden brown."", ""Cool on wire rack."", ""Cut into 2 x 1-inch bars."")"
000496,*496*,7-Up Cake,1567,elly9812,PT42M,PT45M,PT1H27M,1999-08-13T13:15:00Z,Make and share this 7-Up Cake recipe from Food.com.,"""https://img.sndimg.com/food/image/upload/w_555,h_416,c_fit,fl_progressive,q_95/v1/img/recipes/49/6/piclJbARg.jpg""",Dessert,"c(""Pineapple"", ""Tropical Fruits"", ""Fruit"", ""Weeknight"", ""Oven"", ""< 4 Hours"")","c(""1"", ""1"", ""2/3"", ""4"", ""10"", ""1/2"", ""1 1/2"", ""1"", ""2"", NA, ""2"")","c(""pineapple instant pudding"", ""eggs"", ""margarine"", ""sugar"", ""crushed pineapple"", ""flour"", ""angel flake coconut"", ""eggs"")",5,1,550.2,24.5,4.5,93,442.4,78.7,0.9,39,5.6,12,NA,"c(""Empty lemon supreme cake mix and instant pineapple pudding into a large mixing bowl."", ""Add oil and eggs."", ""Beat about 2 minutes."", ""Add 7-Up and mix until well blended."", ""Pour into a greased and floured cake sheet pan."", ""Preheat oven to 350 degrees Fahrenheit."", ""Bake 35 to minutes or until done."", ""While still hot spread with Icing."", ""ICING:"", ""Cook margarine, sugar, pineapple, flour and eggs until thick."", ""Add coconut and blend well."", ""Spread over cake while both are still warm."")"
000497,*497*,Macadamia and Coconut Bars,37713,kimbearly,PT1H40M,PT1H40M,PT3H20M,1999-09-10T04:27:00Z,Make and share this Macadamia and Coconut Bars recipe from Food.com.,character(0),Bar Cookie,"c(""Dessert"", ""Lunch/Snacks"", ""Cookie & Brownie"", ""Coconut"", ""Fruit"", ""Nuts"", ""Weeknight"", ""For Large Groups"", ""Oven"", ""< 4 Hours"")","c(""1/2"", ""1 1/2"", ""3"", ""1"", ""1 1/4"", ""2"", ""1 1/2"", ""1/2"", ""1"", ""2 1/2"")","c(""butter"", ""light brown sugar"", ""eggs"", ""salt"", ""flour"", ""flour"", ""baking powder"", ""vanilla extract"", ""coconut"")",NA,NA,180,12.5,6.5,27.4,60.8,16.6,1.7,10.7,2.1,32,NA,"c(""Wet inside of a 13\"" x 9\"" pan; line with aluminum foil. Butter the foil."", ""Place pan in freezer or refrigerator."", ""Beat butter until soft."", ""Add 1/2 cup of the brown sugar; beat until well-mixed."", ""Beat in 1 egg and 1/4 teaspoon salt."", ""Beating on low speed, add 1-1/4 cups flour and beat only until  incorporated."", ""Place mixture by very small spoonfuls all over bottom of cold pan."", ""With floured fingertips, carefully, patiently, and slowly spread the dough in an even layer all over bottom of pan, re-flouring fingertips often."", 
""Bake at 350 degrees Fahrenheit until set, about 15 minutes."", ""Remove pan from oven and let stand."", ""Do not turn off oven."", ""Shake nuts gently in a wide strainer to remove excess salt; set aside."", ""Sift together the 2 Tablespoons flour, pinch salt and baking powder; set aside."", ""Beat remaining 2 eggs and remaining 1 cup brown sugar until thoroughly mixed."", ""Beat in sifted ingredients."", ""Gently stir in 1 -1/2 cup coconut (reserve remaining coconut) and nuts."", ""Place mixture by tablespoons evenly over top of bottom layer."", 
""With the bottom of a spoon spread into a smooth very thin layer."", ""Sprinkle with remaining 1 cup coconut."", ""Bake at 350 degrees Fahrenheit, reversing pan front to back once during baking, until top is richly browned and toothpick inserted in middle comes out clean, about 25 minutes."", ""Cool."", ""Cover with a cookie sheet and turn upside down."", ""Remove pan and carefully peel off the foil."", ""Cover with wax paper and another cookie sheet or cutting board and turn upside down again, leaving cake right-side up."", 
""Refrigerate for a few hours or more or place in freezer for about 1 hour."", ""Cut into 32 even bars."", ""Wrap each bar in either clear cellophane or wax  paper, or place bars in airtight container with wax paper between layers."")"
000498,*498*,Super Scones,1556,Strawberry Girl,PT15M,PT50M,PT1H5M,1999-08-12T06:24:00Z,Make and share this Super Scones recipe from Food.com.,character(0),Scones,"c(""Quick Breads"", ""Breads"", ""High In..."", ""Sweet"", ""Weeknight"", ""Oven"", ""< 4 Hours"")","c(""3"", ""1/4"", ""4"", ""1"", ""1"", ""3/4"", ""3/4"", ""1"", ""1"", ""1"")","c(""flour"", ""sugar"", ""baking powder"", ""baking soda"", ""salt"", ""butter"", ""currants"", ""raisins"", ""egg"", ""milk"", ""buttermilk"")",5,10,273.4,12.6,7.7,49.4,530.2,36.1,1.5,11.3,4.9,NA,NA,"c(""Combine flour, sugar, baking powder, baking soda, and salt thoroughly."", ""Cut in butter to make fine crumbs."", ""Stir in currants."", ""In small bowl, beat egg lightly; remove 1 Tablespoon and combine with  cream. Set aside."", ""Add buttermilk to remaining egg."", ""Add all at once to dry ingredients, stirring with a fork to make a soft, slightly sticky dough."", ""Gather into a ball and turn out onto a lightly floured surface."", ""Knead gently a few times until smooth."", ""Roll or pat to 1\"" thickness."", 
""Cut into 3.5\"" or 2.5\"" rounds. (Don't twist!)"", ""Place on ungreased baking sheet."", ""Brush tops with reserved egg mixture."", ""Bake in 425 degree Fahrenheit oven for about 15 minutes or until golden and baked  through."", ""Serve fresh baked and warm if possible."")"
000499,*499*,Ginger Biscuits,1556,Strawberry Girl,PT5M,PT5M,PT10M,1999-08-12T06:24:00Z,Make and share this Ginger Biscuits recipe from Food.com.,character(0),Breads,"c(""< 15 Mins"", ""Easy"")","c(""6"", ""3"", ""2"", ""1"", ""1/4"", ""1"", ""1/2"")","c(""flour"", ""caster sugar"", ""margarine"", ""ginger"", ""baking soda"", ""golden syrup"", ""egg"")",NA,NA,1460.1,49.8,10.6,93,903.2,233.7,4.8,91.4,21.4,NA,1 batch,"c(""Make into 8 biscuits and cook on top of the stove at low-med., approx."", ""5 minutes  per side."")"
000500,*500*,Mississippi Mud Pie II,1610,B  B Adams,PT35M,PT10M,PT45M,1999-08-24T04:55:00Z,Make and share this Mississippi Mud Pie II recipe from Food.com.,character(0),Pie,"c(""Dessert"", ""Low Protein"", ""Kid Friendly"", ""< 60 Mins"", ""Oven"", ""Easy"")","c(""1"", ""1"", ""1"", ""1/2"", ""1"", ""1/3"", ""1/4"")","c(""marshmallow cream"", ""confectioners' sugar"", ""butter"", ""margarine"", ""milk"")",NA,NA,299.9,13.1,5.8,20.7,170.9,46.1,0.5,22.5,1.9,NA,24 brownies,"c(""Preheat oven to 350 degrees Fahrenheit."", ""Cook brownie mix as directed."", ""Spread jar of Marshmallow Cream over top while hot."", ""Cool."", ""Mix icing ingredients together."", ""Spread cooled cake with icing."")"
000501,*501*,Mississippi Mud Cake,1610,B  B Adams,PT45M,PT25M,PT1H10M,1999-08-24T04:55:00Z,Make and share this Mississippi Mud Cake recipe from Food.com.,character(0),Dessert,"c(""Kid Friendly"", ""Weeknight"", ""Oven"", ""< 4 Hours"")","c(""1"", ""1/2"", ""2"", ""4"", ""1 1/2"", ""1"", ""1 1/2"", ""1"", NA)","c(""butter"", ""sugar"", ""eggs"", ""flour"", ""salt"", ""vanilla"", ""marshmallows"")",5,5,462.1,26.3,11.4,111.2,260.1,51.8,2.6,34.3,7.5,12,NA,"c(""Melt butter and cocoa together."", ""Stir in sugar and beaten eggs ."", ""Mix well."", ""Add flour, salt chopped nuts and vanilla;  mix well."", ""Spoon batter into a greased 13x9x2 inch pan."", ""Bake at 350 degrees Fahrenheit for 35 to 45 minutes."", ""Sprinkle marshmallows on top of warm cake."", ""Cover with chocolate frosting (your favorite)."")"
000502,*502*,Chicken Breasts in Phyllo,1544,tranch,PT1H27M,PT50M,PT2H17M,1999-09-07T12:56:00Z,Make and share this Chicken Breasts in Phyllo recipe from Food.com.,"""https://img.sndimg.com/food/image/upload/w_555,h_416,c_fit,fl_progressive,q_95/v1/img/recipes/50/2/pic22AQ9C.jpg""",Chicken Breast,"c(""Chicken"", ""Poultry"", ""Meat"", ""Greek"", ""European"", ""Weeknight"", ""Oven"", ""< 4 Hours"")","c(""4"", ""1"", ""8"", ""2"", ""1"", ""3"", ""1/4"", NA, ""2"", ""4"", ""8"", ""1 1/4"", ""2"", ""8"")","c(""butter"", ""onion"", ""parsley"", ""garlic clove"", ""all-purpose flour"", ""dry vermouth"", ""dry white wine"", ""olive oil"", ""boneless skinless chicken breast halves"", ""phyllo dough"", ""butter"", ""feta cheese"")",5,10,1407.1,106.7,62.5,335.4,1900.3,66,3.7,7.1,47.1,4,NA,"c(""Preheat oven to 350 degrees Fahrenheit."", ""In a skillet, melt 2 or 3 tablespoons of the butter; saute the onion until golden. Remove onion and set aside."", ""Melt 2 or 3 tablespoons butter in the same skillet; saute the mushrooms until all juices are absorbed."", ""Add the onions, parsley and garlic and saute 1 minute."", ""Stir in the flour and blend well."", ""Add the vermouth or dry white wine."", ""Stir over medium heat until thickened."", ""Season with salt and pepper to taste."", ""Remove mushroom mixture from skillet and set aside."", 
""In same skillet melt remaining butter with olive oil and saute chicken until lightly browned, about 1 minute per side."", ""Remove from heat."", ""Brush one sheet of phyllo dough with melted butter and sprinkle with bread crumbs."", ""Place a second sheet of phyllo over the first; butter and sprinkle with bread crumbs."", ""Place a chicken breast in the lower half of the phyllo."", ""Put 1/4 of the mushroom mixture and 1/4 of the feta over the chicken."", ""Fold up the sides of the phyllo over the chicken, envelope style."", 
""Repeat with remaining chicken breasts."", ""Place on a baking sheet, seam side down, and brush with butter."", ""Bake for 35 minutes, or until browned."", ""NOTES :"", ""Recipe may be prepared in advance up to the point the chicken is wrapped in phyllo then frozen."", ""To serve, bake frozen at 350 degrees Fahrenheit for 50 minutes."")"
000503,*503*,Curried Beef and Chicken Satay,1567,elly9812,NA,PT30M,PT30M,1999-09-15T04:43:00Z,"Every country or region has at least one dish that becomes symbolic. For SE  Asia, symbolic foods would have to include satay. Popular in Malaysia,  Singapore and Indonesia, it's a great treat when served hot from a charcoal  grill. There are numerous ways of preparing this dish; the recipe below is  only one of them.",character(0),Poultry,"c(""Meat"", ""Thai"", ""Asian"", ""Potluck"", ""Spring"", ""Summer"", ""< 30 Mins"")","c(""1"", ""1"", ""3"", ""1/2"", ""2"", ""2"", ""4"", ""1"", ""1"", ""1"", ""1"", ""1"", ""1/4"", ""1"", ""1/2"", ""1/4"")","c(""beef"", ""chicken"", ""curry powder"", ""chile"", ""garlic cloves"", ""onions"", ""lemon juice"", ""honey"", ""peanut butter"", ""coconut milk"", ""coconut cream"", ""lemon juice"", ""soy sauce"", ""Worcestershire sauce"", ""chili sauce"", ""salt"")",4,6,1582.1,142.9,55.9,197.4,1620.4,32.1,7,14.9,51.2,4,NA,"c(""Slice the meat into thin strips, no more than 1/4\"" thick and about 1/2\"" wide for  both the beef and chicken."", ""Combine the curry powder, chilies, garlic, onions,  salt, lemon juice, and honey in a large bowl."", ""Add the meat strips and toss well  to marinate for about fifteen minutes."", ""Thread meat strips onto bamboo skewers,  3 or 4 pieces per skewer."", ""Arrange the finished skewers in a glass casserole;  cover with the remaining marinade, and refrigerate while making the sauce.  Brown under a broiler or grill the meat skewers."", 
""Serve with a peanut butter  sauce for dipping (see below). Sauce: Blend all ingredients together well to  make a smooth sauce. Keep refrigerated until needed, but warm before serving."")"
000504,*504*,Baked Alaska Salmon Fillet With Mustard Sauce,1554,Jacques Lorrain,PT15M,PT30M,PT45M,1999-08-17T04:07:00Z,Make and share this Baked Alaska Salmon Fillet With Mustard Sauce recipe from Food.com.,character(0),Free Of...,"c(""< 60 Mins"", ""Oven"", ""Easy"")","c(""6"", ""1 1/2"", ""1 1/2"", ""1"", ""1"", NA, ""6"", ""1/2"", ""3/4"", ""1/8"", ""1/8"", NA, NA, NA)","c(""salmon fillets"", ""lemon"", ""butter"", ""shallot"", ""dry white wine"", ""heavy cream"", ""stone ground mustard"", ""chives"", ""parsley"", ""salt"", ""miniature pear tomato"", ""parsley sprig"")",4,2,613.9,35.1,13.3,217.9,272.3,3.5,1,0.4,64.3,6,NA,"c(""Arrange salmon fillets in baking pan, drizzle with combined butter and oil."", ""Top with lemon slices."", ""Bake in 400 degree Fahrenheit oven 15 minutes or until flesh is no longer translucent."", ""Mustard Sauce:"", ""Lightly saute shallots in butter; add wine and reduce until nearly evaporated."", ""Add cream; cook and stir until thickened."", ""Add mustard, chives, and parsley."", ""Season to  taste with salt."", ""To Serve:"", ""Ladle serving of sauce on serving plate; arrange lemon topped salmon on sauce."", 
""Garnish with pear tomatoes and parsley sprigs."")"
000505,*505*,Chicken Satay With Peanut Sauce,1567,elly9812,PT5M,PT30M,PT35M,1999-09-15T04:43:00Z,Make and share this Chicken Satay With Peanut Sauce recipe from Food.com.,"""https://img.sndimg.com/food/image/upload/w_555,h_416,c_fit,fl_progressive,q_95/v1/img/recipes/50/5/pic6LydaU.jpg""",Chicken Breast,"c(""Chicken"", ""Poultry"", ""Fruit"", ""Meat"", ""< 60 Mins"")","c(""1"", ""2"", ""2"", ""2"", ""1"", ""1"", ""2"", ""2"", ""1"", ""1"", ""1"")","c(""boneless skinless chicken breast"", ""peanut butter"", ""fresh coriander"", ""honey"", ""soya sauce"", ""garlic"", ""gingerroot"", ""sesame seeds"")",4.5,4,174.4,6.5,1.3,52.8,231.6,5.5,0.5,4.2,23.1,5,NA,"c(""Preheat oven to 425 degrees Fahrenheit (220 degrees Celsius)."", ""Spray baking pan with vegetable spray."", ""In a small bowl or food processor, combine peanut butter, chicken stock,  coriander, rice wine vinegar, honey, sesame oil, soya sauce, garlic, ginger and sesame  seeds."", ""Set 3 tablespoons (45 mL) aside."", ""Cut chicken into 1 inch (2.5 cm) cubes."", ""Thread onto 10 small bamboo or barbecue skewers."", ""Place skewers in prepared pan."", ""Brush with half of the  peanut sauce that has been set aside."", 
""Bake approximately 5 minutes."", ""Turn over and brush with the remaining 1-1/2 tablespoons (20 mL) sauce."", ""Bake 5 more minutes or just until chicken is done."", ""Serve with remaining peanut sauce."")"
000506,*506*,Yummy and Comforting Chicken Tetrazzini,51011,Loves2Teach,PT40M,PT35M,PT1H15M,1999-08-26T03:56:00Z,"Though very easy, this is surprisingly good.  I have paired it with a salad and breadsticks.  Hopefully you enjoy it!",character(0),Chicken,"c(""Poultry"", ""Meat"", ""European"", ""Weeknight"", ""< 4 Hours"")","c(""8"", ""1 1/4"", ""1"", ""3"", ""5 1/2"", ""2"", ""4"", ""2"", ""10"", NA)","c(""spaghetti"", ""onions"", ""green pepper"", ""butter"", ""chicken"", ""colby"", ""mild cheddar cheese"", ""milk"", ""pepper"")",4.5,16,377.3,23.1,12.9,56.4,746.8,26.7,1.4,3,16.2,10,NA,"c(""Cook the spaghetti according to package directions."", ""Saute the onion and green pepper in the butter."", ""Mix together all ingredients thoroughly in a large bowl."", ""Place in freezer containers, label and freeze. When thawed, bake, uncovered at 350 for 30-40 minutes or until hot and bubbly."", ""I like to add a little additional shredded cheese in the last few minutes of baking."", ""Place in containers and freeze"")"
000507,*507*,Garlicky Baked Chicken Marinade,34879,Barefoot Beachcomber,PT35M,PT30M,PT1H5M,1999-10-04T03:14:00Z,Make and share this Garlicky Baked Chicken Marinade recipe from Food.com.,character(0),Weeknight,"c(""Oven"", ""< 4 Hours"")","c(""1/2"", ""1/2"", ""1/4"", ""1/4"", ""1/2"", NA)","c(""mayonnaise"", ""garlic powder"", ""Kitchen Bouquet"", ""fresh parsley"")",4,1,200.7,18.1,2.8,7.6,508,10.2,0,4.3,0.4,4,NA,"c(""In a medium bowl, mix together the mayonnaise, Italian dressing, garlic powder, Italian seasoning, and Kitchen Bouquet."", ""Place the chicken in the marinade."", ""Cover and marinate in the refrigerator for 20 minutes."", ""Preheat oven to 350 degrees Fahrenheit."", ""Shake off the marinade from the chicken; discard excess marinade."", ""Place the chicken in a baking pan coated with non-stick spray."", ""Bake for 15 minutes or until the chicken is fork-tender and no pink remains."", ""Sprinkle with parsley before serving."", 
""Note: This is great grilled or broiled too."", ""Libby's notes:  Yes it really does cook this quickly--surprised even  me.   When I make it next I'm going to freeze the chicken in the  marinade. I  think  there's enough dressing to keep the mayonnaise from separating too  badly but  since the marinade is discarded anyway, it shouldn't  make much difference."")"
000508,*508*,Apple or Crabapple Jelly,1704,HELEN PEAGRAM_40951,PT13M,PT55M,PT1H8M,1999-09-15T04:24:00Z,Make and share this Apple or Crabapple Jelly recipe from Food.com.,character(0),Jellies,"c(""Apple"", ""Fruit"", ""Low Protein"", ""Low Cholesterol"", ""Healthy"", ""Canning"", ""< 4 Hours"")","c(""15"", NA, ""1 1/2"", NA)","c(""apples"", ""water"", ""sugar"", ""cloves"")",5,3,205.8,0.4,0.1,0,2.3,54,5.5,46.2,0.6,NA,30 1/2Pint Jars,"c(""Wash 15 pounds of tart apples and quarter without peeling."", ""Place in a preserving   pan, just cover with cold water, and simmer gently until soft and tender."", ""Drain  through a jelly bag."", ""Shift the pulp gently occasionally to keep the juice  flowing; do not force the juice through as this will make the jelly cloudy."", ""Measure 32 fluid ounces of juice into a 12-quart pan and boil for 5 minutes."", ""Add  the sugar and boil for 5 to 8 minutes longer, or until a drop jells on a cold  plate. Pour into hot clean jars and seal."", 
""Continue cooking 32 fluid ounces at a  time until all the juice has been used."", ""Use the pulp for making an apple cheese."", ""MINT APPLE JELLY: Cook a few sprigs of fresh mint with the apples when  preparing to extract the juice. [1 or 2 drops of mint sauce may be  used if fresh mint is not available.]  Add a few drops of green food colouring and mint sauce just before  pouring into the jars.  Avoid adding too much flavouring and colouring."", ""SPICED APPLE JELLY: Tie a few whole cloves in a piece of muslin.  Drop  into the juice at the beginning of cooking and only remove when jelly  is poured into the jars.""
)"
000511,*511*,Apple and Marmalade Bread and Butter Pudding,1738,Kerry Erwin,PT40M,PT30M,PT1H10M,1999-09-20T06:35:00Z,Make and share this Apple and Marmalade Bread and Butter Pudding recipe from Food.com.,character(0),Dessert,"c(""Apple"", ""Fruit"", ""Healthy"", ""Weeknight"", ""Oven"", ""< 4 Hours"")","c(""450"", ""4"", ""7 -8"", ""75"", ""75"", ""2"", ""450"", ""1"")","c(""cooking apples"", ""thick cut orange marmalade"", ""raisins"", ""sultanas"", ""demerara sugar"", ""eggs"", ""milk"", ""cinnamon"")",NA,NA,361.3,6,2.5,80.8,273.9,72.7,4.5,45.5,9.1,6,NA,"c(""Place half the apples in a buttered shallow dish."", ""Spread marmalade on buttered bread; use half to cover the apples."", ""Sprinkle with half the raisins/sultanas and 2 tablespoons of the sugar."", ""Beat eggs and milk together; pour into dish."", ""Let stand for 40 minutes."", ""Sprinkle with cinnamon and remaining sugar."", ""Bake in preheated oven for about one hour or until well risen and golden brown."", ""Serve hot or cold with cream custard."")"
000512,*512*,Coffee Frappe,1737,Teddi2,NA,PT20M,PT20M,1999-08-30T13:58:00Z,Make and share this Coffee Frappe recipe from Food.com.,"c(""https://img.sndimg.com/food/image/upload/w_555,h_416,c_fit,fl_progressive,q_95/v1/img/recipes/51/2/pichfRLEV.jpg"", ""https://img.sndimg.com/food/image/upload/w_555,h_416,c_fit,fl_progressive,q_95/v1/img/recipes/51/2/piczDjmGC.jpg"")",Beverages,"c(""Low Protein"", ""Low Cholesterol"", ""Healthy"", ""< 30 Mins"", ""Easy"")","c(""18"", ""7"", ""2"", ""2"", NA)","c(""coffee"", ""sugar"")",5,10,48.4,0,0,0,10.5,12.5,0.1,9.5,0.1,4,NA,"c(""Place the ice, coffee, sugar and syrup in a blender."", ""Blend until the frappe  is smooth."", ""Pour into a large, tall glass."", ""Garnish with a dollop of whipped  cream."")"
000514,*514*,Cafe Vienna Mix,1737,Teddi2,NA,PT10M,PT10M,1999-08-30T14:00:00Z,Make and share this Cafe Vienna Mix recipe from Food.com.,"""https://img.sndimg.com/food/image/upload/w_555,h_416,c_fit,fl_progressive,q_95/v1/img/recipes/51/4/picpQkKej.jpg""",Beverages,"c(""Austrian"", ""European"", ""Low Cholesterol"", ""Healthy"", ""High In..."", ""< 15 Mins"", ""For Large Groups"", ""Easy"")","c(""1/2"", ""2/3"", ""2/3"", ""1/2"")","c(""instant coffee"", ""sugar"", ""cinnamon"")",4,3,25.4,0,0,0.4,12.3,5.4,0,4.9,0.9,36,NA,"c(""Stir instant coffee, sugar, dry milk powder and cinnamon together."", ""Process in a blender until powdered."", ""Use 2 teaspoons to one cup of hot water."")"
000515,*515*,Habanero Honey,1734,Michael D. King,NA,PT1H,PT1H,1999-08-23T12:51:00Z,"Warning, when handling habaneros, wear rubber gloves and glasses or goggles. When cooking, always cover or use the stove vent fan. 
The honey acts as a preservative, allowing you to use the peppers to cook with through the winter and the peppers prevent the honey from crystallizing.
The honey makes for a unique spread on toast or muffins.
The honey can also be used as part of a glaze for turkey, ham, or pork roast. Michael D. King. ICQ 12724999.",character(0),Very Low Carbs,"c(""Low Protein"", ""Low Cholesterol"", ""Free Of..."", ""< 60 Mins"", ""Easy"")","c(NA, NA)","c(""habanero pepper"", ""good local honey"")",5,2,0,0,0,0,0,0,0,0,0,NA,1 cup,"c(""Take a sterilized canning jar (I use 8 oz jelly jars) and fill half way up with honey."", ""Stuff as many pepper halves as you can into the jar, taking care not to trap air."", ""Fill the the rest of the jar with honey and put on lid tightly. Don't worry about the seal, you'll be opening it again before you're done."", ""Vibrate the jar(s) to allow any trapped air to get to the top (I put my jars on top of the washer during the spin cycle)."", ""Allow to sit for 2 or 3 days."", ""Open the jars to release any trapped air/outgassing from the peppers, reseal and store in a cool dry place.""
)"
000516,*516*,Glowing Jell-O,1571,Linda Johansen,NA,PT55M,PT55M,1999-08-10T07:00:00Z,"Halloween Flies    Glowing Jell-O   I believe the method they used for the glow-in-the-dark Jell-o in the commercial was to put a light of some sort under a glass serving dish . The Jell-o itself  does not actually contain any glowing properties, but acts as like a stage light ""gel,"" coloring the light as it passes through.",character(0),Gelatin,"c(""Dessert"", ""Kid Friendly"", ""< 60 Mins"", ""Easy"")","""1""","""gelatin""",NA,NA,0,0,0,0,0,0,0,0,0,1,NA,"c(""Equipment:"", ""1 mold pan"", ""1 Angel food or Bundt cake pan"", ""1 Clear glass plate"", ""1 Small flashlight (I am also thinking you can buy one of those small safety flash red strobe-type lights for night use   the kind that uses the AAA batteries. I have a small one that I use on my bike that may be appropriate for this kind of dish)"", ""Prepare the gelatin according to package directions and pour into mold or a big  plastic bowl."", ""Take a Bundt cake pan or any angel food cake pan with a hollow  cylinder center where you can insert a small flashlight.  Unmold the gelatin  onto the clear glass plate and place the plate atop the cake pan with the  flashlight underneath, standing up."", 
""Turn out the lights!  For extra special  effect, you can put the blinking red strobe light under another small  transparent glass dish or plastic wrap and put that under the gelatin as well."", ""Some ideas: blue gelatin with red flashing strobe light lime gelatin with red flashing strobe light layered gelatin mold of red, green, and yellow gelatin with lights under it Halloween Flies Last year there was a similar thread with lots of fun ideas."", ""One I remember was  inserting almond slivers into black raisins to make \""flies\"", which you suspend  in orange Jello.""
)"
000517,*517*,Greek Stuffed Meatloaf,1609,Barbara Heller,PT1H54M,PT35M,PT2H29M,1999-08-23T21:00:00Z,Make and share this Greek Stuffed Meatloaf recipe from Food.com.,character(0),Lamb/Sheep,"c(""Meat"", ""Greek"", ""European"", ""Weeknight"", ""Oven"", ""< 4 Hours"")","c(""1 1/2"", ""1 1/2"", ""2"", ""1/4"", ""2"", ""2"", ""1"", ""2 -3"", ""1"", ""2"", ""1"", ""1/8"", ""2"", ""1"", ""1 1/2"", ""1/4"", ""1/2"", ""1"", ""3"", NA)","c(""lamb"", ""hamburger"", ""eggs"", ""milk"", ""quick oats"", ""onion"", ""garlic cloves"", ""fresh parsley"", ""salt"", ""cumin"", ""pepper"", ""fresh spinach"", ""frozen spinach"", ""egg"", ""feta cheese"", ""ketchup"", ""cinnamon"", ""parmesan cheese"", ""Tabasco sauce"")",5,7,368.4,21.5,8.8,133.1,855.2,15.9,2.6,3.9,27.7,12,NA,"c(""Preheat oven to 350 degrees Fahrenheit."", ""Mix lamb and hamburger together."", ""Combine with eggs, milk, and oats. Set aside."", ""Saute onion in oil over moderate-low or low heat for 20 to 30 minutes until translucent and golden. Estimate the cooking time for the onions and approximately 3 to 4 minutes before the end of the cooking, add the garlic."", ""Combine meat mixture with onions, garlic, parsley, salt, cumin, and pepper."", ""In  a 9\"" X 13\"" baking dish, shape 2/3 of meat mixture into a hollow shell."", 
""Combine spinach, egg, and feta cheese from filling ingredient list. Pack this filling into the hollow cavity of the meat loaf."", ""Sprinkle with chopped olives."", ""Cover filling with remaining meat mixture."", ""Combine ketchup, cinnamon, parmesan cheese and Tabasco sauce if using for the topping; spread over meatloaf."", ""Bake for 70 to 80 minutes."")"
000518,*518*,Garlic Rosemary Chicken,1773,Malarkey Test,PT1H45M,PT15M,PT2H,1999-10-06T01:13:00Z,Make and share this Garlic Rosemary Chicken recipe from Food.com.,character(0),Whole Chicken,"c(""Chicken"", ""Poultry"", ""Meat"", ""Weeknight"", ""Roast"", ""Oven"", ""< 4 Hours"")","c(""1"", ""1"", ""8"", ""8"", ""2"", ""2"", NA)","c(""roasting chickens"", ""rosemary"", ""garlic cloves"", ""red onions"", ""garlic heads"", ""olive oil"", ""fresh rosemary"")",4,6,465.4,30.3,8.5,133.7,130.8,13.8,2.1,4.8,33.3,8,NA,"c(""Preheat oven to 450°F."", ""Remove the giblets, etc. and discard."", ""Loosen skin around chicken and stuff with rosemary and crushed garlic between the skin on breasts and drummys."", ""Lift the wingtips up and over back, and tuck under the chicken."", ""Place chicken breast side up, on broiler pan."", ""Cut thin slice from each end of onion."", ""Remove paper from garlic and chop tops."", ""Brush garlic and onions with olive oil and arrange around chicken."", ""Insert meat thermometer into meaty part of thigh."", 
""Bake at 450°F for 30 minutes, reduce to 350°F and bake 1 hour and 15 minutes or until meat thermometer hits 180°F."")"
000519,*519*,Spicy Hash Browns - Homemade,1773,Malarkey Test,PT30M,PT15M,PT45M,1999-10-06T01:24:00Z,Make and share this Spicy Hash Browns - Homemade recipe from Food.com.,"c(""https://img.sndimg.com/food/image/upload/w_555,h_416,c_fit,fl_progressive,q_95/v1/img/recipes/51/9/picrgZ5uF.jpg"", ""https://img.sndimg.com/food/image/upload/w_555,h_416,c_fit,fl_progressive,q_95/v1/img/recipes/51/9/picOv81OX.jpg"", ""https://img.sndimg.com/food/image/upload/w_555,h_416,c_fit,fl_progressive,q_95/v1/img/recipes/51/9/picUYbpIp.jpg"", ""https://img.sndimg.com/food/image/upload/w_555,h_416,c_fit,fl_progressive,q_95/v1/img/recipes/51/9/picLorUdh.jpg"")",Breakfast,"c(""Potato"", ""Vegetable"", ""Low Protein"", ""Vegan"", ""Low Cholesterol"", ""Healthy"", ""Spicy"", ""< 60 Mins"", ""Oven"")","c(""2"", ""1"", ""3/4"", ""1/2"", ""1/4"", ""1/8"", ""6 1/2"", NA)","c(""olive oil"", ""paprika"", ""chili powder"", ""salt"", ""black pepper"", ""baking potatoes"")",5,50,226.8,5.7,0.8,0,247.7,41.3,4,1.9,3.9,5,NA,"c(""Preheat oven to 400 degrees Fahrenheit."", ""Combine olive oil, paprika, chili powder, salt, red peppers, and black pepper in a large bowl; stir well."", ""Add diced potatoes and stir well to coat."", ""Place potatoes in a single layer on a cookie sheet coated with cooking spray."", ""Bake at 400 degrees Fahrenheit for 30 minutes or until browned."")"
000520,*520*,Apple Pie Cake,125579,GrandmaIsCooking,PT30M,PT10M,PT40M,1999-09-02T04:42:00Z,"This will certainly be a surprise for those looking for apple pie in this pie  pan. This cake is very easy and quick to make and is perfect to whip up  in a hurry if guests are stopping by. It is heavenly with vanilla ice  cream. (Original submitter's comments)
**Adopted Recipe**",character(0),Pie,"c(""Dessert"", ""Apple"", ""Fruit"", ""< 60 Mins"", ""Oven"")","c(""1"", ""1"", ""1"", ""1/2"", ""1"", ""1"", ""1"", ""1"", ""1"", ""2"", ""1/2"", ""1/2"")","c(""sugar"", ""egg"", ""salt"", ""butter"", ""flour"", ""baking powder"", ""cinnamon"", ""nutmeg"", ""vanilla"", ""baking apples"", ""pecans"", ""golden raisin"")",4.5,12,359.1,17.4,8,53.8,448.3,50,2.4,34.1,3.6,8,1 cake,"c(""Cream butter, sugar and the egg."", ""Mix together the flour, baking powder, cinnamon, salt,  nutmeg, vanilla, apples, pecans, and raisins."", ""Mix together well with the creamed mixture."", ""Pour the batter into a round pie dish and bake at 350 30 to 40 minutes or until the cake is done and a toothpick inserted near the center comes out clean, not doughy."")"
000522,*522*,"Apple, Chicken and Mushroom Casserole",1543,Doreen Randal,PT1H15M,PT45M,PT2H,1999-08-21T10:43:00Z,"Make and share this Apple, Chicken and Mushroom Casserole recipe from Food.com.",character(0),Chicken Thigh & Leg,"c(""Chicken"", ""Poultry"", ""Apple"", ""Fruit"", ""Meat"", ""Weeknight"", ""Oven"", ""< 4 Hours"")","c(""2"", ""8"", ""1"", ""1"", ""1"", ""1"", ""2"", ""1 1/2"", ""1"", ""8"", NA)","c(""apples"", ""chicken drumsticks"", ""onion"", ""salt"", ""dried thyme"", ""water"", ""plain yogurt"", ""brown button mushrooms"")",NA,NA,170.7,7.5,2.4,63.1,382.9,9.8,1.6,7.1,16,NA,8,"c(""Peel, core and dice apples."", ""Place chicken, onion and apple in a casserole dish with the mushroom soup mix, thyme, mustard and water."", ""Place a tight fitting lid on top."", ""Bake at 180 degrees Celsius for 1 hour or until chicken is tender."", ""Stir in yogurt."", ""Clean mushrooms and cut in half."", ""Mix with chicken in casserole."", ""Bake for another 15 minutes."", ""Season with salt and pepper."")"
000523,*523*,Apricot Basting Sauce,1538,Duckie067,NA,PT15M,PT15M,1999-09-15T03:23:00Z,Make and share this Apricot Basting Sauce recipe from Food.com.,character(0),Low Protein,"c(""Low Cholesterol"", ""Healthy"", ""< 15 Mins"")","c(""1"", ""1/2"", ""1"", ""1/4"", ""1/4"", ""1"", ""1"")","c(""sugar"", ""salt"", ""dry white wine"", ""honey"", ""Worcestershire sauce"")",NA,NA,678,0.2,0,0,1226,171.7,1.4,147.2,1.2,NA,2 cups,"c(""Mix together sugar, apricot jam, salt, apricots, wine, honey and Worcestershire sauce in a saucepan."", ""Mix together sugar, apricot jam, salt, apricots, wine, honey and Worcestershire sauce in a saucepan."", ""Heat over medium heat until jam has been melted."", ""Heat over medium heat until jam has been melted."", ""Use sauce over chicken, pork, and lamb."")"
000524,*524*,Apricot Muffins,1533,Dancer,PT20M,PT30M,PT50M,1999-08-09T21:36:00Z,Make and share this Apricot Muffins recipe from Food.com.,"c(""https://img.sndimg.com/food/image/upload/w_555,h_416,c_fit,fl_progressive,q_95/v1/img/recipes/52/4/picpUVW9c.jpg"", ""https://img.sndimg.com/food/image/upload/w_555,h_416,c_fit,fl_progressive,q_95/v1/img/recipes/52/4/pic25Em6Y.jpg"")",Quick Breads,"c(""Breads"", ""Breakfast"", ""< 60 Mins"", ""Oven"")","c(""1"", ""1"", ""1/4"", ""1/2"", ""1"", ""1 1/4"", ""2"", ""1/2"", ""1/4"", ""1/4"", ""1/4"", NA)","c(""fresh apricot"", ""lemon juice"", ""shortening"", ""sugar"", ""egg"", ""all-purpose flour"", ""baking powder"", ""salt"", ""nutmeg"", ""milk"", ""walnuts"", ""granulated sugar"")",4.5,8,149.9,6.6,1.5,16.2,166.4,20.6,0.8,9.7,2.6,NA,12 muffins,"c(""Combine apricot pieces and lemon juice. Cream shortening and sugar, beat in egg  and stir in apricots."", ""Sift flour, baking powder, salt and nutmeg; add to first  mixture alternately with milk."", ""Add chopped nuts with last portion of flour."", ""Fill greased muffin tins two thirds full."", ""Sprinkle a little granulated sugar on top  of each muffin."", ""Bake about 20 minutes at 350 degrees F."", ""Makes 12 muffins."")"
000525,*525*,Low-Fat Cool Cauliflower Salad,1533,Dancer,PT3M,PT25M,PT28M,1999-08-09T21:42:00Z,Make and share this Low-Fat Cool Cauliflower Salad recipe from Food.com.,character(0),Cauliflower,"c(""Vegetable"", ""Lactose Free"", ""Vegan"", ""Low Cholesterol"", ""Egg Free"", ""Kosher"", ""Free Of..."", ""Summer"", ""< 30 Mins"", ""Stove Top"")","c(""1"", ""1"", ""1"", ""4"", ""3"", ""2"", ""1/2"")","c(""head cauliflower"", ""red onion"", ""green bell pepper"", ""scallions"", ""fresh chives"", ""basmati rice"")",5,1,557.5,19.1,3.6,0,74.2,87.8,8.9,7.8,12.3,4,NA,"c(""Place cauliflower in a steamer basket over boiling water."", ""Cover pan and steam about 3 minutes, until almost tender."", ""Chill ."", ""Combine onion, bell pepper, scallions, chives, and cooked basmati rice in a bowl."", ""Add chilled cauliflower."", ""Drizzle with dressing and serve chilled."")"
000526,*526*,Copycat Coffee House Whipped Cappuccino,1599,Mays Pearls of Wisd,NA,PT35M,PT35M,1999-09-07T14:47:00Z,Make and share this Copycat Coffee House Whipped Cappuccino recipe from Food.com.,character(0),Beverages,"c(""Low Protein"", ""Low Cholesterol"", ""Healthy"", ""< 60 Mins"", ""Easy"")","c(""1/2"", ""2 1/2"", ""1/4"", ""1"")","c(""2% low-fat milk"", ""sugar"")",4.5,2,274,6.1,3.9,24.4,147.9,45.8,0.6,40.4,10.2,2,NA,"c(""Combine espresso, milk, sugar and pectin in a pitcher or covered container."", ""Stir or shake until sugar is dissolved."", ""Chill and serve cold."", ""NOTES :"", ""To make the \""Mocha\"" variety, add a pinch (1/16 teaspoon) of cocoa powder to the mixture before combining."", ""To fake espresso with a drip coffee maker and standard grind of coffee:"", ""Use 1/3 cup ground coffee and 1 cup of water."", ""Brew once then run coffee through machine again, same grounds."", ""Makes about 1/2 cup fresh espresso to use in the above recipe.""
)"
000527,*527*,Coquilles St. Jacques Duglere,1543,Doreen Randal,PT23M,PT50M,PT1H13M,1999-09-07T20:16:00Z,"When I was looking for another recipe, I found this.  It's about 15 years since I made it.  Memories soon came back. Delish!",character(0),Weeknight,"c(""Oven"", ""< 4 Hours"")","c(""1"", ""1/2"", ""1"", ""6 -8"", ""1"", NA, ""6"", ""1/2"", ""1/4"", NA, ""2"", ""1"", ""1"", ""1/4"", ""1"", NA, NA)","c(""potato"", ""butter"", ""milk"", ""scallops"", ""shallots"", ""onion"", ""salt"", ""peppercorns"", ""bay leaf"", ""water"", ""lemon juice"", ""tomatoes"", ""butter"", ""flour"", ""parsley"", ""butter"")",NA,NA,283.2,13.4,8.3,44.3,237,31.7,3.3,8.7,10.3,NA,4,"c(""First make the potato puree.  Peel and boil potatoes, drain and dry them, then beat them to a puree with the milk and butter."", ""Put scallops in a pan with the sliced shallot or onion, salt, peppercorns, and bayleaf."", ""Pour on the water, add the lemon juice and poach gently for 5 minutes."", ""(Do not let the scallops boil because this toughens them.)"", ""Scald and skin the tomatoes, cut into four, remove seeds, cut flesh in four again."", ""Melt the butter in a pan, remove from heat, and stir in the flour."", 
""Blend in the liquid strained from the scallops."", ""Stir over a gentle heat until liquid starts to thicken; add the creamy milk and bring to the boil."", ""Simmer for 2 or 3 minutes, taste for seasoning."", ""Add prepared tomatoes and parsley."", ""Slice or quarter the scallops and put into 4 to 6 buttered deep scallop shells; spoon the sauce over."", ""Pipe potato puree around each shell, sprinkle lightly with brown breadcrumbs and a few tiny shavings of extra butter."", ""If you prepare dish early in the day, put it in a hot oven 400 degrees Fahrenheit for 10 to 15 minutes to heat through."", 
""If freshly cooked and scallops, potatoes and sauce are hot, put under the grill to glaze and brown the potatoes."")"
000528,*528*,Corn and Potato Chowder,1562,Libby1,PT27M,PT15M,PT42M,1999-09-20T19:30:00Z,Make and share this Corn and Potato Chowder recipe from Food.com.,"c(""https://img.sndimg.com/food/image/upload/w_555,h_416,c_fit,fl_progressive,q_95/v1/img/recipes/52/8/pica4yzbf.jpg"", ""https://img.sndimg.com/food/image/upload/w_555,h_416,c_fit,fl_progressive,q_95/v1/img/recipes/52/8/picUF0CFB.jpg"", ""https://img.sndimg.com/food/image/upload/w_555,h_416,c_fit,fl_progressive,q_95/v1/img/recipes/52/8/picospDEX.jpg"", ""https://img.sndimg.com/food/image/upload/w_555,h_416,c_fit,fl_progressive,q_95/v1/img/recipes/52/8/picHP0gbe.jpg"", ""https://img.sndimg.com/food/image/upload/w_555,h_416,c_fit,fl_progressive,q_95/v1/img/recipes/52/8/picnrQfEG.jpg""
)",Chowders,"c(""Potato"", ""Corn"", ""Vegetable"", ""Low Protein"", ""Low Cholesterol"", ""Healthy"", ""< 60 Mins"")","c(""2"", ""1"", ""1"", ""1/2"", ""2"", ""15"", ""1"", ""1"")","c(""bacon"", ""onion"", ""potato"", ""red bell pepper"", ""milk"", ""corn"", ""corn"", ""fresh thyme"")",5,10,314.2,10.7,4.7,24.8,493.9,50.1,4.5,7.2,10.2,4,NA,"c(""Cook bacon in heavy large saucepan over medium heat until fat is   rendered, about 3 minutes."", ""Add onion and cook until tender, stirring occasionally, for about 8 minutes."", ""Add potato and bell pepper and saute 1  minute."", ""Add 2 cups of milk and bring to a boil."", ""Reduce heat and simmer until vegetables are tender and soup thickens slightly, stirring occasionally, about 15 minutes."", ""Add creamed corn, fresh or frozen corn kernels, and 1 tablespoon thyme (or 1 teaspoon dried thyme) to soup."", 
""Simmer until heated through."", ""Season to taste with   salt and pepper If soup is too thick, thin with additional milk."")"
000529,*529*,Corn Chowder,1592,polar-express,PT20M,PT10M,PT30M,1999-08-22T04:33:00Z,Make and share this Corn Chowder recipe from Food.com.,character(0),Chowders,"c(""Corn"", ""Vegetable"", ""Low Protein"", ""Low Cholesterol"", ""Healthy"", ""Free Of..."", ""< 30 Mins"", ""Easy"")","c(""6"", ""2 -3"", ""1"", ""2 -3"", ""1 1/2"", NA, ""1"", NA)","c(""bacon"", ""potatoes"", ""onion"", ""celery ribs"", ""water"", ""bacon"")",5,6,911.1,24,7.7,32.6,1717.5,164.6,17.6,23.2,23.3,NA,1 batch,"c(""Dice  bacon, fry until crisp; drain and set aside, reserving 3 tablespoons of grease."", ""Stir diced potatoes,  diced onion, and celery into the grease."", ""Add water, salt and pepper to taste."", ""Cook until soft."", ""Then add can cream style corn and can of milk."", ""Heat to desired temperature."", ""Dish up into soup bowls and garnish with crumbled bacon."")"
000531,*531*,Grilled Swordfish or Tuna Steaks,1549,Dave5003,PT8M,PT8H,PT8H8M,1999-09-12T06:38:00Z,Make and share this Grilled Swordfish or Tuna Steaks recipe from Food.com.,character(0),Tuna,"c(""Lactose Free"", ""Healthy"", ""Free Of..."", ""Easy"")","c(""1/2"", ""1/2"", ""1"", ""1"", ""4"", ""1"", ""1"", NA, ""4"")","c(""soy sauce"", ""dried parsley flakes"", ""dried oregano"", ""ketchup"", ""tomato sauce"", ""garlic clove"", ""swordfish steaks"", ""tuna steaks"")",3,1,220.4,5.7,1.5,53,2302.5,10.6,0.7,7,31.4,4,NA,"c(""Combine marinade and place in Ziploc plastic bag."", ""Add fish, seal and refrigerate overnight, occasionally turning bag to distribute marinade."", ""Drain marinade."", ""Grill fish on a rack, about 4 to 5 minutes on each side over hot coals or briquettes (center will be a little pink ) or as desired."", ""Overcooking causes a dry fish."")"
000532,*532*,Grilled Lamb with Lima Bean Skordalia,1554,Jacques Lorrain,PT4H10M,PT1H15M,PT5H25M,1999-09-05T20:11:00Z,Make and share this Grilled Lamb with Lima Bean Skordalia recipe from Food.com.,character(0),Lamb/Sheep,"c(""Beans"", ""Meat"", ""Weeknight"")","c(""3/4"", ""4"", ""1"", ""2"", ""2"", ""1"", ""1"", ""1"", ""3"", ""3/4"", NA, ""2"", NA)","c(""plain yogurt"", ""garlic"", ""fresh rosemary"", ""fresh lemon zest"", ""pepper"", ""leg of lamb"", ""frozen baby lima beans"", ""garlic"", ""olive oil"", ""fresh lemon juice"", ""fresh parsley"")",NA,NA,390.4,28.5,4.5,4,65.4,27.1,6.1,1.5,8.6,6,NA,"c(""FOR LAMB: Puree first 6 ingredients in blender or processor."", ""Score large  muscles of lamb to form even thickness."", ""Rub yogurt mixture over lamb."", ""Transfer to shallow dish.  Cover and chill overnight."", ""FOR SKORDALIA: Place beans in processor."", ""With machine running, add garlic through feed tube and chop."", ""Gradually add oil and puree, scraping down sides as needed."", ""Season to taste with lemon juice, salt and pepper."", ""Stir in parsley."", ""(Can be made 4 hours ahead.  Cover; let stand at room temperature.)"", 
""Prepare barbecue (medium-high heat) or preheat broiler."", ""Season lamb with salt and pepper."", ""Grill lamb about 10 minutes per side for medium-rare. Let stand 5 minutes."", ""Cut lamb against grain into thin slices."", ""Serve lamb with skordalia and bread."")"
000533,*533*,Grilled Grapefruit-Marinated Shrimp,1549,Dave5003,PT3H1M,PT15M,PT3H16M,1999-09-12T06:36:00Z,"I tried this recipe -- it turned out very well! A comment though, I don't think using THREE grapefruits is completely necessary (I got by with one large grapefruit), but try the recipe for yourself. This is courtesy of MSNBC and chef Rick Moonen of midtown Manhattan's Oceana restaurant.",character(0),Citrus,"c(""Fruit"", ""Weeknight"", ""< 4 Hours"")","c(""12"", ""3"", ""1/2"", ""3/4"", ""3"", ""6"", ""1"", NA)","c(""jumbo shrimp"", ""grapefruits"", ""olive oil"", ""cilantro"", ""scallions"", ""extra-dry vermouth"")",3,1,1581.6,115,16.2,510.7,519.8,70.6,3.9,3.6,75.2,NA,1 batch,"c(""Submerge the zests of the grapefruit in olive oil and heat up to 160 degrees for five minutes."", ""Put oil and remaining ingredients in a shallow glass dish and  submerge shrimp in it. Cover with plastic and refrigerate.  Marinate shrimp for  at least 3 hours so flavors can penetrate.  Remove shrimp from marinade and  place on a paper towel before grilling."", ""Grill for 1 1/2 minutes on each side  over hot coals."", ""Season with salt and pepper if desired."")"
000534,*534*,Green Mango Salad With Cilantro Vinaigrette,1533,Dancer,NA,PT15M,PT15M,1999-08-11T19:59:00Z,Make and share this Green Mango Salad With Cilantro Vinaigrette recipe from Food.com.,character(0),Fruit,"c(""Low Protein"", ""Low Cholesterol"", ""Healthy"", ""Free Of..."", ""< 15 Mins"", ""Easy"")","c(""1"", ""1"", ""1"", ""3"", ""1"", ""1"", ""1"", ""1"")","c(""mango"", ""bean sprouts"", ""carrot"", ""lemon juice"", ""low sodium soy sauce"", ""garlic clove"", ""granulated sugar"", ""fresh cilantro"")",5,2,92.2,0.6,0.1,0,146.9,22.5,2.8,18.8,2.2,4,NA,"c(""Peel, seed and grate mango."", ""In a medium bowl, combine mango, bean sprouts, and  grated carrot."", ""Mix remaining ingredients in a small bowl and combine with mango  mixture."")"
000535,*535*,Greens and Apples,1533,Dancer,NA,PT25M,PT25M,1999-08-13T13:23:00Z,"Tart, sweet apples go very nicely with tangy greens. This dish is especially nice with mustard greens or kale.",character(0),Apple,"c(""Greens"", ""Fruit"", ""Vegetable"", ""Low Protein"", ""Low Cholesterol"", ""Healthy"", ""Free Of..."", ""< 30 Mins"", ""Easy"")","c(""2"", ""2"", ""1/3"", ""1"", NA)","c(""soy margarine"", ""granny smith apples"", ""greens"")",5,4,91.5,2.1,0.3,0,31.9,19.1,1.7,16.2,0.3,4,NA,"c(""In large saucepan, melt margarine over medium heat. Add apples and cook,  stirring, until lightly browned."", ""Add remaining ingredients."", ""Cover and cook,  stirring occasionally, until greens are tender."", ""Serve immediately."")"
000536,*536*,Corn Dog Casserole,1545,Nancy Van Ess,NA,PT1H,PT1H,1999-09-07T20:41:00Z,Make and share this Corn Dog Casserole recipe from Food.com.,"c(""https://img.sndimg.com/food/image/upload/w_555,h_416,c_fit,fl_progressive,q_95/v1/img/recipes/53/6/picA0zurt.jpg"", ""https://img.sndimg.com/food/image/upload/w_555,h_416,c_fit,fl_progressive,q_95/v1/img/recipes/53/6/7WuOgZhvRoy5v32Mbg81_D9968067-7DA5-4A5C-A441-4812541B21F1.jpeg"", ""https://img.sndimg.com/food/image/upload/w_555,h_416,c_fit,fl_progressive,q_95/v1/img/recipes/53/6/picW4GgBS.jpg"", ""https://img.sndimg.com/food/image/upload/w_555,h_416,c_fit,fl_progressive,q_95/v1/img/recipes/53/6/picTEzCvc.jpg"", 
""https://img.sndimg.com/food/image/upload/w_555,h_416,c_fit,fl_progressive,q_95/v1/img/recipes/53/6/picMkneMw.jpg"", ""https://img.sndimg.com/food/image/upload/w_555,h_416,c_fit,fl_progressive,q_95/v1/img/recipes/53/6/picbwb4qy.jpg"")",Vegetable,"c(""Meat"", ""Kid Friendly"", ""< 60 Mins"", ""Oven"")","c(""2"", ""2"", ""1 1/2"", ""1 1/2"", ""2"", ""1 1/2"", ""2"", ""1/4"", ""17"", ""8"")","c(""celery"", ""butter"", ""margarine"", ""green onions"", ""eggs"", ""milk"", ""rubbed sage"", ""pepper"", ""sharp cheddar cheese"")",4.5,68,487.7,31.9,14.1,91.2,1153.8,33.5,3.3,10.8,16.4,12,NA,"c(""In skillet, saute celery in butter for 5 min."", ""Add onions; saute 5 min."", ""Place in  a large bowl; set aside. Cut hot dogs lengthwise into 1/4s, then cut into 1/3s."", ""In the same skillet, saute hot dogs for 5 min.  or until lightly browned; add to  vegetables.  set aside 1 cup."", ""In a large bowl, combine eggs, milk, sage and pepper."", ""Add the remaining hot dog  mixture. Stir in corn bread mixes."", ""Add 1 1/2 cup cheese.  Spread into a shallow 3 quart baking dish."", ""Top with reserved hot dog mixture  and remaining cheese. Bake, uncovered, at 400 degrees for 30 min.  or until  golden brown."", 
""NOTES : I just use my own corn bread recipe."")"
000537,*537*,Apricot Pound Cake,1546,Jane McCLure,NA,PT25M,PT25M,1999-09-13T15:13:00Z,Make and share this Apricot Pound Cake recipe from Food.com.,character(0),Dessert,"c(""Low Protein"", ""Low Cholesterol"", ""Healthy"", ""< 30 Mins"", ""Oven"", ""Easy"")","c(""1"", ""1"", NA, NA)","""egg""",NA,NA,2328.9,57.3,8.6,0,3484.5,433.6,5.8,309.4,24.2,1,NA,"c(""Follow cake recipe on the back of the box except substitute apricot nectar for water."", ""Pour into a prepared (greased/flour) Bundt cake pan."", ""Cook by directions on back of box for a Bundt cake.  Cool in pan."", ""Turn out onto platter."", ""Drizzle with lemon drizzle. Lemon Drizzle 1 cup powdered sugar juice of lemon Mix until slightly thin, drizzle over cake"")"
000538,*538*,Ginger Layer Dessert,1543,Doreen Randal,NA,PT35M,PT35M,1999-09-13T14:03:00Z,Make and share this Ginger Layer Dessert recipe from Food.com.,character(0),Dessert,"c(""Fruit"", ""Low Protein"", ""< 60 Mins"")","c(""450"", ""1"", ""1 1/4"", NA)","c(""mandarin oranges"", ""pears"")",NA,NA,351.7,19.5,10.7,55.3,292.4,42.2,1.9,16.1,3.9,6,NA,"c(""Drain the cans of fruit, reserving the syrup."", ""Place one third of the gingernuts in a layer in the bottom of a 5 cup souffle dish and spoon over just enough of the syrup to moisten the biscuits."", ""Arrange one third of the fruit on top and cover with a layer of cream."", ""Repeat the layers twice and chill in the refrigerator."", ""Decorate with chocolate vermicelli before serving."", ""Cheers,  Doreen Doreen Randal,  Wanganui."", ""New Zealand."")"
000539,*539*,Gingerbread Yule Log,1599,Mays Pearls of Wisd,PT3M,PT1H,PT1H3M,1999-09-06T04:48:00Z,Make and share this Gingerbread Yule Log recipe from Food.com.,character(0),Dessert,"c(""Christmas"", ""Weeknight"", ""Oven"", ""< 4 Hours"")","c(""3"", ""1/2"", ""1"", ""1/4"", ""1"", ""3/4"", ""3/4"", ""1/2"", ""1/2"", ""1/2"", ""1/8"", ""1 1/2"", ""1/3"", ""1"", ""1"", ""1/4"", NA)","c(""eggs"", ""molasses"", ""butter"", ""margarine"", ""sugar"", ""all-purpose flour"", ""baking powder"", ""baking soda"", ""cinnamon"", ""ginger"", ""clove"", ""salt"", ""confectioners' sugar"", ""cinnamon"", ""vanilla extract"", ""clove"", ""cinnamon"")",5,1,287.2,16,9.5,107.8,202.8,32.8,0.6,18.4,4,10,NA,"c(""In a mixing bowl, beat yolks on high until thickened, about 3 minutes."", ""Beat in molasses and butter. In another bowl, beat whites until foamy;"", ""gradually add sugar, beating until soft peaks form. Fold into yolk mixture."", ""Combine dry ingredients; gently fold into egg mixture until well mixed."", ""Line a greased 15x10x1 in. baking pan with waxed paper; grease and flour paper."", ""Spread batter into pan. Bake at 375'F for 9-12 minutes or until cake springs back when lightly touched."", ""Turn onto a linen towel dusted with confectioners' sugar."", 
""Peel off paper and roll cake up in towel, starting with short end."", ""Cool on a wire rack"", ""Meanwhile, beat the first five filling ingredients in a mixing bowl until soft peaks form."", ""Unroll cake; spread with half the filling. Roll up."", ""Spread remaining filling over cake."", ""Sprinkle with cinnamon if desired."")"
000540,*540*,Grandma's Banana Ice Cream,1548,Peggy Benisch,NA,PT15M,PT15M,1999-08-23T20:41:00Z,"Looking for a banana ice cream recipes more than any thing, ala Ben &amp; Jerry's &quot;Chunky Monkey&quot; Ice Cream?  
Hope this helps!  It's good! Peg.",character(0),Frozen Desserts,"c(""Dessert"", ""Healthy"", ""Kid Friendly"", ""Free Of..."", ""< 15 Mins"", ""For Large Groups"", ""Refrigerator"", ""Small Appliance"", ""Easy"")","c(""4"", ""3"", ""2"", ""1"", ""1"", ""6"", ""2 1/2"")","c(""eggs"", ""sugar"", ""vanilla"", ""salt"", ""bananas"")",3.5,4,413,9.7,5.5,76.5,138.4,74.1,1,70.9,9.9,18,1 gallon,"c(""Beat eggs and sugar together."", ""Add next four ingredients to the ice cream maker and add enough homogenized milk to make 1 gallon liquid."", ""Freeze in maker or churn until frozen following manufacturer's instructions."")"
000541,*541*,Slow-Cooker Grape Jelly Meatballs,59780,Pamela,PT30M,PT25M,PT55M,1999-08-14T20:14:00Z,Make and share this Slow-Cooker Grape Jelly Meatballs recipe from Food.com.,character(0),Berries,"c(""Grapes"", ""Fruit"", ""Meat"", ""Kid Friendly"", ""< 60 Mins"")","c(""2"", ""1/4"", ""1"", ""1"", NA, NA, ""1"", ""1"", ""1"")","c(""lean beef"", ""potato"", ""egg"", ""onion"", ""Heinz Chili Sauce"", ""Worcestershire sauce"")",4.5,18,22.2,0.8,0.3,7.7,30.4,1.7,0.1,0.8,2.1,NA,100 small meatballs,"c(""Sauce: 13 ounce bottle Heinz Chili Sauce 5 ounce jar grape jelly dash Worcestershire sauce Combine first 4 ingredients in large bowl and mix well."", ""Add enough breadcrumbs  to make meatballs the proper consistency; if the  mixture becomes too dry and  crumbly, add a little milk and  continue.  Season with salt and pepper."", ""Form  into small  meatballs."", ""Brown meatballs, a few at a time, in a large skillet  over medium- high heat.  If meat is very lean, you may need to add a bit of oil  to  your skillet.  Blend sauce ingredients and pour over meatballs."", 
""Cover and  simmer about 30 minutes, stirring occasionally     or,  transfer meatballs to a  crock pot, and cook on low for several hours  until done. Serve warm."")"
000542,*542*,Gray Girls' Easy Chicken Fingers,1549,Dave5003,PT20M,PT10M,PT30M,1999-09-06T04:37:00Z,Very easy! This is a great meal to serve on those busy nights. I have four girls and they love this recipe and love to &quot;help&quot; even more!  Enjoy!,"""https://img.sndimg.com/food/image/upload/w_555,h_416,c_fit,fl_progressive,q_95/v1/img/recipes/54/2/picWtoOPr.jpg""",Chicken Breast,"c(""Chicken"", ""Poultry"", ""Meat"", ""Very Low Carbs"", ""Low Protein"", ""Low Cholesterol"", ""< 30 Mins"", ""For Large Groups"", ""Oven"", ""Easy"")","c(NA, NA, NA)","""boneless skinless chicken breast""",4.5,13,0,0,0,0,0,0,0,0,0,14,NA,"c(""Cut chicken into strips."", ""Dip chicken in the salad dressing and then in the smashed crackers!"", ""Bake for 15-20 minutes at 400F."")"
000543,*543*,Greek Chicken and Cucumber Sauce,1533,Dancer,PT24H29M,PT35M,PT25H4M,1999-08-07T08:02:00Z,Make and share this Greek Chicken and Cucumber Sauce recipe from Food.com.,character(0),Chicken Breast,"c(""Chicken"", ""Poultry"", ""Meat"", ""Greek"", ""European"", ""Free Of..."", ""Weeknight"", ""Broil/Grill"", ""Oven"")","c(""2"", ""1"", ""1/2"", ""1/2"", ""1/4"", ""1/4"", ""2"", ""1"", ""1"", ""1"", ""1/2"", ""1/2"", ""2"", ""2"", ""2"")","c(""lemon juice"", ""olive oil"", ""salt"", ""pepper"", ""oregano"", ""cumin"", ""garlic cloves"", ""boneless skinless chicken"", ""English cucumber"", ""salt"", ""skim milk yogurt"", ""light mayonnaise"", ""parsley"", ""of fresh mint"", ""garlic cloves"")",5,16,297.5,16.4,2.7,83.9,1271.1,9.8,0.8,5.1,27,4,NA,"c(""Combine marinade ingredients and pour over chicken."", ""Marinate in the fridge for up to 24 hours."", ""Remove chicken from marinade and grill over medium heat for 5 -7 minutes per side."", ""Serve with rice, or oven roasted potatoes, and cucumber sauce."", ""Makes 4 servings."", ""Tip: The marinade can also be used on strips of chicken."", ""After marinating, thread the strips onto skewers and grill for 5 - 7 minutes per side."", ""CUCUMBER SAUCE:"", ""In a strainer mix cucumber and salt and set aside for at least 15 minutes."", 
""Squeeze excess liquid from cucumber."", ""Blend grated cucumber with remaining sauce ingredients and refrigerate until needed."", ""Serve with Greek Chicken."", ""Tip: If you don't have a strainer put cucumber and salt in a double layer of paper coffee filters."", ""Gently squeeze the excess liquid out of the mixture."")"
000544,*544*,Greek Mushroom Salad,1587,rosasharn,PT3M,PT35M,PT38M,1999-08-10T06:48:00Z,Make and share this Greek Mushroom Salad recipe from Food.com.,"c(""https://img.sndimg.com/food/image/upload/w_555,h_416,c_fit,fl_progressive,q_95/v1/img/recipes/54/4/picm6OUo3.jpg"", ""https://img.sndimg.com/food/image/upload/w_555,h_416,c_fit,fl_progressive,q_95/v1/img/recipes/54/4/picG9vquy.jpg"", ""https://img.sndimg.com/food/image/upload/w_555,h_416,c_fit,fl_progressive,q_95/v1/img/recipes/54/4/pic4rQr9m.jpg"", ""https://img.sndimg.com/food/image/upload/w_555,h_416,c_fit,fl_progressive,q_95/v1/img/recipes/54/4/picvkiTk3.jpg"", ""https://img.sndimg.com/food/image/upload/w_555,h_416,c_fit,fl_progressive,q_95/v1/img/recipes/54/4/picABU2n5.jpg"", 
""https://img.sndimg.com/food/image/upload/w_555,h_416,c_fit,fl_progressive,q_95/v1/img/recipes/54/4/pic4LAjcV.jpg"")",Greek,"c(""European"", ""Low Protein"", ""Low Cholesterol"", ""Free Of..."", ""< 60 Mins"")","c(""1"", ""1/2"", ""3"", ""1"", ""1"", ""3"", ""1/2"", ""1"", ""1"", ""1"")","c(""olive oil"", ""mushroom"", ""garlic cloves"", ""basil"", ""marjoram"", ""tomatoes"", ""lemon juice"", ""water"", ""salt"", ""fresh pepper"", ""fresh parsley"", ""fresh coriander"")",4.5,9,36.1,2.5,0.3,0,30.1,3.1,0.7,1.5,1.5,6,NA,"c(""Heat the oil on low in a frying pan, then gently fry the mushrooms for 2-3 minutes."", ""Do not overcook."", ""Sprinkle in garlic and basil, then toss the mixture for a minute or two so that mushrooms are well coated."", ""Add the tomato, lemon juice, water, salt, and pepper."", ""Stir together and cook until the tomato softens."", ""Remove from heat and let cool."", ""Garnish with chopped herbs."")"
000545,*545*,Greek Salad,1646,WildlifeDi,PT30M,PT1H30M,PT2H,1999-08-12T07:10:00Z,"This is quite lengthy and I have not given this out in 25 years of coveting  it so   consider yourself lucky!  LOL  Greek Salad Louis Pappas Restaurant Tarpon Springs, Florida   Potato Salad for center of salad",character(0),Lunch/Snacks,"c(""Potato"", ""Vegetable"", ""Greek"", ""European"", ""Weeknight"", ""< 4 Hours"")","c(""6"", ""4"", ""1/4"", ""1/2"", ""1/2"", ""1"", ""12"", ""2"", ""1"", ""1"", ""4"", ""1"", ""4"", ""4"", ""4"", ""12"", ""12"", ""4"", ""4"")","c(""boiling potatoes"", ""green bell peppers"", ""parsley"", ""green onion"", ""head of lettuce"", ""watercress"", ""tomatoes"", ""cucumber"", ""avocado"", ""feta cheese"", ""green pepper"", ""beets"", ""jumbo shrimp"", ""anchovy fillets"", ""radishes"", ""green onions"")",5,9,1042.6,61.9,36.5,266,3113.8,79,13.7,23.9,49.7,4,NA,"c(""Boil potatoes in skins for 30 minutes."", ""Drain, cool and cut into slices in a  bowl."", ""Add peppers, onions and parsley."", ""Fold in salad dressing and lightly  salt if wanted."", ""Should be about 3 cups Salad ingredients needed 1 head of lettuce shredded, saving the good outer leaves 12 sprigs of watercress 2 tomatoes cut into 12 wedges 1 cucumber cut into 8 fingers 1 avocado cut into 8 wedges 4 portions of Feta cheese, blocks are good for slicing into squares 1 green pepper cut into 8 rings 4 slices of cooked beets (bottled is fine) 4 jumbo cooked shrimp 4 anchovy fillets 12 Greek olives 12 Salonika peppers 4 radishes cut into rosettes 4 whole green onions Line platter or LARGE (this is a meal!) bowl with the outside of the lettuce  leaves."", 
""Place the 3 cups of potato salad in a mound in the center of the  lettuce.  Cover with the remaining shredded lettuce, mounding it up high."", ""Arrange the watercress on top."", ""Place the tomato wedges around the bottom  outer edge of the lettuce.  Place the cucumber fingers in-between the  tomatoes standing upright on the lettuce.  Put avocado around the same way so  you have tomato, cucumber, avocado repeating all round."", ""Place the 4 fetas  around  the top in a circle.  Add the beets on the feta and the shrimp on the beet.   Place the anchovy on top of the shrimp/beet/feta."", 
""Place the olives, peppers,  green onions as desired."", ""This is a beautiful dish."", ""You will see the empty  spots to fill."", ""Dressing 1/4 cup white vinegar 1/4 cup olive oil  1/4 cup vegetable oil oregano   Blend the two oils."", ""Sprinkle the entire salad with the vinegar then with the  blended oils."", ""Sprinkle oregano all over."", ""Serve immediately."", ""If you want to  make it early  in the day, wait until serving time to do the feta, beet, shrimp, anchovy."", ""The beet will stain the cheese.  We find it hard to destroy this work of art until we remember how wonderful  it is!! Serve with toasted garlic bread for a meal."", 
""Diane Pyburn"")"
000546,*546*,Green Death Tuna Sandwich,1648,a-j-b,NA,PT10M,PT10M,1999-08-26T19:03:00Z,Make and share this Green Death Tuna Sandwich recipe from Food.com.,character(0),Lunch/Snacks,"c(""Tuna"", ""< 15 Mins"", ""Easy"")","c(""1"", ""3 -4"", ""1"", ""1"", NA, ""2"", ""4"")","c(""tuna"", ""mayonnaise"", ""avocado"", ""pepper"", ""cheese slices"")",5,4,758,41.6,10.8,170.6,796,39.6,10.5,5.4,57.5,2,NA,"c(""Mix first five ingredients together."", ""Toast whole grain bread."", ""Top two slices with cheese followed by the tuna salad."", ""Cover with remaining toasted bread."", ""Variation: Green Death Tuna Melt. Fill two pieces of bread with cheese and tuna salad.  Butter the outsides of the bread and cook as for grilled cheese sandwiches."")"
000547,*547*,Baked Creamed Potatoes,1543,Doreen Randal,PT30M,PT30M,PT1H,1999-08-13T13:06:00Z,Make and share this Baked Creamed Potatoes recipe from Food.com.,"""https://img.sndimg.com/food/image/upload/w_555,h_416,c_fit,fl_progressive,q_95/v1/img/recipes/54/7/picLqiIR3.jpg""",Potato,"c(""Vegetable"", ""Free Of..."", ""< 60 Mins"", ""Oven"")","c(""2"", ""1"", ""1/2"", ""1/4"", ""2"", ""2"", NA, ""2"", NA, ""1/4"")","c(""potatoes"", ""mayonnaise"", ""sour cream"", ""milk"", ""eggs"", ""mustard"", ""parsley"", ""cheese"", ""parmesan cheese"")",4.5,2,267.1,15.2,4.2,65.4,311.1,28,2.6,3.4,6,8,NA,"c(""Peel and chop potatoes, cook in boiling salted water until tender, drain well."", ""Mash until smooth, mix with mayonnaise, sour cream, milk, lightly beaten eggs, mustard and parsley; season with salt and pepper."", ""Press mixture though a sieve, spoon mixture evenly into a greased casserole dish."", ""Sprinkle with grated cheeses."", ""Bake in a moderate oven 20 - 30 minutes or until golden on top."")"
000548,*548*,Grilled Bourbon Salmon,1612,JANIC412,PT1H7M,PT20M,PT1H27M,1999-08-31T21:12:00Z,Make and share this Grilled Bourbon Salmon recipe from Food.com.,"""https://img.sndimg.com/food/image/upload/w_555,h_416,c_fit,fl_progressive,q_95/v1/img/recipes/54/8/pic6LZJLm.jpg""",Pineapple,"c(""Tropical Fruits"", ""Fruit"", ""Weeknight"", ""Broil/Grill"", ""Oven"", ""< 4 Hours"")","c(""1/4"", ""2"", ""2"", ""1"", ""1/4"", ""1/8"", ""1/2"", ""1"")","c(""soy sauce"", ""brown sugar"", ""Bourbon"", ""fresh cracked pepper"", ""garlic powder"", ""salmon fillet"")",5,22,429.3,32.3,4.5,52.3,590.4,9.4,0.1,8.4,24.4,4,NA,"c(""Combine juice, soy, brown sugar, bourbon, pepper, garlic powder and oil in a bowl."", ""Remove all skin from the salmon."", ""Place the salmon in a glass dish side by side. Pour some of the marinade over (reserve some for basting while grilling). Refrigerate for at least 1 hour a few hours will be even better."", ""Drain and grill over med.-high about 5-7 minutes per side or until fish flakes-basting with the reserved marinade."")"
000549,*549*,Grilled Chicken & Veggie Pizza,1533,Dancer,PT12M,PT40M,PT52M,1999-08-11T19:35:00Z,Make and share this Grilled Chicken & Veggie Pizza recipe from Food.com.,character(0),Chicken Breast,"c(""Chicken"", ""Poultry"", ""Meat"", ""< 60 Mins"")","c(""1/2"", ""1/4"", ""1"", ""1"", ""1"", ""3"", ""1"", ""1/4"", ""1"")","c(""boneless skinless chicken"", ""zucchini"", ""onion"", ""mozzarella cheese"", ""tomatoes"", ""fresh basil"")",NA,NA,386.5,23.9,11.9,99.4,814.2,9.9,1.9,5.8,33.2,4,NA,"c(""Coat chicken with salad dressing and barbecue over medium heat for 5-7 minutes  per side. Cool slightly and slice thinly."", ""Barbecue red pepper until skin is  blackened on all sides."", ""Put pepper in a plastic bag and close bag until pepper  is cool enough to handle. Remove and discard skin, seeds and core. Cut pepper  into strips."", ""Slice zucchini lengthwise and slice onion into thick slices."", ""Barbecue until softened."", ""Cut zucchini into bite size pieces."", ""Sprinkle 1 cup of  cheese over pizza crust and top with tomato slices."", 
""Arrange chicken and  vegetables on top and sprinkle with remaining cheese and fresh basil."", ""Put pizza  on the barbecue, close the lid, and bake for 3 to 5 minutes or until the crust  is lightly browned and the cheese has melted."", ""Serves 2 to 4 people."")"
000550,*550*,Grilled Bell Peppers,1776,D. M. Karon,PT12M,PT35M,PT47M,1999-08-19T05:07:00Z,Make and share this Grilled Bell Peppers recipe from Food.com.,"""https://img.sndimg.com/food/image/upload/w_555,h_416,c_fit,fl_progressive,q_95/v1/img/recipes/55/0/picQzBF8p.jpg""",Peppers,"c(""Vegetable"", ""Very Low Carbs"", ""Low Protein"", ""Low Cholesterol"", ""Free Of..."", ""< 60 Mins"", ""Easy"")","c(NA, NA, NA)","c(""bell pepper"", ""olive oil"")",5,12,0,0,0,0,0,0,0,0,0,NA,1 batch,"c(""Take several bell peppers, cleaned of the stems and seeds.  Cut into strips lengthwise.  These can be four to six depending  on the size of the peppers and your preference."", ""Season LIGHTLY with salt and freshly ground black pepper."", ""Brush both sides of the strips with good olive oil."", ""Place  skin side down on hot grill, until skin blisters and peppers soften   (3-8 minutes depending on grill). You can let the skin brown a bit if desired."", ""Turn peppers and grill until inner side is done (about half the time of  the skin side -- 2-4 minutes)."", 
""Try this with different color peppers.  Maybe add a few green onions."", ""Try this with Anaheim peppers --  Very good!"", ""Try adding sliced zucchini, too."")"
000551,*551*,Grilled Pineapple and Bananas with Mango Sorbet,1549,Dave5003,PT15M,PT45M,PT1H,1999-08-16T06:20:00Z,Make and share this Grilled Pineapple and Bananas with Mango Sorbet recipe from Food.com.,character(0),Frozen Desserts,"c(""Dessert"", ""Pineapple"", ""Tropical Fruits"", ""Fruit"", ""Free Of..."", ""< 60 Mins"")","c(""3"", ""1/2"", ""1/4"", ""1"", ""3"", ""3"")","c(""pineapple"", ""brown sugar"", ""cinnamon"", ""nutmeg"", ""bananas"")",5,1,243.3,0.5,0.1,0,10.2,63.3,5.1,47.8,2,6,NA,"c(""Cut pineapples in half lengthwise, leaving top with leaves attached if you wish  to serve it the pineapple shell."", ""Remove most of the pineapple from the halves,  in one piece if possible, using a paring knife and grapefruit knife.  Cut the  pineapple inside piece in half lengthwise and cut out the core.  Cut in half  lengthwise again and then cut each piece into 2."", ""(You should end up with about  8 long slices from each pineapple.) In a small bowl, combine brown sugar with  cinnamon and nutmeg."", 
""Toss half this mixture with the pineapple. Peel bananas  just before cooking, cut in half crosswise and lengthwise.   Toss with remaining sugar."", ""Barbecue pineapple or broil until browned and partially cooked, about 8  to 10 minutes."", ""Cook bananas until browned, about 5 minutes."", ""Serve \""sticks\"" of  pineapple and bananas in pineapple shells with a scoop  of sorbet.  NOTE: If you are not serving it in the shells, buy the  pineapple already peeled and cored."", ""It can be cut into rounds or sticks.""
)"
000552,*552*,Garlic Cauliflower,1533,Dancer,PT7M,PT5M,PT12M,1999-08-11T19:56:00Z,Make and share this Garlic Cauliflower recipe from Food.com.,"c(""https://img.sndimg.com/food/image/upload/w_555,h_416,c_fit,fl_progressive,q_95/v1/img/recipes/55/2/picEYk4VI.jpg"", ""https://img.sndimg.com/food/image/upload/w_555,h_416,c_fit,fl_progressive,q_95/v1/img/recipes/55/2/picZcB6I0.jpg"", ""https://img.sndimg.com/food/image/upload/w_555,h_416,c_fit,fl_progressive,q_95/v1/img/recipes/55/2/pic1SgpYJ.jpg"")",Cauliflower,"c(""Vegetable"", ""Lactose Free"", ""Free Of..."", ""< 15 Mins"", ""Easy"")","c(""2"", ""1 1/4"", ""1"", ""3"", ""1/4"", ""1/4"")","c(""olive oil"", ""cauliflower florets"", ""red bell pepper"", ""garlic cloves"", ""water"")",4.5,13,68,2.8,0.4,0,44.1,9.6,3.5,4,3.2,4,NA,"c(""Heat oil in a heavy nonstick skillet over medium high heat."", ""Saute next 4 ingredients 2-3 minutes, stirring frequently."", ""Add stock, cover skillet and cook another 3-4 minutes or until cauliflower is tender."")"
000555,*555*,Garlic Greek Sauce,1533,Dancer,NA,PT35M,PT35M,1999-08-12T06:40:00Z,Make and share this Garlic Greek Sauce recipe from Food.com.,character(0),Greek,"c(""European"", ""Low Protein"", ""Low Cholesterol"", ""Free Of..."", ""< 60 Mins"")","c(""1"", ""1"", ""1"", NA, NA, NA)","c(""yogurt"", ""cucumber"", ""garlic"", ""salt"", ""pepper"", ""lemon juice"")",4,3,188.1,7.7,4.9,29.5,111,22.5,1.6,15.6,10,NA,1 batch,"c(""Cut up the cucumber into very small pieces. Sprinkle them with a little salt"", ""and let them sit for a few minutes. This will draw out excess moisture."", ""Rinse them (but don't soak them) to get off the salt. Crush the garlic and"", ""mix it with the yogurt. If you like your sauce thick, drain in through a"", ""cheese cloth and use only the thick stuff that remains. Finally, mix in the"", ""cucumber. I like to add a lot of pepper and, at the last minute, a little"", ""lemon juice."")"
000556,*556*,Garlic Pizza Crust,451242,Robbyn Snider,NA,PT1H30M,PT1H30M,1999-08-25T06:55:00Z,"This is the best ..one of the few recipes that is mine  This started off as a  mistake, turning back and forth in a cook book We make this  every Friday night  and have pizza and movies in the living room..   Garlic Pizza Crust","c(""https://img.sndimg.com/food/image/upload/w_555,h_416,c_fit,fl_progressive,q_95/v1/img/recipes/55/6/picvxagfH.jpg"", ""https://img.sndimg.com/food/image/upload/w_555,h_416,c_fit,fl_progressive,q_95/v1/img/recipes/55/6/pic2TKBZv.jpg"")",Breads,"c(""Low Cholesterol"", ""Healthy"", ""Weeknight"", ""Oven"", ""< 4 Hours"")","c(""2"", ""2"", ""2"", ""1/2"", ""1"", ""5 1/2 - 6"", ""3"")","c(""water"", ""sugar"", ""salt"", ""flour"", ""garlic cloves"")",4.5,12,1814.5,58.5,7.7,0,1181.7,279.7,11.5,13.6,39,NA,2 cookie sheet size crusts,"c(""Dissolve yeast in water and add sugar."", ""wait a few minutes."", ""add oil  and salt  and garlic ."", ""mix in 3 cups flour and whip about 10 min till it leaves the  side of the mixer bowl."", ""add remaining flour w/ dough hook or by hand."", ""knead  till  smooth."", ""allow to rise twice in the bowl."", ""punch down."", ""(I rush this a bit) oil  baking sheets .use fingers press out to edges."", ""Makes 2 pizzas, cookie sheet size, let rise a bit and top."", ""bake at  425*  20min.this is fantastic."", ""crust smells slightly like garlic  bread."", 
""but is  notstrong."", ""We usually make one cheese and the  other with ground."", ""beef, ham,  onion and mushroom."", ""Even the kids say it is the best crust so far."", ""This makes  2 cookie sheet sized or 12 after school snack size I  form them in thebottom of  a cheapo pie pan, top and bake  completely and put them in zip bags."")"
000557,*557*,Baked Breakfast Potatoes,1533,Dancer,PT1H,PT20M,PT1H20M,1999-08-09T16:37:00Z,Make and share this Baked Breakfast Potatoes recipe from Food.com.,character(0),Breakfast,"c(""Potato"", ""Vegetable"", ""Weeknight"", ""Oven"", ""< 4 Hours"")","c(""1"", ""1/4"", ""1"", ""1"", ""4"", ""4"", ""2"", ""1"")","c(""black pepper"", ""nonfat sour cream"", ""sour cream"", ""low-fat sharp cheddar cheese"", ""sharp cheddar cheese"", ""Kraft Healthy Favorites Fat Free Cheddar"", ""cheddar cheese"", ""potatoes"")",5,2,149.3,1.6,1,7.1,136.2,26.7,2.1,4.9,7.4,10,NA,"c(""In a large bowl combine all ingredients except the corn flakes."", ""Mix well and pour into a 9 X 13 inch casserole sprayed with non-stick cooking spray."", ""Sprinkle crushed corn flakes on top."", ""Bake at 350 degrees F or 45 to 60 minutes."")"
000558,*558*,German Potato-Cheese Soup,1549,Dave5003,PT40M,PT30M,PT1H10M,1999-08-17T04:36:00Z,Make and share this German Potato-Cheese Soup recipe from Food.com.,"""https://img.sndimg.com/food/image/upload/w_555,h_416,c_fit,fl_progressive,q_95/v1/img/recipes/55/8/piceCJz28.jpg""",Potato,"c(""Vegetable"", ""German"", ""European"", ""Weeknight"", ""< 4 Hours"")","c(""4"", ""20"", ""4"", ""1/2"", ""3"", ""4"", ""1"", ""2"", ""1"", ""1"", ""1/2"", ""1/2"", ""1/4"", ""4"")","c(""water"", ""chicken broth"", ""pepper"", ""carrots"", ""potatoes"", ""onion"", ""celery"", ""mayonnaise"", ""processed cheese"", ""cheddar cheese"", ""swiss cheese"")",5,24,335.8,20.6,9.7,45.8,775.8,24.2,2.7,5.6,14.3,12,NA,"c(""Peel and prepare vegetables."", ""In a large cooking pot, add water, chicken broth,  chicken soup base, black pepper, carrots, potatoes, onions and bring to boil."", ""Reduce heat and simmer for 15 minutes or until vegetables are tender; stirring  occasionally."", ""Add celery, sweet red pepper and simmer for 5 minutes more.   Gradually add mayonnaise to hot soup, whisking until smooth."", ""Reduce heat to  medium and add processed cheese, sharp cheddar cheese and Swiss cheese and  simmer for 5 minutes or until cheese melts and soup is creamy; stirring  constantly."", 
""Add instant mashed potatoes and stir well."", ""Let soup sit for 15 minutes before serving."", ""This soup is very rich, but good."", ""Refrigerate any unused portion."", ""Serves 12"")"
000559,*559*,Ginger Fried Chicken,1572,Ed Paulhus,PT40M,PT15M,PT55M,1999-09-13T03:06:00Z,Make and share this Ginger Fried Chicken recipe from Food.com.,character(0),Whole Chicken,"c(""Chicken"", ""Poultry"", ""Meat"", ""< 60 Mins"")","c(""2"", ""1/4"", ""2"", ""4"", ""2"", ""1"", ""8"", ""4"")","c(""whole chickens"", ""garlic"", ""Japanese soy sauce"", ""salt"", ""pepper"", ""flour"", ""eggs"")",4,1,2593.3,113.2,32.7,1082.5,11712.8,221.2,11.1,5.7,163.9,1,NA,"c(""Add ginger, garlic, soy sauce, salt, and pepper to chicken, mix well, and  marinate overnight. Add eggs to chicken."", ""Mix together well."", ""Add flour to coat. Mix well."", ""Fry until  golden, about 5 minutes."", ""Finish in oven, 350 degrees for 30-35 minutes."")"
000560,*560*,Gladys' Sweet Onion-Sausage Casserole,1645,A.Smith,PT1H,PT10M,PT1H10M,1999-08-21T11:17:00Z,"This recipe is from the &quot;World Famous Vidalia Sweet Onion Recipes&quot; cookbook published by Dasher Brothers' Farms in Glennville, Georgia.   This recipe is marked in my book as a favorite in &quot;vidalia&quot; country..",character(0),Pork,"c(""Meat"", ""Weeknight"", ""Oven"", ""< 4 Hours"", ""Easy"")","c(""5"", ""12"", ""1"", ""1/2"", ""1/4"", ""1"", ""1 1/2"", ""1"")","c(""no. 1 onions"", ""sausage meat"", ""salt"", ""seasoning salt"", ""cheddar cheese"", ""pimento pepper"")",4.5,2,687.3,53.9,20.2,138.6,1698.1,17.5,1.6,5.6,32.1,NA,NA,"c(""Put onions in bottom of 12\"" x 17\"" Pyrex dish."", ""Add Ritz crackers, then sausage meat."", ""Add a layer of onions, cream of mushroom soup, salt, and seasoning salt."", ""Sprinkle layer of cheese and pimento."", ""Bake in preheated oven at 400F for 1 hour."")"
000561,*561*,Golden Baked Fish,1539,opal Fitzgerald,PT20M,PT30M,PT50M,1999-09-07T20:49:00Z,This is a topping rather than a batter.  It was  a recipe from the Savings pack in with my Taste of Home Magazine.,"""https://img.sndimg.com/food/image/upload/w_555,h_416,c_fit,fl_progressive,q_95/v1/img/recipes/56/1/pic7DAqOf.jpg""",< 60 Mins,"""Oven""","c(""2"", ""1/8"", ""1"", ""1/2"", ""1/4"", ""1/4"", ""1/2"", NA, NA)","c(""pepper"", ""salt"", ""mayonnaise"", ""dill weed"", ""onion"", ""fresh dill"", ""lemon wedge"")",5,7,299.8,6.9,1.1,128.5,294.9,3.6,0,1,52.8,4,NA,"c(""Place fish in a greased 13-in X 9-in x 2 baking dish; sprinkle with pepper."", ""Beat egg white with salt if desired until stiff peaks form."", ""Fold in mayonnaise, dill and onion juice, spoon over fish."", ""Bake uncovered at 425 degrees for 15 to 20 minutes or until topping is puffed and golden and fish flakes easily with a fork."", ""Garnish with dill and lemon if desired."")"
000562,*562*,Baked Crabmeat,1533,Dancer,PT25M,PT25M,PT50M,1999-08-14T19:43:00Z,Make and share this Baked Crabmeat recipe from Food.com.,character(0),Lunch/Snacks,"c(""< 60 Mins"", ""Oven"")","c(""1"", ""1/2"", ""2"", ""1"", ""1/8"", ""1/8"", NA, ""1/3"", ""1/3"")","c(""green peppers"", ""celery"", ""fresh parsley"", ""prepared mustard"", ""pepper"", ""egg substitute"", ""calorie-reduced mayonnaise"", ""fresh crabmeat"")",NA,NA,5.6,0.1,0,0,15.2,1.2,0.5,0.6,0.3,8,NA,"c(""Using a nonstick skillet, coat with cooking spray and place over medium-high  heat until hot."", ""Add chopped pepper and celery and saute until tender; approx.  5  minutes."", ""Remove from heat and add parsley, mustard, ground pepper and hot sauce & stir well."", ""In a separate bowl, beat eggs lightly and combine with mayonnaise;  stir with wire whisk until smooth."", ""Add celery mixture and crabmeat; stirring  gently."", ""Divide into individual baking cups and place on baking sheet. Bake at  375 degrees for 15 to 20 minutes.""
)"
000563,*563*,Grape-Nuts Pie,1533,Dancer,PT50M,PT25M,PT1H15M,1999-08-06T00:40:00Z,Make and share this Grape-Nuts Pie recipe from Food.com.,"""https://img.sndimg.com/food/image/upload/w_555,h_416,c_fit,fl_progressive,q_95/v1/img/recipes/56/3/x5DL56UORN2WSzPK6bEL_IMG_4001.JPG""",Pie,"c(""Dessert"", ""Healthy"", ""Weeknight"", ""Oven"", ""< 4 Hours"")","c(""1/2"", ""1/2"", ""3"", ""3/4"", ""1"", ""1"", ""1"", ""3"")","c(""water"", ""eggs"", ""sugar"", ""dark corn syrup"", ""salt"", ""vanilla"", ""butter"")",4,2,2257,49.9,26.8,649.6,1473.5,452.2,5.1,245.6,26.4,NA,1 pie,"c(""Combine grapenuts and warm water."", ""Let stand until water is absorbed."", ""Combine beaten eggs with all ingredients except pie shell."", ""Fold in grapenuts."", ""Spoon into pie shell."", ""Bake at 350 for 50 minutes."")"
000564,*564*,Greek Lentil & Olive Salad,1533,Dancer,PT1H30M,PT10M,PT1H40M,1999-08-13T13:42:00Z,"Oil-cured olives, often available at the deli counter, add an authentic touch to this earthy salad. However, for a milder dish, you could replace the olives with diced sweet green pepper.",character(0),Lentil,"c(""Beans"", ""Greek"", ""European"", ""Free Of..."", ""Weeknight"", ""< 4 Hours"")","c(""3"", ""2"", ""1/2"", ""1/2"", ""1"", ""1/4"", ""3"")","c(""olive oil"", ""lemon juice"", ""anchovy paste"", ""pepper"", ""green lentils"", ""oil-cured black olive"", ""fresh oregano"", ""parsley"")",4,2,1162.1,25.2,3.5,1.7,214.1,165.3,83.5,5.9,70.5,2,NA,"c(""In large bowl, whisk together oil, lemon juice, anchovy paste and pepper."", ""Stir in lentils, olives and oregano."", ""Cover and let stand for 1 hour."", ""(Salad can be refrigerated in airtight container for up to 8 hours; let stand at room temperature for 30 minutes.) Makes 2 cups (500 mL)."")"
000565,*565*,Greek Low-Fat Red Pepper Feta Dip,1533,Dancer,PT50M,PT5M,PT55M,1999-08-06T00:40:00Z,"No mezi, or hors-d'oeuvre, platter is complete without a dip, and this simple one is intensely flavourful. Serve with pitas, flatbreads or crisp vegetables.","c(""https://img.sndimg.com/food/image/upload/w_555,h_416,c_fit,fl_progressive,q_95/v1/img/recipes/56/5/picMa7teL.jpg"", ""https://img.sndimg.com/food/image/upload/w_555,h_416,c_fit,fl_progressive,q_95/v1/img/recipes/56/5/picSQETut.jpg"")",Cheese,"c(""Peppers"", ""Vegetable"", ""Greek"", ""European"", ""Free Of..."", ""< 60 Mins"", ""Easy"")","c(""2"", ""1"", ""2"", ""1"", ""1"")","c(""feta cheese"", ""red wine vinegar"", ""granulated sugar"", ""cayenne"")",4.5,5,501.8,33,22.5,133.5,1688.1,26.4,7,20.2,24.6,NA,1 cup,"c(""Place peppers on greased grill over medium-high heat; close lid and cook, turning often, for 15 to 20 minutes or until charred."", ""Let cool; peel and seed."", ""In blender or food processor, puree together peppers, feta cheese, vinegar, sugar and cayenne."", ""(Dip can be refrigerated in airtight container for up to 5 days; let stand at room temperature for 30 minutes.)."")"
000566,*566*,Greek Salad Dressing,1647,MJ  BARB HUNDAHL,NA,PT2M,PT2M,1999-08-12T07:14:00Z,"The best way to make the Greek salad is prepare the lettuce, top with lots of  feta cheese, black olives and then put the dressing right over the top.  Mix together just before you are ready to sit down and eat..","""https://img.sndimg.com/food/image/upload/w_555,h_416,c_fit,fl_progressive,q_95/v1/img/recipes/56/6/picweTCoR.jpg""",Salad Dressings,"c(""Greek"", ""European"", ""Very Low Carbs"", ""Low Protein"", ""Free Of..."", ""< 15 Mins"", ""Easy"")","c(""1"", ""3/4"", ""1"", ""1/2"", ""4"", NA)","c(""minced garlic clove"", ""salt"", ""pepper"", ""olive oil"", ""red wine vinegar"", ""oregano"")",4.5,18,485.4,54,7.5,0,875.8,0.6,0,0,0.1,2,NA,"""Place all ingredients in a jar, seal tightly and shake well."""
000567,*567*,Corn Dogs,1535,Marg CaymanDesigns,PT10M,PT10M,PT20M,1999-08-19T05:35:00Z,Here's a good basic recipe for corn dogs. I'm looking forward to trying some of the suggestions from reviews as to adding dry mustard or other seasonings to the batter.,"c(""https://img.sndimg.com/food/image/upload/w_555,h_416,c_fit,fl_progressive,q_95/v1/img/recipes/56/7/MdQ79eiR9GAblTjaQZrg_corn-dog-2.jpg"", ""https://img.sndimg.com/food/image/upload/w_555,h_416,c_fit,fl_progressive,q_95/v1/img/recipes/56/7/PgPUVj0RMSmWiW2vlomF_corn-dog-1.jpg"", ""https://img.sndimg.com/food/image/upload/w_555,h_416,c_fit,fl_progressive,q_95/v1/img/recipes/56/7/picVYrILN.jpg"", ""https://img.sndimg.com/food/image/upload/w_555,h_416,c_fit,fl_progressive,q_95/v1/img/recipes/56/7/lOVlBchoRCKVDlyFuUXy_corn-dog-3.jpg""
)",Lunch/Snacks,"c(""Kid Friendly"", ""< 30 Mins"", ""Deep Fried"")","c(""3/4"", ""3/4"", ""1"", ""1/4"", ""1"", ""2/3"", ""6 -8"", ""6 -8"", NA)","c(""yellow cornmeal"", ""flour"", ""baking powder"", ""salt"", ""egg"", ""milk"")",4.5,22,290.2,15.8,6.2,58.6,701.2,27,1.5,1.7,9.8,NA,NA,"c(""Combine cornmeal, flour, baking powder, salt and egg; mix well."", ""Stir in milk to make a thick batter; place in a tall narrow glass. Let stand 4 minutes to thicken."", ""Meanwhile, heat oil to 375 degrees F."", ""Pat hot dogs dry. Dust with flour if desired. Insert sticks in hot dogs; dip into batter. Let excess drip off."", ""Fry until golden brown, about 5-6 minutes. (I've found it works best to fry them one at a time. Unless you have a fryer that is big enough to handle more without them touching.)."", 
""Drain on paper towel."")"
000568,*568*,Corn Fritters,1535,Marg CaymanDesigns,NA,PT25M,PT25M,1999-08-19T05:24:00Z,Make and share this Corn Fritters recipe from Food.com.,"""https://img.sndimg.com/food/image/upload/w_555,h_416,c_fit,fl_progressive,q_95/v1/img/recipes/56/8/qOPo66bcT42sICG2GWP6_corn%20fritters.JPG""",Corn,"c(""Vegetable"", ""Healthy"", ""Kid Friendly"", ""< 30 Mins"")","c(""1"", ""1"", ""1/2"", ""1"", ""1/4"", ""1/2"", ""1"")","c(""flour"", ""baking powder"", ""salt"", ""egg"", ""milk"", ""butter"", ""corn"")",5,13,380.9,8.1,3.5,104.9,840.7,65.5,3.5,3.6,13.2,2,NA,"c(""Mix the dry ingredients, gradually adding the milk and well beaten egg."", ""Beat thoroughly and then add the melted butter and corn."", ""Drop by spoonfuls into hot deep fat and fry until well browned."", ""Drain on brown paper."")"
000569,*569*,Fresh Crab Cocktail,34879,Barefoot Beachcomber,NA,PT20M,PT20M,1999-08-23T20:31:00Z,Make and share this Fresh Crab Cocktail recipe from Food.com.,character(0),Crab,"""< 30 Mins""","c(""2"", ""2"", ""2"", ""1"", ""1/4"", ""1/2"")","c(""tomato sauce"", ""horseradish"", ""Burgundy wine"", ""lemon juice"", ""pepper"", ""salt"")",NA,NA,34.2,0.3,0,0,956.2,7.8,2.1,5.9,1.7,4,NA,"c(""Combine all ingredients by hand and chill thoroughly."", ""Crab Cocktail  2 whole fresh Dugeness crab, cleaned and cracked  Shredded fresh icebury lettuce  2 fresh lemons, quartered  Line a serving bowl with the shredded lettuce. Arrange a cracked  crab attractively on top of lettuce and garnish with lemon quarters."", ""Serve cocktail sauce in separate bowl."", ""Serves 4  a  list for those seeking a lost favorite or family recipe"")"
000570,*570*,Bacon-Swiss Tossed Salad,1552,Ron  Joyce Ripple S,PT2H,PT10M,PT2H10M,1999-08-21T10:33:00Z,Make and share this Bacon-Swiss Tossed Salad recipe from Food.com.,character(0),Free Of...,"c(""Weeknight"", ""< 4 Hours"", ""Easy"")","c(""1/2"", ""1"", ""1/4"", ""1/4"", ""6"", ""1"", ""1"", ""8"", ""1"")","c(""mayonnaise"", ""sugar"", ""salt"", ""pepper"", ""red onion"", ""swiss cheese"", ""bacon"")",4,1,618.6,51.3,19.1,91.3,990.4,17.5,2.5,7,21.8,NA,6-8 servings Cathee Beth,"c(""In a small bowl, combine mayonnaise, sugar, salt and pepper."", ""In a large salad bowl, layer a third of the greens and a third of the mayonnaise mixture, onion, peas and cheese."", ""Repeat the layers twice."", ""Cover and refrigerate for at least 2 hours."", ""Just before serving, add the bacon and toss."")"
000571,*571*,Fried Cornbread,1639,elt8588,NA,PT40M,PT40M,1999-08-08T17:24:00Z,"This recipe has been in my family for several generations.  In Louisiana, we serve this with boiled cabbage, turnip greens, black-eyed peas, and butterbeans.  It is delicious, but takes practice to make it just right.","c(""https://img.sndimg.com/food/image/upload/w_555,h_416,c_fit,fl_progressive,q_95/v1/img/recipes/57/1/picV7RbgS.jpg"", ""https://img.sndimg.com/food/image/upload/w_555,h_416,c_fit,fl_progressive,q_95/v1/img/recipes/57/1/picvcfo4j.jpg"", ""https://img.sndimg.com/food/image/upload/w_555,h_416,c_fit,fl_progressive,q_95/v1/img/recipes/57/1/picDQdyKP.jpg"")",Quick Breads,"c(""Breads"", ""Lactose Free"", ""Low Protein"", ""Vegan"", ""Low Cholesterol"", ""Egg Free"", ""Healthy"", ""Kosher"", ""Free Of..."", ""< 60 Mins"", ""Easy"")","c(""1 1/2"", ""1/2"", ""2"")","c(""salt"", ""boiling water"")",4.5,15,611.2,6.2,0.9,0,3459,128.6,12.3,0,15.2,NA,1 batch,"c(""Mix cornmeal and salt together in large mixing bowl."", ""Pour approximately 2 cups boiling water over dry ingredients."", ""Mix well."", ""After the mixture cools slightly, shape mixture into balls about the size of golfballs, one at a time.  You must wet your hands with water before you make each ball."", ""Flatten the ball with your fingers."", ""Fry in skillet (preferably cast iron) with about 1/2 inch of hot oil."", ""Fry until golden brown on both sides."", ""Delicious!"")"
000572,*572*,Fried Green Tomatoes,1640,Seausoon39,PT15M,PT40M,PT55M,1999-08-23T20:45:00Z,Make and share this Fried Green Tomatoes recipe from Food.com.,"c(""https://img.sndimg.com/food/image/upload/w_555,h_416,c_fit,fl_progressive,q_95/v1/img/recipes/57/2/picBXHqfo.jpg"", ""https://img.sndimg.com/food/image/upload/w_555,h_416,c_fit,fl_progressive,q_95/v1/img/recipes/57/2/picpYVU6P.jpg"", ""https://img.sndimg.com/food/image/upload/w_555,h_416,c_fit,fl_progressive,q_95/v1/img/recipes/57/2/picJpXoVp.jpg"", ""https://img.sndimg.com/food/image/upload/w_555,h_416,c_fit,fl_progressive,q_95/v1/img/recipes/57/2/picWyb5Qq.jpg"")",Vegetable,"c(""Low Protein"", ""< 60 Mins"")","c(""6"", ""1"", ""1/2"", ""1/2"", ""1/4"", ""1/4"")","c(""green tomatoes"", ""sugar"", ""flour"", ""salt"", ""pepper"", ""butter"")",5,9,134.3,8,4.9,20.3,277.5,14.3,1.7,5,2.6,6,NA,"c(""Sprinkle sliced tomatoes with sugar, let stand about 15 minutes."", ""Combine flour, salt and pepper and coat tomato slices."", ""Melt 2 tbsp  butter in skillet."", ""Brown  tomatoes  slowly on both sides."", ""Remove each batch to oven proof platter and  keep in oven until all tomatoes are cooked."", ""Add more butter if needed."", ""For  crisp slices, serve as is."", ""Or add 1/2 cup light cream or dairy half and half to skillet. Heat, stirring into drippings, and pour over tomatoes."")"
000573,*573*,Fried Yellow Squash,1642,M Messer,PT5M,PT5M,PT10M,1999-09-02T04:41:00Z,Make and share this Fried Yellow Squash recipe from Food.com.,character(0),Vegetable,"c(""Low Cholesterol"", ""Healthy"", ""< 15 Mins"", ""Easy"")","c(""1"", ""1/2"", ""1/2"", NA, NA, ""1"")","c(""buttermilk"", ""yellow cornmeal"", ""all-purpose flour"", ""salt"")",5,25,579.6,5.6,1.9,9.8,295.5,112.4,8.1,17.2,21.9,NA,1 batch,"c(""Soak squash in buttermilk to cover, at least 5 minutes."", ""Mix dry ingredients together."", ""Dredge marinated squash in cornmeal mixture (I use a Ziploc baggie & shake until covered)."", ""Fry in  vegetable oil until golden, turn and fry until lightly golden on other side."", ""Salt lightly, remove from oil, & drain on paper towels."", ""This is delicious - also  works for fried green tomatoes (cut green tomatoes at least 1/4\"" slices)."", ""If you like fried okra - batter should be 1 cup milk + 1 egg."", 
""Dredge in same mixture  as above & salt as you do for squash & drain on paper towels."")"
000574,*574*,Frozen White Truffles,1530,Carole Reu,NA,PT35M,PT35M,1999-08-15T07:25:00Z,Make and share this Frozen White Truffles recipe from Food.com.,character(0),Candy,"c(""Dessert"", ""Free Of..."", ""< 60 Mins"", ""Freezer"", ""Easy"")","c(""3"", ""2"", ""1/2"", ""1/3"")","c(""nonfat vanilla ice cream"", ""chocolate ice cream"", ""white chocolate"")",NA,NA,98.7,3.1,1.9,1.3,10.1,10.6,0,10.6,0.6,6,NA,"c(""Scoop ice cream into 6 balls; place onto a small cookie sheet or a 9\"" pie pan."", ""Freeze until very firm."", ""Quickly roll firm ice cream balls in grated white  chocolate; press in gently."", ""Serve immediately or place on a foil lined cookie  sheet and freeze until serving time.  To serve, in some bowl, combine coffee and liqueur."", ""Divide coffee mixture into 6 small bowls."", ""Place 1 ice cream ball in  each dish."")"
000575,*575*,Baked Apple Slices,1724,goblait,PT20M,PT25M,PT45M,1999-09-06T05:29:00Z,Make and share this Baked Apple Slices recipe from Food.com.,character(0),Dessert,"c(""Lunch/Snacks"", ""Apple"", ""Fruit"", ""Low Protein"", ""Microwave"", ""< 60 Mins"", ""Oven"", ""Small Appliance"", ""Easy"")","c(""12"", ""8"", ""1/2"", ""1/2"")","c(""apples"", ""butter"", ""sugar"", ""cinnamon"")",4,3,292.6,12,7.4,30.5,104.3,50.3,6.6,40.9,0.8,8,NA,"c(""Cut apples into 8 or 12 slices each (like quarters)."", ""toss in bowl with sugar and cinnamon, then toss in the melted butter. put in baking dish and bake at 425 basting every 10 min until done. Slices will be tender but will hold their shape."")"
000576,*576*,Fruit Salad,125579,GrandmaIsCooking,NA,PT25M,PT25M,1999-08-21T10:17:00Z,Make and share this Fruit Salad recipe from Food.com.,"""https://img.sndimg.com/food/image/upload/w_555,h_416,c_fit,fl_progressive,q_95/v1/img/recipes/57/6/picwBlB4j.jpg""",Pineapple,"c(""Tropical Fruits"", ""Fruit"", ""< 30 Mins"", ""For Large Groups"", ""Easy"")","c(""1"", ""2"", ""1"", ""1"", ""1"", ""3/4"", ""1"")","c(""crushed pineapple"", ""bananas"", ""frozen strawberries"", ""cream cheese"", ""sugar"")",4.5,5,234.8,14.5,6.7,31.8,132.7,25,1.9,18.9,3.7,15,NA,"c(""Dip chopped banana pieces in pineapple juice to keep them from turning too brown."", ""Drain and discard pineapple juice."", ""Mix  fruits, nuts, cream cheese and sugar in bowl."", ""Fold  in whipped topping."", ""Spread  in 9 x 13-inch pan."", ""Freeze  until firm."")"
000577,*577*,Garam Masala,1530,Carole Reu,PT33M,PT45M,PT1H18M,1999-08-27T04:45:00Z,This is one of the spices to be added in preparing food to give it good flavour and is to be used generally in small powdered quantity to give that aroma,character(0),Asian,"c(""Indian"", ""Very Low Carbs"", ""Low Protein"", ""Low Cholesterol"", ""Weeknight"", ""< 4 Hours"")","c(""5"", ""1"", ""1/2"", ""1/2"", ""1/4"", ""1/2"")","c(""cinnamon sticks"", ""whole cardamom pod"", ""whole cloves"", ""whole cumin seed"", ""whole coriander seed"", ""whole black peppercorn"")",4,1,410.1,24.8,3.8,0,215.9,64.5,31.5,2.3,14.2,1,NA,"c(""Preheat oven to 200."", ""Spread the cinnamon, cardamom, cloves, cumin, coriander  and peppercorns in one layer in a large shallow roasting pan."", ""Roast on the  bottom shelf of the oven for 30 minutes, stirring and turning the mixture 2 or 3 times with a large wooden spoon."", ""Do not let the spices brown."", ""Break open the cardamom pods between your fingers or place them one at time on a flat surface and press down on the pod with the ball of your thumb to snap it  open."", ""Pull the pod away from the seeds inside and discard it.  Set the seeds  aside.  Place the roasted cinamon sticks between the 2 layers of a folded linen  towel and pound them with a rolling pin or a kitchen mallet until they are  finely crushed."", 
""Combine the cardamom seeds, crushed cinnamon, cloves, cumin seeds, coriander  seeds and peppercorns in a small pan or bowl and stir them together until they  are well mixed."", ""Grind the spices a cup or so at a time by pouring them into the jar of an electric blender and blending at high speed for 2 or 3 minutes, until  they are completely pulverized and become a smooth powder."", ""If the machine clogs and stops, turn it off, stir the spices once or twice, then continue blending."", ""As each cupful of the spices is grounded, transfer it to a jar or bottle with a  tightly fitting lid."", 
""Garam Masala may be stored at room temperature in an airtight container, and  will retain its full flavor for 5 to 6 months."")"
000579,*579*,Garlic Meatballs in Lemon Sauce,1543,Doreen Randal,PT6H,PT20M,PT6H20M,1999-09-15T04:38:00Z,Make and share this Garlic Meatballs in Lemon Sauce recipe from Food.com.,character(0),Meat,"""Weeknight""","c(""1 1/2"", ""3"", ""4"", ""2"", ""2"", ""1"", ""1"", NA, ""2"", ""1"", ""2"", ""1/4"", NA, ""1"")","c(""beef"", ""garlic"", ""parsley"", ""mint"", ""paprika"", ""salt"", ""pepper"", ""eggs"", ""tomato sauce"", ""lemons"", ""lemon juice"", ""mint"")",NA,1,5069,496.2,204.4,1046.2,4241.4,73.1,11.1,18.2,80.6,NA,1 batch,"c(""LEMON SAUCE: 8 oz can tomato sauce grated rind of 2 lemons 1/4 cup lemon juice salt and pepper to taste 1 Tbsp minced mint Combine all ingredients for the meatballs and form into walnut-sized balls."", ""Place in crockpot.  Mix the sauce ingredients together and pour over the meatballs."", ""Cover and cook on LOW 4 - 6 hours."", ""Serve with rice."")"
000580,*580*,Garlic Mushroom Sauce,1543,Doreen Randal,PT6M,PT30M,PT36M,1999-08-27T05:13:00Z,Make and share this Garlic Mushroom Sauce recipe from Food.com.,character(0),< 60 Mins,NA,"c(""3"", ""250"", ""25"", ""1"", ""1"", ""2"", ""1 1/4"")","c(""garlic"", ""button mushrooms"", ""butter"", ""red wine"", ""green peppercorn"", ""sour cream"", ""salt"")",4,5,120.3,6.5,4,16,741.5,4,0.5,1.1,1.8,4,NA,"c(""Crushed garlic, peel and chop finely."", ""Wipe mushrooms and slice finely."", ""Melt butter in a saucepan and add garlic and mushrooms."", ""Cook 2 minutes."", ""Add the red wine and peppercorns."", ""Bring to the boil and simmer 3 - 4 minute.  Stir in the sour cream and salt.  Drizzle sauce over chicken or steaks."", ""Cheers,  Doreen Doreen Randal,  Wanganui."", ""New Zealand."")"
000581,*581*,Garlic Potato Balls,1552,Ron  Joyce Ripple S,PT15M,PT5M,PT20M,1999-08-23T12:42:00Z,Make and share this Garlic Potato Balls recipe from Food.com.,character(0),Potato,"c(""Vegetable"", ""Low Protein"", ""Low Cholesterol"", ""Healthy"", ""Free Of..."", ""< 30 Mins"", ""Easy"")","c(""1"", ""1"", ""1/4"", ""1/2"")","c(""butter"", ""margarine"", ""small whole potatoes"", ""fresh parsley"")",4,1,208.8,6,3.7,15.3,87.4,35.9,5.5,2.6,3.9,2,NA,"c(""In a skillet, melt butter over medium heat."", ""Add potatoes and sprinkle with garlic salt."", ""Cook and stir for 15-18 minutes or until golden brown."", ""Garnish with parsley."")"
000582,*582*,German Onion Cake,1644,Kathleen1,PT35M,PT1H15M,PT1H50M,1999-09-01T12:01:00Z,"It actually looks like a pie when its finished.  We would have this in Germany every fall with new wine, it was so good.",character(0),Dessert,"c(""Vegetable"", ""German"", ""European"", ""Weeknight"", ""Oven"", ""< 4 Hours"")","c(""2"", ""2"", ""1"", ""1/4"", ""1/4"", ""2"", ""1/4"", ""4"", ""5"", ""3/4 - 1"", ""1"", ""3/4"", ""2"", ""1/4"")","c(""onions"", ""butter"", ""salt"", ""black pepper"", ""dried marjoram"", ""all-purpose flour"", ""cornstarch"", ""baking powder"", ""vegetable shortening"", ""milk"", ""egg"", ""sour cream"", ""poppy seeds"", ""paprika"")",4,1,317.2,17.5,7.8,46.8,526.5,34.4,1.6,2,6,8,NA,"c(""In medium skillet, saute the onions in butter over low heat until they just begin to brown, about 15 minutes."", ""Season with 1/4 tsp of the salt, the marjoram and the pepper."", ""Set aside to cool."", ""Preheat oven to 450°F."", ""In a food processor bowl place flour, cornstarch, baking powder, and the remaining salt; mix."", ""Add the shortening and process just until it is the texture of soft crumbs."", ""Add the milk and mix quickly to form a soft dough."", ""Oil a 10 inch round cake pan and lightly use your fingers to spread the dough out evenly."", 
""Spread the cooked onion over the top."", ""Beat the egg and sour cream together."", ""Spoon the mixture over the onion, and spread it out to the very edge of the pan."", ""Sprinkle lightly with poppy seeds and paprika."", ""Bake for 20 minutes."", ""Let cool slightly, then cut into wedges."")"
000583,*583*,"Corn, Onion and Corn Rolls",1543,Doreen Randal,PT20M,PT30M,PT50M,1999-08-06T00:41:00Z,"These are tasty and go down well with visitors.  Corn, Onion and Corn Rolls  Makes about 40 small rolls.","""https://img.sndimg.com/food/image/upload/w_555,h_416,c_fit,fl_progressive,q_95/v1/img/recipes/58/3/picjQoyjG.jpg""",Breads,"c(""Cheese"", ""Corn"", ""Vegetable"", ""< 60 Mins"", ""Oven"")","c(""1"", ""1"", ""1"", ""1/2"", ""1/2"", ""20"")","c(""lemon juice"", ""cider vinegar"", ""cheese"", ""canned whole kernel corn"")",1,1,42.7,0.8,0.3,0.9,177.3,7.5,0.4,0.7,1.4,NA,40 small,"c(""Mix 1 can reduced cream, 1 pkt onion soup mix, and spread about 1 Tbsp over each slice of bread."", ""Roll up and secure with a toothpick. Place on an oven tray,toothpick side down. Brush each roll lightly with melted butter."", ""Bake in pre-heated oven 200 C for 15-20 minutes or until golden brown."", ""Remove toothpicks and cut each roll in half before serving."")"
000584,*584*,Cornbread and Cheese Muffins,1530,Carole Reu,PT5M,PT30M,PT35M,1999-08-18T04:25:00Z,Make and share this Cornbread and Cheese Muffins recipe from Food.com.,character(0),Quick Breads,"c(""Breads"", ""Breakfast"", ""Lunch/Snacks"", ""Cheese"", ""< 60 Mins"", ""Oven"")","c(""1"", ""1"", ""1"", ""1"", ""1/2"", ""3/4"", ""1"", ""1"", ""3/4"")","c(""yellow cornmeal"", ""whole wheat flour"", ""baking powder"", ""sugar"", ""salt"", ""egg substitute"", ""nonfat cottage cheese"", ""nonfat cheddar cheese"")",3,2,137.8,5,2.6,14.2,229.1,17.5,2,1.5,6.7,NA,12 muffins,"c(""Preheat oven to 400."", ""Lightly spray muffin cups with nonstick cooking spray."", ""In a large bowl, combine cornmeal, flour, baking powder, sugar, and salt; mix well."", ""In a separate bowl, combine egg substitute, creamer, and cottage cheese; blend  until smooth."", ""Using electric mixer, add egg mixture to flour mixture and blend  until smooth."", ""Fold in shredded cheese and let stand 5 minutes at room  temperature.  Fill muffin cups 3/4 full and bake 25 to 30 minutes, until  toothpick inserted in center comes out clean.""
)"
000585,*585*,Bacon and Potato Pie,1543,Doreen Randal,PT45M,PT25M,PT1H10M,1999-09-10T05:04:00Z,Make and share this Bacon and Potato Pie recipe from Food.com.,"""https://img.sndimg.com/food/image/upload/w_555,h_416,c_fit,fl_progressive,q_95/v1/img/recipes/58/5/slEyHK7TdGhyEaLxcorA_DSCN1151.JPG""",Breakfast,"c(""Potato"", ""Vegetable"", ""Weeknight"", ""Oven"", ""< 4 Hours"")","c(""8"", ""1"", ""1/2"", ""1"", ""2"", ""1/2"", NA, ""2"")","c(""bacon"", ""onion"", ""milk"", ""flour"", ""eggs"", ""potatoes"")",4,2,439.1,24.3,8.3,140.8,439.3,41.3,4.5,2.4,14,4,NA,"c(""Trim bacon, chop finely."", ""Peel potatoes and grate.  Peel and chop onion finely, and mix all together."", ""Add flour."", ""Beat eggs and season, add milk."", ""Blend with bacon mixture.  Melt dripping in shallow pan."", ""Pour mixture in ."", ""Bake at 400 F for 3/4 hour."", ""When cooked cut into squares and serve. Cheers, Doreen Doreen Randal,  Wanganui."", ""New Zealand."")"
000586,*586*,Flake-and-Fruit Squares,1533,Dancer,PT1H,PT35M,PT1H35M,1999-08-13T13:34:00Z,Make and share this Flake-and-Fruit Squares recipe from Food.com.,character(0),Bar Cookie,"c(""Dessert"", ""Cookie & Brownie"", ""Fruit"", ""Free Of..."", ""Weeknight"", ""< 4 Hours"")","c(""3"", ""1/2"", ""1/2"", ""1/4"", ""1/4"", ""1/4"", ""1/4"", ""3"", ""1"")","c(""sunflower seeds"", ""sesame seeds"", ""dried dates"", ""butter"", ""miniature marshmallows"", ""vanilla"")",NA,NA,152.1,8.6,2.4,7.6,66.6,17.8,1.8,9.2,3.1,NA,16 squares,"c(""Line 9-inch (2.5 L) square pan with foil and grease foil."", ""In large bowl, combine cornflakes, sunflower seeds, almonds, sesame seeds, dates and apricots."", ""In large saucepan, melt butter over low heat; stir in marshmallows and heat until melted, stirring constantly."", ""Stir in vanilla."", ""Stir into cornflake mixture until well blended; spoon into prepared pan and pack firmly."", ""Refrigerate until set, about 1 hour."", ""Remove from pan; cut into squares."", ""(Store in airtight container in refrigerator for up to 3 days.) Makes 16 squares.""
)"
000587,*587*,Four Treasure Chicken Soup,1534,Tonkcats,NA,PT45M,PT45M,1999-09-13T03:52:00Z,Make and share this Four Treasure Chicken Soup recipe from Food.com.,character(0),Clear Soup,"c(""Low Protein"", ""Low Cholesterol"", ""Healthy"", ""< 60 Mins"")","c(""1"", ""1/4"", ""1/2"", ""2"", ""1"", ""1"", ""1/2"", ""4"", ""1"", ""1/4"", ""1"")","c(""water chestnuts"", ""chicken breast"", ""green onion"", ""soy sauce"", ""flour"", ""Chinese hot mustard"", ""carrot"", ""chicken broth"", ""garlic powder"", ""dry sherry"")",4,1,831.9,20.9,5.9,72.6,6059.5,81.4,12.2,20.8,66.6,NA,1 batch,"c(""Mince half of the water chestnuts and combine with chicken, 2 t.sp onions, soy   sauce, mustard and flour."", ""Reserve remaining water chestnuts and onions."", ""In a   large saucepan mix broth, sherry and garlic powder; boil."", ""Drop chicken  mixture  by teaspoonfuls into broth."", ""Add carrots and simmer 3 to 4 minute."", ""until  meatballs  are cooked."", ""Add remaining water chestnuts, green onions and pea  pods."", ""heat  through and serve immediately."", ""From: Lisa Tucker Source: http://soar.Berkeley.edu/recipes.""
)"
000588,*588*,Fragrant Lamb Stew with Dried Fruits,1637,bijoudog,PT1H38M,PT45M,PT2H23M,1999-09-03T19:26:00Z,Make and share this Fragrant Lamb Stew with Dried Fruits recipe from Food.com.,"""https://img.sndimg.com/food/image/upload/w_555,h_416,c_fit,fl_progressive,q_95/v1/img/recipes/58/8/picOTuGfB.jpg""",Stew,"c(""Lamb/Sheep"", ""Fruit"", ""Meat"", ""Weeknight"", ""Oven"", ""< 4 Hours"")","c(""3"", ""3 -4"", ""3"", ""1"", ""2"", NA, ""1"", ""2"", ""1/2"", ""1"", ""1/2"", ""1"", ""1"", ""1"", ""2"", ""3"", ""2"", ""1/4"", ""1/2"", ""1"")","c(""lamb"", ""onions"", ""garlic"", ""carrot"", ""curry powder"", ""cinnamon"", ""fresh ginger"", ""ginger"", ""clove"", ""lemon, zest of"", ""cayenne pepper"", ""red pepper flakes"", ""fresh rosemary leaf"", ""water"", ""red wine"", ""canned plum tomatoes"", ""fresh lemon juice"", ""fresh cilantro leaves"")",5,14,690.8,27.9,9.8,120,352.6,70.3,11.4,11.1,38.1,6,NA,"c(""-Preheat oven to 350 degrees F."", ""Heat olive oil in bottom of 4 to 5 quart  heavy-bottomed Dutch oven."", ""Brown cubes of lamb in oil, in batches, remove lamb  to plate. Add onions to pot, scraping up brown bits and stirring."", ""When  softened, add crushed garlic; stir to incorporate, then add carrots."", ""Cook 2 to  3 minutes."", ""Add curry, salt, pepper, cinnamon, ginger, cloves, lemon zest,  cayenne or pepper flakes, and rosemary."", ""Stir to mix in well, then add water and wine. Raise heat and let the liquids bubble.  Lower heat, then add the tomatoes, balsamic vinegar, and the lamb cubes."", 
""Add dried fruits, the lemon juice, and the almonds."", ""Adjust seasonings to taste, adding more water if the stew seems too  thick."", ""Add 1/2 cup of cilantro, cover pot, and place in oven for 75 to 90  minutes."", ""From time to time, check stew, adding water as needed to keep it moist. When lamb is tender and dried fruits have softened almost enough to become part  of the sauce, remove from oven and stir in remaining cilantro."", ""Let stew rest 5  minutes and serve."")"
000589,*589*,Tom's Tomato Soup French Dressing,1604,itsjustme,NA,PT15M,PT15M,1999-08-07T08:02:00Z,Make and share this Tom's Tomato Soup French Dressing recipe from Food.com.,character(0),European,"c(""Low Protein"", ""< 15 Mins"", ""For Large Groups"", ""Small Appliance"", ""Easy"")","c(""1"", ""10 3/4"", ""10 3/4"", ""2 1/2"", ""2"", ""2"", ""1"", ""1/2"", ""3"")","c(""vinegar"", ""sugar"", ""onions"", ""paprika"", ""salt"", ""pepper"", ""garlic cloves"")",5,4,249.2,15.4,2,0,176.4,28.4,0.5,26.7,0.4,20,NA,"c(""Mix in blender until smooth."", ""Refrigerate in closed container."", ""Keeps well."")"
000590,*590*,French Roasted Vegetable Sandwiches,1533,Dancer,PT1H15M,PT1H,PT2H15M,1999-08-07T08:02:00Z,Make and share this French Roasted Vegetable Sandwiches recipe from Food.com.,character(0),Lunch/Snacks,"c(""Vegetable"", ""European"", ""Low Cholesterol"", ""Healthy"", ""Weeknight"", ""Roast"", ""Oven"", ""< 4 Hours"")","c(""1"", ""1"", ""1"", ""1"", ""2"", ""2"", ""1/2"", ""1"", ""2"", ""3"", ""2"", ""1/2"")","c(""eggplant"", ""tomatoes"", ""onion"", ""olive oil"", ""garlic"", ""dried rosemary"", ""nonfat plain yogurt"", ""parmesan cheese"")",5,3,222,5.7,1.1,0.4,347.2,36.3,4.6,4.7,6.6,8,NA,"c(""Preheat the oven to 400F."", ""Coat a large baking sheet with no-stick spray."", ""Arrange the eggplant, peppers, tomatoes, and onions on the sheet. Brush with the oil."", ""Sprinkle with the garlic and rosemary."", ""Bake for 45 minutes, or until golden brown and tender."", ""Split the bread horizontally and scoop out the interior, leaving a 1\"" shell."", ""(Reserve the bread for another use.) Spread the yogurt over the bottom of the shell, then sprinkle with the vinegar."", ""Arrange the vegetables in the bottom of the shell."", 
""Sprinkle with the Parmesan."", ""Top with the spinach."", ""Place the top of the bread over the filling."", ""Wrap tightly in plastic wrap and refrigerate for 30 minutes, or until chilled."", ""Cut to 8 wedges."", ""To freeze, pack the cooled roasted vegetables tightly into freezer-quality plastic containers, To use, thaw overnight in the refrigerator."")"
000591,*591*,Fresh Herb Scones,1545,Nancy Van Ess,NA,PT50M,PT50M,1999-08-11T04:38:00Z,Make and share this Fresh Herb Scones recipe from Food.com.,"""https://img.sndimg.com/food/image/upload/w_555,h_416,c_fit,fl_progressive,q_95/v1/img/recipes/59/1/picVY08of.jpg""",Scones,"c(""Quick Breads"", ""Breads"", ""Breakfast"", ""High In..."", ""< 60 Mins"", ""Oven"")","c(""2"", ""1/4"", ""1"", ""1"", ""3"", ""1"", ""1/2"", ""1/3"", ""1/2"", ""1"")","c(""flour"", ""fresh parsley"", ""sugar"", ""fresh thyme"", ""dried thyme"", ""baking powder"", ""fresh rosemary"", ""dried rosemary"", ""salt"", ""butter"", ""margarine"", ""milk"", ""egg"")",5,2,208.3,9.2,5.5,45.7,367.1,26.8,1,1.7,4.7,8,NA,"c(""Heat oven to 400 degrees."", ""Lightly grease cookie sheet. In a large bowl, combine  flour, parsley, sugar, thyme, baking powder, rosemary and salt; mix well."", ""With  pastry blender or fork, cut in butter until mixture resembles coarse crumbs."", ""Stir in milk and egg just until moistened."", ""On floured surface, gently knead  dough 10 times."", ""Place on cookie sheet; roll or pat dough into a 6\"" round."", ""Cut 8  wedges; separate slightly."", ""Bake for 15-20 min."", ""or until golden brown."", ""serve  warm.""
)"
000592,*592*,Fresh Salsa,1569,Linda7,NA,PT35M,PT35M,1999-08-23T20:49:00Z,Here is the salsa recipe I use. You can adjust the amount of jalapanos to suit your personal taste. Linda  Fresh Salsa  Fresh Salsa,"""https://img.sndimg.com/food/image/upload/w_555,h_416,c_fit,fl_progressive,q_95/v1/img/recipes/59/2/pic6mpr4K.jpg""",Sauces,"c(""Low Protein"", ""Low Cholesterol"", ""Healthy"", ""Free Of..."", ""< 60 Mins"")","c(""4"", ""6"", ""2"", ""1"", ""5"", ""2"", ""1"", ""2"")","c(""tomatoes"", ""onions"", ""green bell pepper"", ""garlic cloves"", ""cilantro"", ""salt"", ""sugar"")",4.5,8,71,0.4,0.1,0,1171.5,16.6,2.9,10.5,2,NA,NA,"c(""Using a blender or food processor, add equal amounts of each vegetable and using pulse, process just until it is still chunky."", ""Drain, reserving liquid."", ""Repeat  until all vegetables have been processed."", ""Mix drained salsa, adding sugar,  cilantro and salt.  Add some of drained liquid to make it desired thickness."", ""If it is too spicy, add more tomatoes."", ""Refrigerate in glass container and use on  tortilla chips, tacos, scrambled eggs, or as a relish."", ""Will keep for up to one  week.""
)"
000593,*593*,Fried Green Tomatoes II,2178,troyh,PT5M,PT15M,PT20M,1999-09-10T04:50:00Z,Make and share this Fried Green Tomatoes II recipe from Food.com.,"c(""https://img.sndimg.com/food/image/upload/w_555,h_416,c_fit,fl_progressive,q_95/v1/img/recipes/59/3/picQUreIW.jpg"", ""https://img.sndimg.com/food/image/upload/w_555,h_416,c_fit,fl_progressive,q_95/v1/img/recipes/59/3/pic8h7L5Z.jpg"")",Vegetable,"c(""Very Low Carbs"", ""Low Protein"", ""Low Cholesterol"", ""Healthy"", ""< 30 Mins"", ""Easy"")","c(""1"", NA, NA, NA, NA)","c(""green tomato"", ""salt"", ""pepper"", ""white cornmeal"", ""bacon drippings"")",5,10,28.3,0.2,0,0,16,6.3,1.4,4.9,1.5,1,NA,"c(""Slice tomatoes about 1/4 inch thick, season with salt and pepper and then coat both sides with cornmeal."", ""In a large skillet, heat enough bacon drippings to coat the bottom of the pan, and fry tomatoes until lightly browned on both sides."", ""This recipe was from the back of Fannie Flagg's novel, \""Fried Green Tomatoes at the Whistle Stop Cafe\""."")"
000594,*594*,Fruit and Tuna Salad,1530,Carole Reu,NA,PT15M,PT15M,1999-09-03T07:53:00Z,Make and share this Fruit and Tuna Salad recipe from Food.com.,character(0),Lunch/Snacks,"c(""Tuna"", ""Fruit"", ""Low Cholesterol"", ""Healthy"", ""< 15 Mins"")","c(""6"", ""1"", ""1/2"", ""1/3"", ""2/3"", ""2"")","c(""tuna"", ""seedless grapes"", ""lemon low fat yogurt"")",NA,NA,267.3,5,1.4,33.9,65.8,33.9,3.1,29.8,23.7,2,NA,"c(""Combine half of the grapes, and the 1/2 cup shredded cabbage mixture in a small  bowl"", ""Stir in the yogurt and tuna."", ""Line 2 serving plates with remaining 2/3 cup  shredded cabbage mixture."", ""Spoon tuna mixture on top."", ""Serve with peach slices  and remaining grapes."")"
000595,*595*,Fried Tomatoes,1641,June Neil,NA,PT40M,PT40M,1999-09-10T05:18:00Z,Make and share this Fried Tomatoes recipe from Food.com.,"""https://img.sndimg.com/food/image/upload/w_555,h_416,c_fit,fl_progressive,q_95/v1/img/recipes/59/5/picYzCRoY.jpg""",Vegetable,"c(""Low Cholesterol"", ""Healthy"", ""< 60 Mins"")","c(""4"", ""1/2"", ""2 1/2"", ""2 1/2"", ""1/4"", ""3/4"", NA)","c(""tomatoes"", ""all-purpose flour"", ""salt"", ""sugar"", ""pepper"", ""evaporated milk"")",3,4,101.9,2.6,1.5,9.1,1006.7,16.1,1.3,3.9,4,6,NA,"c(""Wash tomatoes, but do not peel."", ""Cut into 3/4-inch slices."", ""Place on paper towels  to drain."", ""Combine flour, salt, sugar and pepper."", ""Dust tomatoes in flour mixture  on both sides."", ""Add evaporated milk to rmaining flour mixture to make a thick  batter."", ""Dip floured tomatoes in batter."", ""Fry in hot oil 1/2-inch deep until  golden brown on both sides."")"
000596,*596*,Fruit Salsa,1530,Carole Reu,NA,PT20M,PT20M,1999-08-26T04:01:00Z,Make and share this Fruit Salsa recipe from Food.com.,character(0),Sauces,"c(""Fruit"", ""Low Protein"", ""Low Cholesterol"", ""Healthy"", ""Free Of..."", ""< 30 Mins"", ""Oven"", ""Easy"")","c(""1"", ""10"", ""2"", ""1"", ""1/4"", ""1"", ""3"", ""1"", ""1"", ""1/2"")","c(""mango"", ""strawberries"", ""nectarines"", ""fresh raspberries"", ""frozen unsweetened raspberries"", ""salt"", ""fresh ginger"", ""lime juice"", ""cider vinegar"", ""sugar"", ""red pepper flakes"")",5,1,53.5,0.3,0,0,73.8,13.2,2.4,9.6,0.8,8,4 cups,"c(""Place the minced mango, strawberries and nectarines, and place them in a medium  size bowl."", ""Add the remaining ingredients and mix well."", ""Transfer to a container  with a tight fitting lid and refrigerate."")"
000597,*597*,Fruity Rolled Oats Drops,1643,Mutende,PT25M,PT15M,PT40M,1999-09-20T08:30:00Z,Make and share this Fruity Rolled Oats Drops recipe from Food.com.,character(0),Dessert,"c(""Lunch/Snacks"", ""Fruit"", ""< 60 Mins"", ""Oven"")","c(""500"", ""1"", ""60"", ""125"", ""125"")","c(""rolled oats"", ""treacle"", ""honey"", ""seedless raisins"")",NA,NA,955.8,32.7,10.3,45.5,419.7,150.2,8.5,104.8,24.5,4,NA,"c(""Thoroughly mix condensed milk, treacle and rolled oats in top of double boiler."", ""Allow to thicken over boiling water for 10 minutes, stirring frequently."", ""Allow to cool."", ""When cool, add nuts and raisins, then drop in spoonfuls onto buttered baking sheet.  Bake for 15 minutes at 180 C (356 F) and remove from pan immediately."")"
000598,*598*,Coronation Chicken,1615,Christin Jamieson,PT13M,PT40M,PT53M,1999-08-26T17:12:00Z,Make and share this Coronation Chicken recipe from Food.com.,character(0),Chicken,"c(""Poultry"", ""Meat"", ""Broil/Grill"", ""< 60 Mins"", ""Oven"", ""Stove Top"")","c(""1"", ""1"", ""1 1/2"", ""1/2"", ""1/2"", ""1/2"", ""1"", ""1"", ""1"", ""1"", ""1/2"", ""1"", ""6"", ""1/4"", NA, ""2"")","c(""canola oil"", ""onion"", ""curry powder"", ""tomato paste"", ""red wine"", ""water"", ""bay leaf"", ""dried thyme"", ""oregano"", ""fresh lemon juice"", ""mayonnaise"", ""chicken"", ""currants"", ""flat leaf parsley"")",5,1,136.4,9.1,1.2,5.1,154.8,10.5,1,3.9,0.7,6,NA,"c(""Heat the oil in a medium stainless steel saucepan."", ""Add the onion and cook over moderate heat, stirring occasionally, until softened, about 5 minutes."", ""Add the curry powder and cook for 2 minutes."", ""Stir in the tomato paste, then the wine, water and bay leaf and bring to a boil."", ""Add the thyme, oregano and 1/2 Tbsp of the lemon juice and cook until thickened and reduced by three-quarters, about 6 minutes."", ""Strain the sauce into a large bowl, pressing hard on the solids; let cool."", ""Add the mayonnaise, the jam and the remaining 1/2 Tbsp of lemon juice to the sauce.  Fold in the chicken and currants, if using, and season with salt and pepper."", 
""Refrigerate until chilled or for up to 1 day."", ""Sprinkle with the parsley and serve.  NOTE:  Since this is from a wine magazine, you didn't think they would leave out the best wine to serve with this meal, did you?  Their recommendations:  The sweet notes of apricots and currants point to a wine with some fruitiness and spice of its own."")"
000599,*599*,Coronation Chicken Salad,1616,Melody,PT1H20M,PT1H,PT2H20M,1999-08-27T04:49:00Z,Make and share this Coronation Chicken Salad recipe from Food.com.,character(0),Chicken,"c(""Pineapple"", ""Poultry"", ""Tropical Fruits"", ""Fruit"", ""Meat"", ""Weeknight"", ""< 4 Hours"")","c(""1/2"", ""3"", ""7 1/2"", ""2"", ""1"", ""1"", ""1 1/2"", ""1"", ""2"", ""5"", ""2/3"", ""1/2"", ""2"", ""1"", ""1"", ""1"", ""1"")","c(""dark raisin"", ""sherry wine"", ""water"", ""salt"", ""raw wild rice"", ""fresh ripe pineapple"", ""red bell pepper"", ""chicken"", ""scallions"", ""mayonnaise"", ""plain yogurt"", ""red wine vinegar"", ""honey"", ""curry powder"", ""Worcestershire sauce"", ""gingerroot"")",NA,NA,225.9,6.1,1.1,5.7,599.4,36.9,2,10.8,3,10,NA,"c(""This recipe was created by royal chefs to celebrate the coronation of Queen Elizabeth II."", ""In a small non-reactive bowl, combine raisins and sherry to soak."", ""In a large Dutch oven, bring 6 cups of water to a rolling boil over medium-high heat and add 1 teaspoon salt. Add the wild rice and gently boil about 50 minutes or until grains are tender and split open to reveal their white cores."", ""Drain and let cool to room temperature.  While the wild rice is cooking, combine the wild rice with 1 1/2 cups cold water and 1/2 a teaspoon salt in a medium sauce pan."", 
""Bring to a boil over medium heat; stir well."", ""Cover tightly, reduce heat and simmer 20 minutes undisturbed."", ""remove from heat and let stand 10 minutes."", ""Uncover and fluff gently with a fork; set aside to cool to room temperature. In a large non-reactive bowl, combine raisins and their soaking liquid, red peppers and chicken."", ""Add the cooled rices and most of the scallions, reserving a handful for garnish."", ""Toss well."", ""Add the Dressing and toss again."", ""Cover and chill until serving time.  Sprinkle with remaining scallions and serve chilled or cool."", 
""Curried Yogurt Dressing: Combine all ingredients in a non-reactive bowl and whisk until fairly smooth and well combined."", ""Cover and chill until needed."")"
000600,*600*,Elderberry Jelly,1691,I Dunno,PT1M,PT35M,PT36M,1999-09-03T11:50:00Z,Make and share this Elderberry Jelly recipe from Food.com.,character(0),Jellies,"c(""Fruit"", ""< 60 Mins"", ""Canning"", ""Easy"")","c(""3"", ""1/2"", ""5 1/2"", ""2"", ""1"")","c(""elderberry juice"", ""lemon juice"", ""sugar"", ""honey"")",NA,NA,591.9,0,0,0,11.7,155.8,0.6,150.8,0.2,NA,11 pints,"c(""To juices, add sugar and honey; mix well."", ""Place over high heat; bring to a boil, stirring constantly."", ""At once, stir in pectin."", ""Bring to a full rolling boil for 1 minute.  Stir constantly."", ""Remove from heat and skim off foam with metal spoon; pour quickly into glasses."", ""Cover at once with 1/8 inch hot paraffin."")"
000601,*601*,Elly May's Wedding Punch,1582,Diana van den Broek,PT3H,PT30M,PT3H30M,1999-08-19T05:20:00Z,Make and share this Elly May's Wedding Punch recipe from Food.com.,character(0),Punch Beverage,"c(""Beverages"", ""Pineapple"", ""Tropical Fruits"", ""Fruit"", ""Weeknight"", ""< 4 Hours"")","c(""3"", ""9"", ""4"", ""4"", ""2"", ""6"", ""4"", ""1"")","c(""cherry gelatin"", ""boiling water"", ""sugar"", ""water"", ""lemon juice"", ""ginger ale"")",5,22,210.6,0.1,0,0,11.5,53.4,0.3,50.2,0.5,NA,26 cups,"c(""Dissolve the gelatin in the boiling water in a large saucepan."", ""In a separate saucepan boil together the sugar and 4 cups water."", ""Add the pineapple juice, orange juice and lemon juice.  Cool."", ""Combine the gelatin and juice mixtures."", ""Pour into plastic containers and freeze. Set  out about 3 hours before serving."", ""Add the ginger ale just before serving."", ""The punch will be slushy."")"
000602,*602*,Enchiladas Verdes Suizas,174711,Queen Dragon Mom,PT15M,PT1H20M,PT1H35M,1999-08-25T06:25:00Z,"For authenticity, substitute crema for the whipping cream, leave out the sugar and garlic. Instead of jack or cheddar, use one of the Mexican hard cheeses.
For the sauce, use a mild roasted tomatilla and chili sauce.",character(0),Mexican,"c(""Weeknight"", ""< 4 Hours"")","c(""2"", ""1"", ""3"", ""1"", ""1"", ""1"", ""1"", ""1"", NA, NA, NA, ""12"", ""2"", ""7"", ""1/2"", NA, ""2"", ""2"", ""1"", ""1"")","c(""baking soda"", ""serrano chilies"", ""sugar"", ""onion"", ""garlic clove"", ""cilantro"", ""monterey jack cheese"", ""cheddar cheese"", ""corn tortillas"", ""chicken"", ""butter"", ""flour"", ""onions"", ""milk"", ""garlic clove"", ""Worcestershire sauce"")",5,2,755.9,51.2,29.9,152,325.8,66.5,9.6,10.3,13.6,4,12 enchiladas,"c(""Remove papery husks from tomatillos."", ""Wash tomatillos and chiles well."", ""Cook, covered, in a little boiling water  until tender, about 15 minutes."", ""Remove stems and  seeds from chiles."", ""Place chiles and drained tomatillos  in blender container."", ""Add onion, garlic and cilantro and blend until pureed."", ""Heat 2 tablespoons oil in a large skillet, add pureed mixture and fry, adding soda and sugar.   Salt to taste."", ""When mixture is cooked, add White Sauce, cream and 1/2 cup cheese."", ""Season with salt & pepper to taste; keep hot."", 
""For each serving, soften 3 tortillas in hot oil, then dip in hot sauce. Place some shredded chicken on each tortilla and roll.   Place, seam side down, in individual baking dishes."", ""Cover with remaining sauce and sprinkle cheese over top."", ""Place under broiler until cheese melts  and is golden brown."", ""WHITE SAUCE: Melt butter, add onion and garlic and cook until onion  is browned."", ""Stir in flour and cook and stir until flour is cooked."", ""Add milk and cook until thickened."", ""Strain sauce, then add Worcestershire and salt and pepper to  taste. I have enjoyed this dish at Sanborns House of Tiles in Mexico.""
)"
000603,*603*,Enchiladas with Red Sauce,34879,Barefoot Beachcomber,PT48M,PT1H15M,PT2H3M,1999-08-14T20:07:00Z,Make and share this Enchiladas with Red Sauce recipe from Food.com.,character(0),Mexican,"c(""Weeknight"", ""Oven"", ""< 4 Hours"")","c(""1"", ""1"", ""2"", ""1"", ""2"", ""1"", ""1/2"", ""1/4"", ""1"", ""1"", ""8"", ""1"", ""2"", NA, ""3"", ""1/2"", ""1/2"", ""2"", ""2"", ""2"", ""2"", ""2"")","c(""beef"", ""onion"", ""flour"", ""chili powder"", ""garlic powder"", ""salt"", ""cumin"", ""rubbed sage"", ""onion"", ""stewed tomatoes"", ""corn tortillas"", ""ripe olives"", ""colby-monterey jack cheese"", ""sour cream"", ""garlic"", ""butter"", ""flour"", ""tomato sauce"", ""beef broth"", ""chili powder"", ""rubbed sage"", ""ground cumin"")",5,3,1511.8,127.7,59.9,223.7,2704.7,62.7,11,12.1,34.3,4,NA,"c(""Brown ground beef and large chopped onion in a  large skillet, stirring until meat crumbles."", ""Drain and return mixture to  skillet.  Add flour and next 5   ingredients, stirring well."", ""Add stewed  tomatoes; stir well."", ""Bring to a  boil; cover, reduce heat, and simmer 10 to 15  minutes, stirring occasionally."", ""Pour 1 1/2 cups red sauce into a 13x9\"" baking  dish."", ""Set aside.  Wrap tortillas in  aluminum foil."", ""Heat at 350F  for 12 to 15 minutes or until  softened."", ""Combine  1 cup chopped onion and 1  cup sliced olives."", 
""Working with  1 tortilla at a  time, keeping remaining tortillas  covered and warm, sprinkle  2 heaping  tablespoonfuls onion-olive mixture  down center of tortilla."", ""Top  with 1/4 cup  meat mixture.  Roll tortilla tightly,  and place in prepared  dish, seam side  down."", ""Repeat with remaining  tortillas."", ""Pour remaining 2 1/2  cups red sauce  over tortillas."", ""Cover and bake  at 350F for 15 minutes."", ""Uncover and sprinkle  with cheese.  Bake,  uncovered, 5 additional minutes."", ""Top enchiladas with sour cream."", 
""Red Sauce:"", ""Cook crushed garlic in butter 1 to 2 minutes,  stirring often.   Gradually stir   in flour."", ""Cook, stirring constantly, 1 minute.   Gradually add tomato sauce   and broth; add seasonings."", ""Cook over medium  heat, stirring constantly, until   smooth and thickened."")"
000604,*604*,English Muffins,1547,Morton Design Graph,PT1H35M,PT50M,PT2H25M,1999-08-24T04:21:00Z,Make and share this English Muffins recipe from Food.com.,"c(""https://img.sndimg.com/food/image/upload/w_555,h_416,c_fit,fl_progressive,q_95/v1/img/recipes/60/4/lmn9cMYbTJ2nDTDxd81R_english muffins SITE.jpg"", ""https://img.sndimg.com/food/image/upload/w_555,h_416,c_fit,fl_progressive,q_95/v1/img/recipes/60/4/m4iDLMK5Tve6PhSJmH3f-030.JPG"", ""https://img.sndimg.com/food/image/upload/w_555,h_416,c_fit,fl_progressive,q_95/v1/img/recipes/60/4/picgGCws1.jpg"", ""https://img.sndimg.com/food/image/upload/w_555,h_416,c_fit,fl_progressive,q_95/v1/img/recipes/60/4/WHwCdShQiaW57R0daA0s_english muffins SITE-2.jpg"", 
""https://img.sndimg.com/food/image/upload/w_555,h_416,c_fit,fl_progressive,q_95/v1/img/recipes/60/4/wMwo2IQSTmivi1UNaYKw_english muffins SITE-3.jpg"", ""https://img.sndimg.com/food/image/upload/v1/img/feed/604/Ge46J9qkTjudPnegUCBK_10215422076057257.jpg"")",Yeast Breads,"c(""Breads"", ""Breakfast"", ""European"", ""Healthy"", ""Weeknight"", ""Stove Top"", ""< 4 Hours"")","c(""1"", ""1 1/2"", ""1/2"", ""1"", ""2"", ""4 1/2 - 5"", ""1"", ""1/2"", ""1/4"", ""2"")","c(""salt"", ""milk"", ""egg"", ""sugar"", ""flour"", ""milk"", ""yellow cornmeal"", ""butter"", ""butter"")",5,13,165.3,4.8,2.7,21,219.2,26.1,1.1,1.4,4.2,NA,20 muffins,"c(""Since you cook these on top of the stove, there is no need to preheat the oven.Proof the yeast in the l/2 Cup of lukewarm milk with the sugar.Scald the 1 cup of milk, melt the butter in it and let cool to lukewarm."", ""Add the salt and the slightly beaten egg to the milk-and-butter mixture. Pour the yeast sponge into a large mixing bowl and blend in the milk-butter-and-egg mixture. Add the flour, a little at a time,mixing together well."", ""Turn the dough out onto a lightly floured work surface and knead, adding more flour if necessary."", 
""Knead until elastic and shiny."", ""Then place the dough in a large buttered bowl, cover with a towel and let rise for at least 1 hour, until doubled in bulk."", ""Meanwhile, pour the cornmeal onto a platter and set aside. Take the dough out onto the work surface and knead again for a couple of minutes."", ""Roll it out with a rolling pin to a thickness of about 1/3\"" and, with a glass or a large biscuit cutter, cut out round cakes."", ""Put these onto the platter with the cornmeal, press down slightly and turn to get the other side covered with cornmeal."", 
""Place on a baking sheet and cover with a towel."", ""Let stand for about 20 to 30 minutes or until doubled in size. Place a skillet over medium heat and when hot, brush with a little melted butter, turn the heat low and place about 5 to 6 muffins in the pan."", ""Cook for approximately 5 minutes on each side, or until they are slightly brown."", ""Cool on a rack."", ""Toast after they are completely cooled off and right before serving them."")"
000605,*605*,English Pub Beef &amp; Kidney Stew in Yorkshire Pudding (Adopted,129357,Honni,PT2H,PT30M,PT2H30M,1999-08-21T11:28:00Z,This is the sort of meal you would like to come home to on a cold winters night. It is a very rich and filling meal.,"c(""https://img.sndimg.com/food/image/upload/w_555,h_416,c_fit,fl_progressive,q_95/v1/img/recipes/60/5/piceGiPm2.jpg"", ""https://img.sndimg.com/food/image/upload/w_555,h_416,c_fit,fl_progressive,q_95/v1/img/recipes/60/5/picZvJAZv.jpg"", ""https://img.sndimg.com/food/image/upload/w_555,h_416,c_fit,fl_progressive,q_95/v1/img/recipes/60/5/picX5tS3M.jpg"")",Stew,"c(""Meat"", ""European"", ""Weeknight"", ""Oven"", ""< 4 Hours"")","c(""1"", ""2"", ""1/4"", ""4"", ""1"", ""125"", ""1"", ""1"", ""1"", ""1"", ""1/2"", ""1/4"", ""1/4"", ""1/4"", ""2"", ""2"", ""1"", ""1"", ""1/2"", ""2"")","c(""flour"", ""onion"", ""mushrooms"", ""beef broth"", ""dry red wine"", ""tomato paste"", ""Worcestershire sauce"", ""salt"", ""pepper"", ""tarragon"", ""rosemary"", ""carrots"", ""eggs"", ""milk"", ""flour"", ""salt"")",5,9,930,40.3,10.5,299,1094.5,41.8,2.8,4.2,84.9,4,NA,"c(""Make Yorkshire Pudding first and let rest in fridge while stew is cooking."", ""Beat 2 eggs in bowl."", ""Mix in 1 cup of milk, sift in 1 cup of flour and 1/2 tsp salt. Beat until smooth."", ""For the Stew."", ""Coat  steak and kidneys with flour."", ""Brown several pieces at a time in oil in   stock pot; remove. Sauté onion in pan drippings until tender."", ""Add mushrooms."", ""Cok for several minutes longer."", ""Stir in broth, wine, tomato paste and next 5  seasonings and diced carrots. Return meat to the pan."", 
""Cover and cook on a slow simmer,for 2 hours or until tender (don't let stew dry out, add a little water if needed and reduce heat slightly)."", ""Preheat oven to 200°C."", ""Heat 2 tbs oil in a 6-8 cup casserole. Pour batter into hot casserole dish. Spoon stew over batter to within 1 inch of edge. Bake at 200c  for 30 minutes or until puffed and brown."", ""Serve with mashed potatoes and greens."")"
000606,*606*,Fabulous Oxtail,1543,Doreen Randal,PT3H8M,PT35M,PT3H43M,1999-08-22T04:37:00Z,Make and share this Fabulous Oxtail recipe from Food.com.,character(0),Weeknight,"c(""Oven"", ""< 4 Hours"")","c(""3"", ""3"", ""3"", ""3"", ""1/4"", ""2"", ""2"", ""6"", ""3"", ""2"", ""2"", NA)","c(""carrots"", ""onions"", ""celery"", ""olive oil"", ""butter"", ""flour"", ""plum jam"", ""brown sugar"", ""red wine"")",4,8,472.1,19.8,5.7,15.3,573.5,49.9,3.6,31.6,3.6,4,NA,"c(""Trim fat from the ox tails and cut into sections between the joints."", ""Peel the  carrots and onions, trim the celery and cut into even-sized pieces about.  Heat  the oil and butter in a frying pan and brown the oxtail well on all sides."", ""Transfer the meat to a large casserole. Add the vegetables to the pan and toss  regularly until they are well browned."", ""Add the flour and cook for 2 - 3 minutes until flour begins to brown lightly."", ""Add the plum jam, vinegar, sugar, beef  stock, red wine and bouquet garni and stir well to make a smooth mixture. Bring  to the boil and then pour over the oxtail."", 
""Cover and cook at 150 C for 3 hours  until the meat is very tender and falling off the bone. Taste the sauce and  season with salt and pepper if needed."", ""(Don't forget to remove the bouquet  garni.) If possible, leave the casserole to stand overnight to allow the fat to rise and set.  Skim off fat and re-heat. Serve with creamy mashed potatoes with chopped  parsley."", ""NOTE:-If the sauce needs to be thicker mix an extra tablespoon of flour with 2  tablespoons butter and stir into the casserole bit by bit 5 minutes before  serving."", 
""Cheers,  Doreen Doreen Randal,  Wanganui."", ""New Zealand."")"
000607,*607*,Famous Barr's French Onion Soup,1634,Bill Hilbrich,PT3H45M,PT40M,PT4H25M,1999-08-18T04:13:00Z,One of St. Louis's favorite soup recipes was recently printed in the  Post-Dispatch.  I remember going to St. Louis when I was young and my family  going into the department store's restaurant for this famous soup.  Enjoy!  Famous-Barr's French Onion Soup,"c(""https://img.sndimg.com/food/image/upload/w_555,h_416,c_fit,fl_progressive,q_95/v1/img/recipes/60/7/YNXhfXFiTPaqK1Kavh4f_french-onion-soup-4876.jpg"", ""https://img.sndimg.com/food/image/upload/v1/img/feed/607/SAsmo8jFSJa9mesS4723_10212813902279682.jpg"", ""https://img.sndimg.com/food/image/upload/w_555,h_416,c_fit,fl_progressive,q_95/v1/img/recipes/60/7/Bcj2D8ttRKiecVmy8BLX_french-onion-soup-4878.jpg"", ""https://img.sndimg.com/food/image/upload/w_555,h_416,c_fit,fl_progressive,q_95/v1/img/recipes/60/7/Q8YkVygyQPOH1DkccXr5_french-onion-soup-4881.jpg"", 
""https://img.sndimg.com/food/image/upload/w_555,h_416,c_fit,fl_progressive,q_95/v1/img/recipes/60/7/dEJY1yWzTtaUNFpzGjLR_image.jpg"", ""https://img.sndimg.com/food/image/upload/w_555,h_416,c_fit,fl_progressive,q_95/v1/img/recipes/60/7/aY2yDRjTnGuHHdwJzO1g_20140624_192038.jpg"", ""https://img.sndimg.com/food/image/upload/w_555,h_416,c_fit,fl_progressive,q_95/v1/img/recipes/60/7/T5z5p3Z4TsGrSohjX94w-Whats_for_dinner_tonight_Homemade_French_onion_sou"", ""https://img.sndimg.com/food/image/upload/w_555,h_416,c_fit,fl_progressive,q_95/v1/img/recipes/60/7/piceOoAn0.jpg"", 
""https://img.sndimg.com/food/image/upload/w_555,h_416,c_fit,fl_progressive,q_95/v1/img/recipes/60/7/picRRvtWU.jpg"", ""https://img.sndimg.com/food/image/upload/w_555,h_416,c_fit,fl_progressive,q_95/v1/img/recipes/60/7/VkprTm7RRm3AVPWpgr6t_image.jpg"", ""https://img.sndimg.com/food/image/upload/w_555,h_416,c_fit,fl_progressive,q_95/v1/img/recipes/60/7/picjDy4ni.jpg"", ""https://img.sndimg.com/food/image/upload/w_555,h_416,c_fit,fl_progressive,q_95/v1/img/recipes/60/7/pic5syG0v.jpg"", ""https://img.sndimg.com/food/image/upload/w_555,h_416,c_fit,fl_progressive,q_95/v1/img/recipes/60/7/piciaESPu.jpg"", 
""https://img.sndimg.com/food/image/upload/w_555,h_416,c_fit,fl_progressive,q_95/v1/img/recipes/60/7/pic1f8bRH.jpg"", ""https://img.sndimg.com/food/image/upload/w_555,h_416,c_fit,fl_progressive,q_95/v1/img/recipes/60/7/picXrrj6m.jpg"", ""https://img.sndimg.com/food/image/upload/w_555,h_416,c_fit,fl_progressive,q_95/v1/img/recipes/60/7/picHS0CZ1.jpg"", ""https://img.sndimg.com/food/image/upload/w_555,h_416,c_fit,fl_progressive,q_95/v1/img/recipes/60/7/picI3qYjz.jpg"", ""https://img.sndimg.com/food/image/upload/w_555,h_416,c_fit,fl_progressive,q_95/v1/img/recipes/60/7/picZcT25l.jpg"", 
""https://img.sndimg.com/food/image/upload/w_555,h_416,c_fit,fl_progressive,q_95/v1/img/recipes/60/7/picJ4nfCM.jpg"")",Cheese,"c(""Onions"", ""Vegetable"", ""European"", ""Low Protein"", ""Low Cholesterol"", ""Weeknight"", ""For Large Groups"")","c(""5"", ""1/2"", ""1 1/2"", ""2"", ""1"", ""7"", ""1"", ""3/4"", NA, ""2"", NA, NA)","c(""onions"", ""butter"", ""black pepper"", ""paprika"", ""bay leaf"", ""beef broth"", ""dry white wine"", ""all-purpose flour"", ""instant flour"", ""Kitchen Bouquet"", ""salt"", ""French baguette"", ""swiss cheese"", ""gruyere cheese"")",5,162,145.8,6.5,4,15.2,1086,18.4,2.9,6.1,4.6,16,4 quarts,"c(""Peel onions and slice 1/8 inch thick, preferably in a food processor."", ""Melt  butter in a 6-quart (or larger) stockpot.  Add onions; cook, uncovered, over low heat for 1 1/2 hours, stirring occasionally."", ""(The long cooking time makes the  onions mellow and sweet.) Stir in pepper, paprika and bay leaf; saute over low  heat 10 minutes more, stirring frequently."", ""Pour in 6 cans broth and wine.   Increase heat and bring to a boil."", ""Dissolve flour in remaining 1 can broth."", ""Stir into boiling soup."", 
""Reduce heat and simmer slowly for 2 hours."", ""Adjust color to a rich brown with caramel coloring, season with salt. Refrigerate overnight.  To serve, heat soup in microwave or on stove top."", ""If desired, pour into  ovenproof crocks or bowls."", ""Top with a slice of bread and a sprinkling of grated cheese.  Heat under the broiler until cheese melts and bubbles, about 5 minutes."", ""Leftover soup can be frozen."")"
000608,*608*,Five Bean Salad,1636,carlanna livingstone,NA,PT20M,PT20M,1999-09-20T19:38:00Z,I am the third generation using this wonderful recipe.  It is soooo simple and delicious.  Its not overly oily like most are.  Overnight chilling time not included in preparation time.,character(0),Beans,"c(""< 30 Mins"", ""Easy"")","c(""1"", ""1"", ""1"", ""1"", ""1"", ""1"", ""1"", ""1/2"", ""1/2"", ""3/4"", ""1"", ""1"", ""1"", ""1 -2"")","c(""green beans"", ""lima beans"", ""kidney beans"", ""garbanzo beans"", ""onion"", ""green pepper"", ""vinegar"", ""sugar"", ""salt"", ""pepper"", ""dry mustard"", ""celery seed"")",5,11,256.2,10.1,1.3,0,499.3,36.7,7.2,14.9,6.6,12,1 salad,"c(""Drain all the beans and combine in a large bowl."", ""Heat (but do not boil) (I do it in the microwave for about 1 minute) vegetable oil, vinegar, sugar, salt, pepper, dry mustard, and celery seed."", ""Mix with bean mix and let stand overnight."", ""Add onion/pepper about an hour before serving."")"
000609,*609*,Crispy Chicken Wings,1629,Joy Boss,PT1H,PT50M,PT1H50M,1999-08-28T02:50:00Z,Make and share this Crispy Chicken Wings recipe from Food.com.,character(0),Chicken,"c(""Poultry"", ""Meat"", ""Weeknight"", ""< 4 Hours"")","c(""12"", ""1"", ""2"", ""2"", ""1"", ""1/2"", ""1/4"", ""1/2"", ""1/4"", ""1/2"", NA)","c(""chicken wings"", ""egg"", ""soy sauce"", ""sugar"", ""five-spice powder"", ""water"", ""flour"", ""cornstarch"", ""baking soda"")",5,8,914.6,54.1,14.6,319.4,902.9,41.1,1,2.4,60.9,2,NA,"c(""Cut each chicken wing at joints to make 3 pieces."", ""Discard wing tips or save for making chicken broth."", ""Mix egg, 2 tsp."", ""vegetable oil, the soy sauce, sugar, and  five spice powder; pour over chicken."", ""Cover and refrigerate 1 hour."", ""Add water  to chicken."", ""Stir flour, cornstarch, and baking soda into chicken."", ""Heat  vegetable oil (1 1/2 inches) in wok (we use a deep fryer) to 350 degrees."", ""Fry 4 or 5 chicken pieces at a time until light brown, turning 2 or 3 times, about 5  minutes; drain on paper towel."", 
""Serve with sweet and sour sauce or hot mustard."", ""6 servings"")"
000610,*610*,Flavored Nuts,1551,Sean Coate,PT20M,PT45M,PT1H5M,1999-09-06T05:16:00Z,Make and share this Flavored Nuts recipe from Food.com.,character(0),Lunch/Snacks,"c(""Fruit"", ""Nuts"", ""Weeknight"", ""< 4 Hours"")","c(""8"", ""2"", ""1/4"", ""1"", ""8"", ""2"", ""1"", ""4"", ""2"", ""1/2"", NA, ""8"", ""2"", ""4"", NA)","c(""walnuts"", ""kosher salt"", ""olive oil"", ""garlic"", ""pine nuts"", ""olive oil"", ""garlic"", ""saffron"", ""roasted pistachios"", ""Spanish olive oil"", ""saffron threads"", ""salt"")",NA,NA,5291.4,489.1,46.9,0,2379.3,164,68.3,39.5,148.8,1,NA,"c(""Preheat oven to 250 degrees."", ""Put all flavor ingredients into a mixing  bowl."", ""Add nuts and toss."", ""Transfer to a roasting pan into which the nuts  will fit in one single layer."", ""Roast for 20 minutes or until nuts begin to  color."", ""Transfer to a paper towel to drain excess oil."", ""NOTES : For a drier consistency substitute spray olive or corn oil."", ""A  good thing about making your own flavored nuts is creating the flavors  you like, with as much or as little salt as you choose. Store in air- tight container, preferably tin.""
)"
000611,*611*,Fluffy White Frosting,1612,JANIC412,PT20M,PT20M,PT40M,1999-08-19T05:38:00Z,"Fluffy White Frosting  In top of a double boiler over simmering water, beat with an electric mixer the following:",character(0),Dessert,"c(""Low Protein"", ""Low Cholesterol"", ""Healthy"", ""Free Of..."", ""< 60 Mins"")","c(""2"", ""1"", ""1/4"", ""2"", ""1"", ""1/4"")","c(""granulated sugar"", ""water"", ""lemon juice"", ""light corn syrup"", ""cream of tartar"")",4.5,3,874.8,0.2,0,0,127.5,218.5,0,206.2,7.2,1,NA,"c(""In top of a double boiler over simmering water, beat with an electric mixer the"", ""following:"", ""Beat until soft peaks form."", ""This takes about 7-10 minutes."", ""Remove double boiler top from the bottom and continue beating on high until stiff peaks form- this also takes about 7-10 minutes."", ""Jan"")"
000612,*612*,Freezer Apricot Jam,1533,Dancer,PT24H25M,PT20M,PT24H45M,1999-08-10T18:47:00Z,Make and share this Freezer Apricot Jam recipe from Food.com.,"c(""https://img.sndimg.com/food/image/upload/w_555,h_416,c_fit,fl_progressive,q_95/v1/img/recipes/61/2/pic1LDsb7.jpg"", ""https://img.sndimg.com/food/image/upload/w_555,h_416,c_fit,fl_progressive,q_95/v1/img/recipes/61/2/picGozDXk.jpg"", ""https://img.sndimg.com/food/image/upload/w_555,h_416,c_fit,fl_progressive,q_95/v1/img/recipes/61/2/picGDWK7o.jpg"")",Fruit,"c(""Free Of..."", ""Weeknight"", ""Canning"", ""Freezer"", ""Easy"")","c(""3"", ""1"", ""1/8"", ""5"", ""1/2"")","c(""apricots"", ""lemon juice"", ""lemon, rind of"", ""granulated sugar"")",5,1,4111.1,2,0.1,0,15.1,1055.9,10,1044.1,7,NA,1 batch,"c(""Mix apricots, lemon juice and rind."", ""Add sugar, stir 5 minutes until sugar dissolves."", ""Let stand 20 minutes."", ""Stir in pectin."", ""Ladle into cartons or jars, filling to within 1/2 inch of top."", ""Cover with cloth and let stand until set, 24 hours or overnight. Cover and freeze. To serve, thaw and store in refrigerator."", ""(Freeze for 1 month before thawing to use)."")"
000613,*613*,Traditional Rahmschnitzel,1662,Anne Edgell,NA,PT45M,PT45M,1999-08-23T21:03:00Z,Make and share this Traditional Rahmschnitzel recipe from Food.com.,"""https://img.sndimg.com/food/image/upload/w_555,h_416,c_fit,fl_progressive,q_95/v1/img/recipes/61/3/piceJQBVi.jpg""",Free Of...,"c(""< 60 Mins"", ""Stove Top"")","c(""4"", ""4"", ""2"", ""1"", ""1"", ""250"", ""1"", NA, ""500"")","c(""butter"", ""onions"", ""onion"", ""garlic"", ""dry red wine"", ""creme fraiche"", ""heavy whipping cream"", ""clear broth"", ""fresh mushrooms"")",NA,NA,516.5,35,21.7,116.2,118.8,13.4,1.4,4.2,4.6,4,NA,"c(""1 bottle champagne Fruity ice cream dessert, as desired Directions: In heavy frying pan,on medium heat setting, brown meat on both sides, at the same time sauteing the onions and garlic.When onions start turning dark, add 2 tbs red wine, continue cooking and reducing wine liquid."", ""Repeat this procedure 4 more times."", ""(Use about 250-300 ml red wine) The last addition of red wine is reduced by only one half, then add the creme fraiche or heavy cream, stirring frequently to avoid lumps."", ""Reduce heat to low and let simmer, adding clear broth."", 
""Add pepper and salt to taste.  Don't overdo it. When the Rahm (cream) has been reduced and is fairly thick, add the sliced mushrooms."", ""Turn off heat and remove pan."", ""(Adding the mushrooms thins the Rahm, so be sure that the Rahm was thick prior to adding mushrooms). Stir well, cover pan and let rest for a couple of minutes."", ""Serve over rice and with a tomato salad, or over noodles and a tossed green salad."", ""To finish the successful meal, enjoy an ice sorbet and a glass of champagne."")"
000614,*614*,Augie Oliver's Italian Sausage,1547,Morton Design Graph,PT15M,PT1H,PT1H15M,1999-08-23T20:33:00Z,"To stuff the casings, you will need a meat grinder with a sausage horn attachment. If you don't have such a device, use the mixture to make fried patties by shaping 1/4 cup of filling into a 1/2 inch thick patty and frying in hot oil until golden brown on both sides.",character(0),Pork,"c(""Meat"", ""European"", ""Very Low Carbs"", ""High Protein"", ""Free Of..."", ""High In..."", ""Spicy"", ""For Large Groups"", ""< 4 Hours"", ""Easy"")","c(""10"", ""4"", ""2"", ""2"", NA)","c(""salt"", ""fennel seeds"")",5,1,514.6,36,12.3,149.7,2355.8,1.8,1.2,0.1,43,20,NA,"c(""To prepare casings: Let casings soak in cool water about five minutes to remove salt on outer surface (no longer, or they will become too tender to stuff) and flush salt from the inside by placing one end on faucet nozzle and turn on cold tap water (if you see holes or water leaking, cut and discard)."", ""Remove casing from faucet and gently squeeze out water; cover rinsed casings and refrigerate until ready to use."", ""First grind meat coarsely, incorporate seasonings evenly, and re-grind."", ""Fill the casings using the sausage horn attachment and make links by twisting the sausage where you wish the links to be.  Four inches is a good size for a regular serving, smaller links may be made for appetizer servings."", 
""To cook, place the sausage in large saucepan or dutch oven in a single layer; add a little water or broth, cover and heat."", ""to a low simmer."", ""Maintain a low simmer (sausages may burst if cooked at too high a heat) until the sausage is heated through and cooked thoroughly, approximately 15 minutes."", ""Drain and let rest for about 15 minutes before slicing; serve while still warm."")"
000615,*615*,Easy Garlic Chicken Breasts,2178,troyh,PT3H30M,PT35M,PT4H5M,1999-08-15T07:48:00Z,"This is really simple, but surprisingly good.   The chicken is somewhat garlicky and tangy because of the lime juice, but it is not too strong-tasting. It goes great with mashed potatoes and corn muffins.","c(""https://img.sndimg.com/food/image/upload/w_555,h_416,c_fit,fl_progressive,q_95/v1/img/recipes/61/5/picaSHBRu.jpg"", ""https://img.sndimg.com/food/image/upload/w_555,h_416,c_fit,fl_progressive,q_95/v1/img/recipes/61/5/picWBCvqF.jpg"", ""https://img.sndimg.com/food/image/upload/w_555,h_416,c_fit,fl_progressive,q_95/v1/img/recipes/61/5/picsVgI8G.jpg"")",Chicken Breast,"c(""Chicken"", ""Poultry"", ""Meat"", ""Very Low Carbs"", ""Free Of..."", ""Weeknight"", ""Oven"", ""Easy"")","c(""1/4"", ""1/4"", ""1"", ""2"", NA)","c(""lime juice"", ""olive oil"", ""garlic"", ""boneless skinless chicken breasts"")",4.5,32,387,30.1,4.4,75.5,138.7,3.9,0.2,0.6,25.4,2,NA,"c(""In a medium bowl, whisk together the lime juice, olive oil, and garlic."", ""Season with salt  and pepper generously, and add chicken, making sure it is well-coated with the  marinade.  Marinate chicken, covered in fridge for at least 3 hours and  preferably overnight. Preheat oven to 400 degrees F."", ""Remove chicken from  marinade and discard marinade.  Arrange chicken breasts in a shallow baking pan."", ""Season with salt and pepper and roast for 25-30 minutes or until chicken is  cooked through and the juices run clear when you prick it with a fork.""
)"
000616,*616*,Easy Cream Cheese Fruit Squares,1572,Ed Paulhus,PT2H50M,PT55M,PT3H45M,1999-09-13T03:02:00Z,Make and share this Easy Cream Cheese Fruit Squares recipe from Food.com.,"""https://img.sndimg.com/food/image/upload/w_555,h_416,c_fit,fl_progressive,q_95/v1/img/recipes/61/6/6TICtFMeRomF1uXXhdp4_816458825060984.jpg""",Bar Cookie,"c(""Dessert"", ""Cookie & Brownie"", ""Cheese"", ""Fruit"", ""Weeknight"", ""For Large Groups"", ""Oven"", ""< 4 Hours"", ""Easy"")","c(""1"", ""1/3"", ""1 1/2"", ""3"", ""4"", ""1"", ""1"")","c(""sugar"", ""butter"", ""graham cracker crumbs"", ""cream cheese"", ""eggs"", ""vanilla"")",5,4,186.6,13.6,7.4,69,150.6,13.6,0.1,10.9,3.1,24,NA,"c(""Preheat oven to 325 F."", ""To prepare crust: In medium saucepan place 1/4 cup sugar  and butter;heat until butter is melted, stirring occasionally."", ""Stir in graham  cracker crumbs;press mixture evenly over the bottom of a 13 x 9-in."", ""baking pan."", ""In a large bowl with an electric mixer beat cream cheese until smooth."", ""Gradually beat in  remaining 3/4 cup sugar."", ""Beat in eggs, one at a time, and vanilla,  until well blended."", ""Spoon blueberry filling  over crust. Carefully pour cream  cheese mixture over blueberries."", 
""Bake just until set, 45 to 50 minutes."", ""Cool."", ""Chill until cold, about 2 hours or longer."", ""Cut into 24 squares."", ""Serve garnished  with strawberry halves or mint leaves, if desired."")"
000617,*617*,Easy Refrigerator Lemon Cookies,86520,Dorel,PT10M,PT45M,PT55M,1999-08-22T04:57:00Z,"This is my adopted recipe as of Feb 2005. I made these today and found very good. A very delicate cookie. I didn't leave enough room between the cookies in the first batch and they ran into each other when baking. They still taste good. The original poster describes below where she got the recipe.

The Lemon Lovers Cookbook The Chicago Sun-Times  Peg Bailey has a passion for lemons. Having lived  all over the world, Bailey is able to cull the best national dishes  from places such as Greece, Malta,  England, and her home in Virginia for The  Lemon Lovers Cookbook. The recipes  are never overly complicated, and most  are ideal for weekday cooking. Exotic  fare such as Aegean shrimp and  caviar mousse exist peacefully with all-American staples such as  carrot cake and lemon bars.   Easy Refrigerator Lemon Cookies  These cookies are great in the summer with a  bowl of fresh fruit. Plan ahead,  though, as you have to leave the dough in  the refrigerator for several hours  before baking.","""https://img.sndimg.com/food/image/upload/w_555,h_416,c_fit,fl_progressive,q_95/v1/img/recipes/61/7/pickBOZ7q.jpg""",Dessert,"c(""Cookie & Brownie"", ""< 60 Mins"", ""Oven"", ""Refrigerator"", ""Easy"")","c(""1"", ""1"", ""1"", ""2 1/3"", ""1/2"", ""1/4"")","c(""lemon, zest of"", ""granulated sugar"", ""butter"", ""cake flour"", ""baking soda"", ""salt"")",4.5,7,59.3,3.1,1.9,8.1,42.1,7.5,0.1,3.4,0.5,NA,60 cookies,"c(""Process the lemon zest and sugar in a food  processor until the zest is as fine as the sugar."", ""Add the butter."", ""Process until fluffy."", ""Scrape down the bowl."", ""Add the flour, baking soda and salt.  Process briefly until mixed."", ""Form dough into  two 1-1/2-inch-round logs and  wrap each in wax paper."", ""Refrigerate until firm."", ""Preheat the oven to 350°."", ""Slice each log into 1/4-inch thick cookies and place on an ungreased baking sheet. Bake for 8 to 10 minutes, until golden  around the edges."", 
""Do not overbake."")"
000618,*618*,Easy-Freezy Sorbet,1545,Nancy Van Ess,PT4H,PT40M,PT4H40M,1999-08-16T05:50:00Z,Make and share this Easy-Freezy Sorbet recipe from Food.com.,character(0),Frozen Desserts,"c(""Dessert"", ""Free Of..."", ""Weeknight"", ""Refrigerator"", ""Easy"")","c(""2"", ""2"", ""1/2"", ""1/4"")","c(""fresh blueberries"", ""fresh raspberries"", ""water"")",NA,NA,49.4,0.4,0,0,1.5,12,3.9,6.7,0.9,6,NA,"c(""Freeze berries by placing them in a single layer on a baking pan and place in  freezer."", ""When frozen, put berries in a freezer container or plastic freezer bag  and seal."", ""Keep containers or bags of berries in freezer up to 12 months."", ""In a  large bowl combine the frozen berries, water and frozen concentrate. Place half  of the mixture in food processor."", ""Cover and process until almost smooth."", ""Repeat  with remaining mixture.  Serve immediately."", ""(Or transfer mixture to a baking  dish."", 
""Cover; freeze about 4 hours or until firm.) Use within 2 days."", ""Scoop  frozen mixture into cones, if desired."")"
000619,*619*,Egg Drop Soup,1629,Joy Boss,NA,PT20M,PT20M,1999-09-01T11:44:00Z,Make and share this Egg Drop Soup recipe from Food.com.,"""https://img.sndimg.com/food/image/upload/w_555,h_416,c_fit,fl_progressive,q_95/v1/img/recipes/61/9/picF1itID.jpg""",Clear Soup,"c(""Chinese"", ""Asian"", ""Very Low Carbs"", ""< 30 Mins"", ""Easy"")","c(""3"", ""1"", ""1"", ""1"", ""2"")","c(""chicken broth"", ""salt"", ""white pepper"", ""green onion"", ""eggs"")",5,25,88.4,4.6,1.4,124,1569.9,1.6,0.1,0.9,9.2,3,3 cups,"c(""Heat chicken broth, salt, and white pepper to boiling in a 2-quart saucepan."", ""Stir green onions into eggs."", ""Pour egg mixture slowly into broth, stirring constantly with fork until egg forms shreds."", ""Makes about 3 cups deb"")"
000620,*620*,Egg Rolls,1630,Tim  Tina Ireland,NA,PT30M,PT30M,1999-08-21T10:30:00Z,Make and share this Egg Rolls recipe from Food.com.,character(0),Poultry,"c(""Meat"", ""Chinese"", ""Asian"", ""< 30 Mins"")","c(""1"", ""12"", ""1"", ""1"", ""1"", ""1"", ""1"", ""1/2"", NA, ""1/2"", ""1/2"", ""1/2"", ""6"", ""3"", NA, NA)","c(""chicken"", ""carrot"", ""cabbage"", ""celery"", ""bean sprouts"", ""water chestnut"", ""soy sauce"", ""vinegar"", ""ketchup"", ""sugar"", ""soy sauce"", ""red wine"", ""green pepper"", ""onion"")",3,5,504.5,18.3,5.1,90.6,1821.1,53.9,4.6,20.9,30.4,8,NA,"c(""Boil chicken."", ""Debone set aside. Cut up celery, carrots, cabbage, water chestnut and add bean spouts."", ""Cook over med heat until all vegetables are  soft, then add chicken, soy sauce salt and pepper to taste. Put a small amount in egg roll wraps and roll up."", ""Do it with the rest of wraps and filling."", ""Fry the egg rolls in hot oil Sauce Mix together  all and cook for five min."", ""Add cut up green peppers and onion."")"
000621,*621*,Empanada,97901,Zaney1,PT25M,PT30M,PT55M,1999-09-02T04:38:00Z,Make and share this Empanada recipe from Food.com.,character(0),Savory Pies,"c(""Lunch/Snacks"", ""Spinach"", ""Greens"", ""Vegetable"", ""Spanish"", ""European"", ""< 60 Mins"", ""Oven"")","c(""1"", ""2"", ""1/4"", ""1"", ""1"", ""1"", ""1/8"", ""1/3"", ""1"", ""1/4"", ""1"")","c(""butter"", ""lean beef"", ""frozen spinach"", ""Lawry's Seasoned Pepper"", ""sour cream"", ""egg"", ""parmesan cheese"")",NA,NA,695.5,45.3,16.4,182.3,848.6,44.6,5.9,3.5,30.4,2,NA,"c(""In a medium skillet, melt butter and saute  Minced Onion flakes until butter is  absorbed."", ""Add ground  beef, cook until brown and  crumbly; drain fat.  Add  spinach, seasonings, sour cream, egg, and  cheese; blend well."", ""Remove  pastry  shell from foil pan and place flat on  baking sheet.  Spoon filling on  half of  the pastry, fold the other half over and  press edges together to form  a seal."", ""Pierce several holes in top."", ""Bake in a  350 degree oven for 25  minutes or  until golden brown.""
)"
000622,*622*,Empanadas de Horno,1632,Peeter Raudvere,NA,PT45M,PT45M,1999-08-24T05:42:00Z,Make and share this Empanadas de Horno recipe from Food.com.,character(0),Spanish,"c(""European"", ""< 60 Mins"", ""Oven"")","c(""4"", ""1"", ""1"", ""1"", ""1"", ""1 1/2"", ""1"", ""2"", ""1"", ""4"", ""1/2"", ""1/2"", ""1/2"", ""500"", ""3"", ""20"", ""40"")","c(""all-purpose flour"", ""baking powder"", ""salt"", ""egg"", ""milk"", ""shortening"", ""paprika"", ""onions"", ""chili powder"", ""cumin"", ""oregano"", ""beef"", ""hard-boiled eggs"", ""black olives"", ""raisins"")",NA,NA,277.8,18.2,5.3,52.5,120.5,23.5,1.3,1.7,5.3,NA,20 empanadas,"c(""TO prepare dough: sift flour with baking powder and salt. Add egg yolk, egg, milk and shortening."", ""Mix to make a stiff dough."", ""Divide into 20 pieces and roll each thinly into a circle. Stuffing or pino In frying pan, heat oil with paprika and saute onions until soft. Add chilli powder, oregano, cumin and salt. Add meat and mix with onions."", ""Cook until meat is no longer pink."", ""To prepare empanadas: Place a spoonful of stuffing on half of each dough circle. Add slices of egg, raisins and olives."", 
""Fold dough over filling."", ""Wet the edge with milk, fold over again and seal."", ""Bake in a 200 degrees C oven until cooked and lightly browned."", ""Serve hot."")"
000623,*623*,End of Summer Ratatouille,10033,spatchcock,PT32M,PT45M,PT1H17M,1999-08-23T12:39:00Z,"This is one of the recipes I adopted.  With proper instructions to follow, it's very tasty!  Thank goodness we can get a variety of fresh produce year round!","c(""https://img.sndimg.com/food/image/upload/w_555,h_416,c_fit,fl_progressive,q_95/v1/img/recipes/62/3/picxuXrQP.jpg"", ""https://img.sndimg.com/food/image/upload/w_555,h_416,c_fit,fl_progressive,q_95/v1/img/recipes/62/3/picpihGnV.jpg"")",Free Of...,"c(""Summer"", ""Weeknight"", ""Oven"", ""< 4 Hours"")","c(""1/4"", ""1"", ""2"", ""2"", ""1"", ""1"", ""1"", ""3"", ""1/4"", ""1"", ""4"", ""1"", ""1"", ""2"", ""1/2"", ""11"")","c(""olive oil"", ""eggplant"", ""zucchini"", ""red bell pepper"", ""yellow bell pepper"", ""green bell pepper"", ""tomatoes"", ""Italian parsley"", ""red onion"", ""garlic"", ""kosher salt"", ""fresh ground black pepper"", ""olive oil"", ""fresh basil leaf"", ""parmesan cheese"")",4,3,157.1,10.7,1.5,0,890,15.2,5.4,6.7,3.4,8,NA,"c(""Mix together in a small bowl:  parsley, red onion, garlic, 1 Tbsp salt,  1 tsp black pepper,  2 Tbsp olive oil"", ""In Medium skillet, heat oil and saute eggplant and red onion until soft, stirring often."", ""Transfer eggplant/onion and oil into decorative 9x13 or larger, baking dish."", ""Toss remaining vegetables, except the tomatoes, with the parsley garlic mixture and fold into the eggplant mixture."", ""Scatter tomatoes on top."", ""Cover with foil."", ""Bake at 350 degrees for 30 to 45 minutes, or until vegetables are bubbly."", 
""While baking, prepare topping: Combine 1/2 cup chopped fresh basil leaves with your choice of cheese: 11 oz log montrachet or chevre cheese, crumbled or 1 cup grated Parmesan cheese"", ""Remove foil and top with basil and cheese mixture, return to oven for a scant 5 minutes."", ""Serve at once."")"
000625,*625*,Escalope of Salmon With Chanterelles,1633,Julie chazelet,PT5M,PT40M,PT45M,1999-08-21T10:21:00Z,Make and share this Escalope of Salmon With Chanterelles recipe from Food.com.,character(0),Free Of...,"""< 60 Mins""","c(""150"", ""10"", ""100"", ""50"", ""25"", ""25"", ""50"", ""25"", NA, ""25"")","c(""salmon"", ""canned chanterelles"", ""Noilly Prat"", ""broad beans"", ""peas"", ""butter"", ""shallots"", ""lemon juice"", ""sea salt"")",NA,NA,607.5,46.5,26.6,185.8,10411,12,2.7,1.9,36.1,1,NA,"c(""Add 25g of Butter to a small sauti pan."", ""Add Chanterelles and shallots, cover  with a lid and sweat for a few minutes."", ""Make a space for the salmon in the pan,  add wine and fish stock."", ""Poach for 4-5 minutes, take out fish and keep warm."", ""Reduce cooking liquid by two thirds, take out mushrooms."", ""Cut butter into small  cubes and whisk in to make sauce. Add lemon juice abd peas."", ""Return mushrooms,  add broad beans and peas, check seasoning."", ""Place salmon on plate with sauce to  the side I found this recipe on a site among others.""
)"
000626,*626*,Ezekiel Bread,1530,Carole Reu,PT1H10M,PT45M,PT1H55M,1999-08-11T05:09:00Z,Make and share this Ezekiel Bread recipe from Food.com.,"c(""https://img.sndimg.com/food/image/upload/w_555,h_416,c_fit,fl_progressive,q_95/v1/img/recipes/62/6/picoQ9FQN.jpg"", ""https://img.sndimg.com/food/image/upload/w_555,h_416,c_fit,fl_progressive,q_95/v1/img/recipes/62/6/picKjh5cX.jpg"")",Yeast Breads,"c(""Breads"", ""Lentil"", ""Beans"", ""Lactose Free"", ""Low Cholesterol"", ""Egg Free"", ""Healthy"", ""Kosher"", ""Free Of..."", ""Weeknight"", ""For Large Groups"", ""Oven"", ""< 4 Hours"")","c(""8"", ""4"", ""2"", ""1"", ""1/2"", ""1/4"", ""1 1/2"", ""1"", ""5"", ""2"", ""1/2"", ""1"")","c(""wheat flour"", ""lentils"", ""water"", ""salt"", ""olive oil"", ""warm water"", ""honey"")",4,6,151.4,2.9,0.4,0,147.3,27.4,4.3,0.9,5.9,48,4 loaves,"c(""Dissolve the yeast in warm water and let set for 10 minutes."", ""Mix the other dry  ingredients in separate bowl."", ""Blend lentils, oil, honey and small amount of water;  place in large mixing bowl with remaining water."", ""Stir in 2 cups of mixed flour."", ""Add yeast mixture.  Stir in remaining salt and flour."", ""Knead on floured surface, then place in oiled bowl."", ""Let rise until double in bulk."", ""Knead again; shape  and place in greased loaf pans."", ""Let rise.  Bake 375 for 1 hour."", ""- - - - - - - - - - - - - - - - - -  NOTES : A Health Food Store is a source for some of these ingredients.""
)"
000627,*627*,Filet Mignon,1549,Dave5003,PT45M,PT1H30M,PT2H15M,1999-09-21T05:52:00Z,Make and share this Filet Mignon recipe from Food.com.,character(0),Meat,"c(""Weeknight"", ""< 4 Hours"")","c(""1"", NA, NA, ""2"", ""1"", NA, ""1/2"", ""1"", NA, ""1"", NA)","c(""fresh white mushrooms"", ""onion"", ""butter"", ""sweet vermouth"", ""sherry wine"", ""garlic"", ""Worcestershire sauce"")",5,1,703.8,54.8,22.4,174.9,126.2,3.4,0.8,1.8,47.3,NA,NA,"c(""We rarely eat beef but when we do for special occasions we enjoy the above for a most tender cut of beef."", ""Here is the way our family does it. There are other  methods of seasoning and roasting but we are always satisfied with the results  this way."", ""Try to buy a whole fillet that is already \""peeled \"" ( trimmed of  silverskin, fat etc. ) or if you prefer you can buy untrimmed and do it  yourself."", ""The whole filet has a taped part ( called the tail ) and when you  roast, tuck this part under so you can have a more even  piece of meat for  roasting."", 
""If the whole filet is too large to fit your roasting pan you may cut  the filet in half and roast the two parts in the pan together."", ""Make sure the  meat comes to room temperature prior to roasting for even roasting which also  helps with tenderness."", ""Rub oil ( we prefer olive ) over the filet and then rub in seasonings such as salt , pepper, paprika, crushed garlic etc. The Montreal  Steak Seasoning is a nice choice ( available in the seasoning or meat sections  of supermarkets ) ."", ""Or other people prefer to coat the filet with Dijon mustard  and then roll the filet in  finely crushed black or colored peppercorns prior to roasting."", 
""Both ways are delicious."", ""Place the filet on a  roasting rack over the  roasting pan."", ""You can also place the filet over some beef bones in the pan which also act as a rack."", ""Preheat the oven to 475 degrees F."", ""Place the prepared filet on the rack and  roast 20 minutes ( for a average 5 lb roast- ). Then decrease the temperature to 350F and roast an additional 20 minutes."", ""Remove the filet from the oven and let  sit about 15 minutes before slicing."", ""This total time factor  should produce  medium rare.  A heavier roast will probably need more roasting time and a  smaller roast less time. The sitting times allows for best slicing and lets some of the juices settle etc.    If you prefer you can  check and rely on a meat  thermometer to test so you don't under or over roast the meat.."", 
""Insert  thermometer in the thickest part of the roast. Generally 120 to 130 F is rare  and 130 to 140 F is medium rare. Remember the meat will continue to cook with  \""standing time\"" out of the oven."", ""Meanwhile make the mushroom sauce ( this is a natural and not thickened sauce ). In a large skillet over medium high heat cook the onion in some olive oil or butter until softened."", ""Add the sliced mushrooms  and garlic and continue to cook and stir until the mushrooms have reduced in  volume by 1/2 and become tender."", 
""Add the vermouth, dashes of Worcestershire  sauce and Gravy Master (  a browning/ caramelized color for sauces etc. ). Cook  and stir  another 5 to 10 minutes and then season to taste.   If you wish you   may add a few tablespoons of the pan drippings or a bit of beef bullion paste (  available in jars ) for a richer flavor."", ""The whole recipe really can serve  quite a lot depending on how thick or thin you slice the meat. Leftovers reheat  well."")"
000628,*628*,Filet Mignon With Sweet-Potato Shoestrings,1635,Jill McQuown,PT9M,PT1H10M,PT1H19M,1999-09-11T09:55:00Z,I've been picturing this meal and craving it for days now... finally dug up the recipe copy.  And have all the ingredients!  This may be dinner tonight...  Filet Mignon with Mushrooms,character(0),Meat,"c(""Weeknight"", ""< 4 Hours"")","c(""2"", ""1"", ""1"", ""1/2"", ""1/2"", ""1/4"", ""1/4"", ""1/4"", NA)","c(""butter"", ""fresh mushrooms"", ""red wine"", ""dried thyme"", ""salt"", ""black pepper"")",4,1,165.7,13.1,4.7,15.3,534.1,4.6,1.2,2.1,4.3,2,NA,"c(""In medium iron skillet, melt half the butter in half the oil until hot.  Add mushrooms and saute quickly, about 5 minutes."", ""Remove with slotted spoon."", ""Add remaining butter and oil over high heat.  Pat filets dry."", ""Brown filets well, about 4 minutes per side for medium rare.  Cook to desired doneness."", ""Remove from skillet to a platter and keep warm."", ""Pour nearly all fat from skillet and add beef broth."", ""Boil over high heat, scraping the pan."", ""Cook until reduced to 2 Tbs."", ""Add wine, thyme, salt & pepper."", 
""Add mushrooms and heat through."", ""Serve mushroom sauce on top of steak."", ""Fried Sweet Potato Shoestrings Run 2-3 large sweet potatoes through a food processor with the blade set to julienne.  Rinse well to remove the extra starch."", ""Pat dry with paper towels."", ""Fry the sweet potatoes in very hot vegetable oil just a few seconds until golden."", ""Drain on brown paper."", ""Sprinkle lightly with salt."")"
000629,*629*,Country Brunch Skillet,1545,Nancy Van Ess,NA,PT40M,PT40M,1999-08-15T07:34:00Z,Make and share this Country Brunch Skillet recipe from Food.com.,character(0),Breakfast,"c(""Brunch"", ""< 60 Mins"", ""Oven"")","c(""6"", ""6"", ""3/4"", ""1/2"", ""1"", ""1/4"", ""6"", ""1/2"")","c(""bacon"", ""hash brown potatoes"", ""green bell pepper"", ""onion"", ""salt"", ""pepper"", ""eggs"", ""cheddar cheese"")",4,1,568.8,31.1,7.7,201.3,1118.3,57.5,5.6,3.6,14.6,6,NA,"c(""In a large skillet over med."", ""heat, cook bacon until crisp."", ""Remove bacon; crumble and set aside. Drain, leaving 2 tablespoons of drippings."", ""Add potatoes, green pepper, onion,  salt and pepper to drippings; cook and stir for 2 min."", ""Cover and cook, stirring  occasionally, until potatoes are browned and tender, about 15 min."", ""Make six  wells in the potato mixture; break one egg into each well."", ""Cover and cook on low heat for 8-10 min."", ""or until eggs are completely set. Sprinkle with cheese and  bacon.""
)"
000630,*630*,Country Style Zucchini Soup,1533,Dancer,PT5M,PT45M,PT50M,1999-08-07T08:02:00Z,Make and share this Country Style Zucchini Soup recipe from Food.com.,character(0),Vegetable,"c(""Low Protein"", ""Low Cholesterol"", ""Healthy"", ""Free Of..."", ""< 60 Mins"", ""Stove Top"")","c(""3"", ""1"", ""3"", ""1"", ""2"", ""2"", ""1"", ""6"", ""1"", ""1"", ""2"", ""6"")","c(""olive oil"", ""garlic clove"", ""potatoes"", ""onion"", ""celery"", ""fresh parsley"", ""oregano"", ""tomatoes"", ""zucchini"", ""salt"", ""parmesan cheese"")",4.5,4,194.2,8.1,1.6,1.5,1610.7,25,4.1,4,7,NA,6,"c(""Peel and cut potatoes into 1/2 inch cubes."", ""Cut celery into 1/2 inch pieces."", ""Core, blanch, peel and cut tomatoes into 1/2 inch chunks."", ""Cut marrow into 1/4 inch slices."", ""In a large saucepan, heat oil and brown garlic. Discard garlic. Add potatoes, stir to coat and cook for about 5 minutes."", ""Add onion, celery, parsley, and oregano, and cook until onions are softened."", ""Add stock, tomatoes, marrow, and salt and bring to a boil."", ""Reduce heat and simmer until zucchini is tender."", ""Pour soup into individual bowls and sprinkle freshly ground pepper and 1 teaspoon Parmesan cheese over each serving."", 
""Serve hot. Makes 6 servings."")"
000631,*631*,Curried Spinach Sauce,1625,Jerrilin,PT7M,PT20M,PT27M,1999-09-10T04:22:00Z,Make and share this Curried Spinach Sauce recipe from Food.com.,character(0),Vegetable,"c(""Low Protein"", ""Low Cholesterol"", ""< 30 Mins"")","c(""1"", ""1"", ""2"", ""1"", ""1"", ""1"", ""1/2"", ""1/4"", ""1"", ""10"", ""1/3"", ""1 -2"", ""1/2"", NA)","c(""olive oil"", ""onion"", ""garlic"", ""fresh ginger"", ""cumin seed"", ""cardamom"", ""white pepper"", ""black pepper"", ""tomatoes"", ""fresh spinach"", ""water"", ""cayenne"", ""salt"", ""fresh black pepper"")",5,1,345.4,17.7,2.4,0,1441.7,43.2,15.3,13.2,14.7,NA,1 batch,"c(""In a large skillet, heat the olive oil over medium heat.  Add the onion, garlic and ginger and saute, stirring occasionally, for 5 minutes or until the onion softens."", ""Add the cumin, coriander, cardamom and pepper and saute for 2 minutes more.  Add the tomato, spinach and water and cook for 3 minutes."", ""Add cayenne, salt and pepper."", ""Remove from heat and serve."")"
000632,*632*,100% Whole Wheat Blueberry Muffins,1530,Carole Reu,PT35M,PT35M,PT1H10M,1999-09-05T19:35:00Z,Make and share this 100% Whole Wheat Blueberry Muffins recipe from Food.com.,"c(""https://img.sndimg.com/food/image/upload/w_555,h_416,c_fit,fl_progressive,q_95/v1/img/recipes/63/2/picf5hqfX.jpg"", ""https://img.sndimg.com/food/image/upload/w_555,h_416,c_fit,fl_progressive,q_95/v1/img/recipes/63/2/pict0ZiSV.jpg"", ""https://img.sndimg.com/food/image/upload/w_555,h_416,c_fit,fl_progressive,q_95/v1/img/recipes/63/2/pictaa6kd.jpg"", ""https://img.sndimg.com/food/image/upload/w_555,h_416,c_fit,fl_progressive,q_95/v1/img/recipes/63/2/picYU1X8P.jpg"", ""https://img.sndimg.com/food/image/upload/w_555,h_416,c_fit,fl_progressive,q_95/v1/img/recipes/63/2/picfzBtsK.jpg""
)",Quick Breads,"c(""Breads"", ""Breakfast"", ""Lunch/Snacks"", ""Berries"", ""Fruit"", ""Low Cholesterol"", ""Weeknight"", ""Oven"", ""< 4 Hours"")","c(""2"", ""1"", ""1 1/4"", ""2"", ""1/3"", ""1/2"", ""1"")","c(""whole wheat flour"", ""baking soda"", ""buttermilk"", ""honey"", ""blueberries"")",4.5,85,184.5,6.8,1,1,141.9,29.1,2.5,14.2,4.2,NA,12 muffins,"c(""Preheat oven to 350."", ""Coat 12 muffin cups with cooking spray."", ""Sift together  the flour and baking soda."", ""In a separate bowl, whisk together the buttermilk,  egg whites, oil, and honey until creamy, then stir in the blueberries."", ""Pour the wet ingredients into the dry."", ""Fold together with a rubber spatula until the  batter is moist yet remains slightly lumpy."", ""Pour into muffin cups and bake 30  to 35 minutes."")"
000633,*633*,Deep Dish Vegetable Pizza,1533,Dancer,PT1H52M,PT1H20M,PT3H12M,1999-08-17T04:31:00Z,Make and share this Deep Dish Vegetable Pizza recipe from Food.com.,character(0),Vegetable,"c(""Kid Friendly"", ""Weeknight"", ""Oven"", ""< 4 Hours"")","c(""1"", ""8"", ""1"", ""8"", ""8"", ""1"", ""2"", ""3"", ""8"", ""1"", ""1"", ""3"", ""8"", NA, ""1"", ""1"")","c(""granulated sugar"", ""water"", ""active dry yeast"", ""flour"", ""whole wheat flour"", ""salt"", ""onions"", ""tomato sauce"", ""tomatoes"", ""garlic"", ""onions"", ""mushrooms"", ""broccoli"", ""mozzarella cheese"")",NA,NA,1910.7,72.7,33,179.5,3290.4,234.5,30.7,30.2,94,NA,2 pizzas,"c(""In large mixing bowl, dissolve sugar in warm water."", ""Sprinkle yeast over water  and let stand for 10 minutes or until foamy."", ""Meanwhile, combine flours and salt. Stir oil into foamy yeast mixture. Stir in about half the flour mixture. Add  more flour, mixing until dough can be gathered into a slightly sticky ball (you  may need a little more or less than 1 lb/450 g of flour). On lightly floured  surface, knead dough for about 5 minutes or until smooth and elastic, adding  more flour as necessary to prevent dough from sticking to work surface. Cut  dough in half, cover with greasproof paper and let rest for 10 minutes."", 
""On  lightly floured surface, use a rolling pin to roll each piece of dough into a 12 inch/30 cm circle, about 1/4 inch/5 mm thick."", ""Transfer rounds to 2 lightly oiled pizza pans or baking sheets."", ""Carefully, using fingers, stretch dough into large  circles."", ""Let dough rise for about 15 minutes before adding toppings."", ""For a  thicker crust, let dough rise for 30 minutes."", ""Add toppings (see below recipe)  just before baking."", ""Makes 12 inch/30 cm pizza rounds."", """", ""Prepare pizza dough."", 
""In small bowl, combine tomato sauce, garlic, oregano and  basil; stir to mix."", ""In heavy frying pan, heat oil over medium heat; add onions  and cook over medium to low heat, stirring until tender, 5 to 10 minutes."", ""Add  mushrooms and cook over medium heat, stirring or shaking pan until mushrooms are lightly browned and liquid has evaporated."", ""Sprinkle with salt and pepper to  taste and set aside. In large pot of boiling water, cook broccoli for 2 minutes  or until bright green; drain and cool under cold running water to prevent green; drain and cool under cold running water to prevent any further cooking."", 
""Drain  again and set aside. Spread tomato with mushroom and onion mixture. Sprinkle  with grated cheese. Bake in 425 degree/Gas Mark 7 oven for 30 to 40 minutes or  until crust is browned and top is bubbly."")"
000634,*634*,Deviled Cauliflower,1533,Dancer,PT54M,PT1H10M,PT2H4M,1999-08-13T12:47:00Z,Make and share this Deviled Cauliflower recipe from Food.com.,"""https://img.sndimg.com/food/image/upload/w_555,h_416,c_fit,fl_progressive,q_95/v1/img/recipes/63/4/picOdmPry.jpg""",Cauliflower,"c(""Vegetable"", ""Weeknight"", ""Oven"", ""< 4 Hours"")","c(""1"", ""2"", ""1 1/4"", ""3/4"", ""1/2"", ""1"", ""2 1/2"", ""1/2"", ""1/3"")","c(""cauliflower floret"", ""unsalted butter"", ""all-purpose flour"", ""skim milk"", ""bay leaf"", ""nutmeg"", ""Dijon mustard"", ""Worcestershire sauce"")",5,11,145,6.8,3.9,16.2,170.3,16.8,2.9,2.8,5.7,4,NA,"c(""Place cauliflower in a steamer basket over boiling water."", ""Cover pan and steam 5-7 minutes or until just tender."", ""Drain."", ""Rinse under cold water."", ""Drain well and transfer to a 9x13 inch baking dish."", ""Combine 1-1/4 Tbs."", ""melted butter with flour in a heavy saucepan over medium low heat. Whisk about 3 minutes, or until bubbly."", ""Gradually whisk in milk."", ""Add bay leaf and nutmeg and whisk often until mixture simmers."", ""Cover partially and simmer 3-4 minutes, stirring often, until thickened."", 
""Remove from heat. Stir in mustard, Worcestershire and salt and pepper to taste. Discard bay leaf."", ""Pour sauce over cauliflower and stir until well coated."", ""(Can be prepared 1 day ahead.  Cover and chill.)"", ""Preheat oven to 3500F."", ""Sprinkle breadcrumbs over cauliflower."", ""Drizzle with remaining butter."", ""Bake 35-40 minutes, until cauliflower is heated through, sauce bubbles at edges and breadcrumbs are golden."")"
000635,*635*,Dill Bread,1547,Morton Design Graph,PT2H20M,PT35M,PT2H55M,1999-08-24T04:22:00Z,Make and share this Dill Bread recipe from Food.com.,character(0),Yeast Breads,"c(""Breads"", ""Cheese"", ""Healthy"", ""Weeknight"", ""Oven"", ""< 4 Hours"")","c(""2 1/2"", ""1"", ""1"", ""1/4"", ""1/4"", ""1"", ""2"", ""1"", ""2"", ""1"", ""1/4"", ""1"")","c(""flour"", ""salt"", ""water"", ""baking soda"", ""sugar"", ""cottage cheese"", ""fresh dill"", ""egg"", ""onion"", ""butter"")",5,4,1613,30.9,13.1,252.2,3593.6,264.2,13.9,12.5,67.5,NA,1 large loaf,"c(""Preheat the oven to 350 degrees."", ""Proof the yeast in the lukewarm water with the sugar."", ""In a saucepan, warm the cottage cheese until lukewarm, and add to the yeast sponge. Then add the egg, lightly beaten, the grated onion, melted butter, salt, baking soda, dill seeds and fresh dill."", ""Stir until well blended, then add just enough flour to make a rather soft dough."", ""Put the dough into a large buttered bowl,  cover with a towel and place in a warm spot to rise for about 1  hour or until doubled in bulk."", 
""Remove the dough to a lightly floured work surface and knead for a couple of minutes."", ""Then place in a large buttered (9\"" by 5') loaf pan."", ""Cover and let rise for about 30 minutes."", ""Then bake in the oven for about 50 minutes or until the bread has turned light brown and sounds hollow when tapped."", ""Cool wrapped in a towel."")"
000636,*636*,Dill Buttermilk Bread,1554,Jacques Lorrain,PT50M,PT40M,PT1H30M,1999-08-17T04:13:00Z,Make and share this Dill Buttermilk Bread recipe from Food.com.,character(0),Quick Breads,"c(""Breads"", ""Low Cholesterol"", ""Healthy"", ""High In..."", ""Weeknight"", ""Oven"", ""< 4 Hours"", ""Easy"")","c(""3"", ""1"", ""1"", ""3"", ""1/4"", ""2"", ""1 1/2"", ""1/2"", ""1/2"", ""1 1/2"")","c(""all-purpose flour"", ""baking powder"", ""baking powder"", ""sugar"", ""fresh dill"", ""dried dill"", ""baking soda"", ""salt"", ""pepper"", ""buttermilk"")",5,11,1676.6,7.1,2.6,14.7,4902.4,348,10.8,56.4,51.5,NA,1 Loaf,"c(""Preheat oven to 350 F."", ""Combine flour, baking powder, sugar, dill, baking soda, salt and pepper in a bowl."", ""Add buttermilk a little at a time until a soft dough  forms."", ""Turn into a greased 9 inch by 5 inch (2 litre) loaf pan."", ""Bake for 50  minutes or until loaf is golden brown."", ""Serve warm; reheat when needed."", ""The Globe and Mail -----"")"
000637,*637*,Double Cabbage Salad,1533,Dancer,NA,PT35M,PT35M,1999-08-12T07:24:00Z,Make and share this Double Cabbage Salad recipe from Food.com.,character(0),Vegetable,"c(""Free Of..."", ""< 60 Mins"")","c(""1 1/2"", ""1 1/2"", ""1/2"", ""1/2"", ""1/2"", ""1"", ""1"", NA)","c(""raw red cabbage"", ""raw green cabbage"", ""raw spinach leaves"", ""raw carrot"", ""poppy seeds"", ""celery seed"", ""prepared mustard"", ""pepper"")",5,1,24.1,0.8,0.1,0,46,4,1.5,1.8,1,NA,NA,"c(""Trim all leaves well from vegetables and remove coarse veins and stems before shredding."", ""Toss all vegetables in a very large salad bowl."", ""Mix dressing with seeds, mustard, and pepper very well and pour over vegetables."", ""Serve as a side dish."")"
000638,*638*,Baba Ganouj ( Baba Ghanoush ),1550,Linda Sundbye,PT45M,PT35M,PT1H20M,1999-08-11T19:40:00Z,Make and share this Baba Ganouj ( Baba Ghanoush ) recipe from Food.com.,character(0),Vegetable,"c(""Southwest Asia (middle East)"", ""Asian"", ""Lactose Free"", ""Low Protein"", ""Vegan"", ""Low Cholesterol"", ""Egg Free"", ""Healthy"", ""Free Of..."", ""Weeknight"", ""Oven"", ""< 4 Hours"")","c(""2 -3"", ""1/3"", ""1/3"", ""3 -4"", ""1/2"", ""1/3"", ""1/8"", ""1/4"", ""2"")","c(""eggplants"", ""lemon juice"", ""tahini"", ""garlic cloves"", ""salt"", ""parsley"", ""black pepper"", ""scallion"", ""olive oil"")",5,9,1006.9,67.7,9.5,0,1262,96.7,46.6,28.6,27.3,NA,1 batch,"c(""Preheat oven to 400°F."", ""Pierce the eggplants several times with fork."", ""Place on  lightly oiled baking sheet and bake 40--45 minutes until completely soft. Cool."", ""Scoop out the insides and puree in food processor."", ""Add all remaining ingredients except olive oil and scallions."", ""Cool."", ""Top with olive oil and scallions before  serving."", ""Serve with pita bread, Greek olives and tomatoes."")"
000639,*639*,Dutch Moorkoppen,1628,Lard en Tineke,PT1H15M,PT1H25M,PT2H40M,1999-09-10T04:55:00Z,Moorkoppen are typical Dutch. They are very good with coffee.  makes about 8 Pastry (= choux pastry),character(0),Dessert,"c(""Dutch"", ""European"", ""Weeknight"", ""Oven"", ""< 4 Hours"")","c(""150"", ""1"", ""75"", ""90"", ""3"", ""500"", ""60"", ""15"", ""100"", ""10"", ""1 1/2"", ""8"")","c(""water"", ""salt"", ""butter"", ""flour"", ""eggs"", ""heavy cream"", ""sugar"", ""icing sugar"", ""water"")",4,2,432.2,33,20.1,177.1,138,30.5,0.3,19.9,4.9,8,NA,"c(""Filling: 500 ml double cream (or heavy cream), whipped with 60 gr sugar and 15 g vanilla sugar Icing: 100 gr icing sugar 10 gr cacao (or cocoa) 1.5 tablespoon warm water About 8 pieces of fruit (e.g."", ""pineapple chunks, strawberries) Sift the flour and the salt. Bring the water to the boil, together with the  butter."", ""(it really has to boil!). Add the flour and salt and mix."", ""Remove from  heat. Beat well with a wooden spoon until there are no lumps left. Now add one  of the eggs, stir with a wooden spoon, then beat very thoroughly until it has  been absorbed."", 
""Add the second egg, stir, beat again very thoroughly until it has been absorbed."", ""Beat the remaining egg in a little bowl, and add this spoon by  spoon until the pastry mixture has a velvety consistency that keeps its shape  when pulled into points with the spoon."", ""Then beat the pastry mixture till it is  fluffy and shining."", ""Make with 2 spoons dipped in water, about 8 ball shaped  heaps on a well-greased baking tin."", ""Bake in the middle of a preheated oven  (200-225 degree.C) in 30-40 minutes golden and puffy."", 
""Do not open the oven door  the first 20 minutes! Leave them for about 5 minutes in the oven with the door  opened, and then remove the choux puffs from the tin."", ""Put them on a wire rack to cool down."", ""Make the icing just before filling the choux puffs."", ""Make a cut in  the puffs sides and pipe in the cream."", ""Keep some of the cream to decorate the  top."", ""Mix the icing sugar and the cacao, and add drip by drip the water."", ""Stir  with a metal spoon, until thick and slightly fluid."", ""Stir this till it shines and stick to the back of the spoon."", 
""Dip the tops of the filled choux puffs with a  twisting move in the icing, so that the top is covered."", ""Put the moorkoppen on a  wire rack with a plate under it. Leave them for about. 30 minutes until the  icing is hard."", ""Pipe a puff of the remaining cream on it, and decorate this with  a piece of fruit."")"
000640,*640*,Easy Apple Dumplings,1629,Joy Boss,PT40M,PT20M,PT1H,1999-09-12T05:49:00Z,Make and share this Easy Apple Dumplings recipe from Food.com.,character(0),Dessert,"c(""Apple"", ""Fruit"", ""Low Protein"", ""< 60 Mins"", ""Oven"", ""Easy"")","c(""1"", ""5"", ""1"", ""1"", ""1/2"", ""1"", NA)","c(""apples"", ""sugar"", ""water"", ""butter"", ""margarine"", ""vanilla"", ""cinnamon"")",5,11,317.1,14,7.1,24.7,423.4,47.4,2.4,32,2.6,NA,10 dumplings deborah,"c(""Flatten biscuits with hand."", ""Wrap each biscuit around an apple half; place seam side down into a greased 13x9x2-inch baking dish."", ""Combine sugar, water, butter, and vanilla; pour into pan."", ""Sprinkle cinnamon over dumplings."", ""Bake uncovered at 350 degrees for 30-40 minutes or until golden brown and apples are tender."")"
000641,*641*,Easy Lasagna,1543,Doreen Randal,PT41M,PT45M,PT1H26M,1999-09-08T14:03:00Z,"I haven't tried this, (I don't like lasagne) but my friends that I have given it to reckon it's pretty good.",character(0),Meat,"c(""European"", ""Weeknight"", ""Oven"", ""< 4 Hours"", ""Easy"")","c(""1"", ""1"", ""1"", ""1/2"", ""1/2"", ""1"", ""4"", ""1"", ""1"", ""450"", ""1/2"", ""150"", ""1 1/2"", ""1/2"", NA)","c(""tomatoes"", ""dried oregano"", ""dried basil"", ""tomato paste"", ""soy sauce"", ""garlic clove"", ""beef mince"", ""water"", ""cheese"", ""parsley"")",3,1,2163.4,135.6,61.4,428,6729.6,106.3,12.8,23.7,129,NA,1 casseole,"c(""Pour tomatoes and juice into a large bowl and cut the tomatoes into pieces."", ""Add soup mix, stocks, herbs, tomato paste, soy sauce, garlic, mince and water."", ""Mix thoroughly."", ""Grease a round casserole dish (21cm) and spoon a third of the meat mixture into it.  Arrange half the noodles on top and cover with another third of the mixture.  Spread the remaining noodles evenly and top with the remaining meat mixture.  Cover and cook on HIGH for 12 minutes."", ""Stand covered 15 minutes."", ""Uncover and cook on HIGH for 3 minutes."", 
""Spread the cheese over the top and continue cooking for 1 1/2 minutes."", ""Sprinkle with dried breadcrumbs and parsley."", ""Stand uncovered for 5 - 10 minutes before serving."")"
000642,*642*,Easy Mushroom Stroganoff,2178,troyh,PT15M,PT25M,PT40M,1999-08-16T06:07:00Z,Make and share this Easy Mushroom Stroganoff recipe from Food.com.,character(0),Vegetable,"c(""< 60 Mins"", ""Oven"", ""Easy"")","c(""1"", ""4"", ""1"", ""1"", ""1"", ""1/2"", ""1"", ""8"")","c(""butter"", ""garlic cloves"", ""yellow onion"", ""white mushroom"", ""all-purpose flour"", ""dry white wine"", ""sour cream"", ""linguine"")",4.5,14,846.7,31.1,17.4,75.1,167.9,109.2,7.4,15.4,26,2,NA,"c(""Melt butter in a heavy large saucepan over medium-high heat.  Add garlic and saute 30 seconds."", ""Add onion and saute another 2 minutes or so."", ""Then add mushrooms and saute until tender, about 10 minutes."", ""Don't worry if the mixture seems too dry."", ""Reduce heat to medium, then add flour and stir another minute.  Add white wine and cook until mixture thickens, stirring frequently--about another 2-3 minutes."", ""Mix in sour cream, and season to taste with salt and pepper."", ""Add cooked linguine and toss to blend linguine with sauce."", 
""**Adapted from a recipe in _Bon Appetit_."")"
000643,*643*,Chicken and Yellow &amp; Zucchini Squash Casserole With Rosemary,1533,Dancer,PT37M,PT35M,PT1H12M,1999-08-14T19:41:00Z,"This light and quick chicken fricassee creates a savory and wholesome dish. The ingredients can be prepared up to 2 hours in advance, then cooked with the chicken 20 to 25 minutes before serving.",character(0),Whole Chicken,"c(""Chicken"", ""Poultry"", ""Meat"", ""Free Of..."", ""Weeknight"", ""Oven"", ""< 4 Hours"")","c(""4"", NA, NA, NA, ""5"", ""16"", ""1/2"", ""1/2"", ""1"", ""1"", ""1/2"", ""1"", ""2"", ""1/4"")","c(""baby chickens"", ""salt"", ""cayenne pepper"", ""sugar"", ""olive oil"", ""garlic cloves"", ""zucchini"", ""bay leaf"", ""fresh rosemary"", ""lime, zest of"", ""lime, juice of"", ""plum tomatoes"", ""water"")",5,1,839.4,74.5,19,156.9,162.9,11.9,2.3,5.3,31,4,NA,"c(""Preheat the oven to 450 degrees."", ""Season the chicken with salt, cayenne pepper, and a pinch of sugar."", ""Heat 2 tablespoons of the olive oil in a large roasting pan over high heat."", ""Add the chickens, skin side down, and saute until golden, about 4 to 6 minutes."", ""Turn them over and add the garlic, squash and zucchini slices, bay leaf, rosemary, lime zest, and salt."", ""Drizzle 1 tablespoon of the olive oil over the casserole and carefully toss."", ""Place the pan in the oven and roast for 15 to 20 minutes, tossing 2 or 3 times."", 
""Place the tomato slices in a bowl."", ""Season with salt, a pinch of cayenne pepper and sugar."", ""Toss them in 1 tablespoon of the olive oil and the lime juice and spread them over the chicken-squash casserole."", ""Cook for 5 to 7 minutes more."", ""Discard the bay leaf and rosemary sprigs, transfer the chicken and garnish to a large serving platter, and keep warm."", ""Add the stock or water to the pan drippings and simmer for 3 to 4 minutes over medium heat."", ""Add the remaining tablespoon of olive oil, mix well, and strain the sauce."", 
""Place the chickens on a platter."", ""Arrange the vegetables over them."", ""Spoon the sauce evenly over the warm dish."")"
000644,*644*,Elderflower Champagne,1556,Strawberry Girl,PT48H,PT40M,PT48H40M,1999-08-21T10:38:00Z,Make and share this Elderflower Champagne recipe from Food.com.,character(0),Beverages,"c(""Free Of..."", ""Summer"", ""Weeknight"")","c(""4"", ""6"", ""2"", ""1 1/2"", ""2"", ""2"")","c(""elderflower heads"", ""water"", ""boiling water"", ""granulated sugar"", ""lemons"", ""white wine vinegar"")",5,2,2681.8,0.5,0.1,0,123.9,695.9,4.7,683.2,1.9,NA,1 batch,"c(""Do not wash the flower, but remove any insects and the thick stalks."", ""Place the  sugar in a very large bowl and cover with 2 pints of boiling water."", ""Stir until  the sugar has dissolved."", ""Then add 6 pints cold water, the rind and juice of the  lemons, the vinegar and flowers."", ""Stir well."", ""Cover and leave, covered, for 48  hours, stirring occasionally."", ""Strain through a fine sieve into clean bottles  with screw tops."", ""Leave an inch gap at the top of each bottle and screw down  well."", 
""Leave in a cool place to mature. Nice served with ice. Ready to drink in 6 weeks but it tastes better the longer it is left."")"
000645,*645*,Crafty Crescent Lasagna,55166,peppermintkitty,PT30M,PT55M,PT1H25M,1999-08-23T21:10:00Z,Make and share this Crafty Crescent Lasagna recipe from Food.com.,"""https://img.sndimg.com/food/image/upload/w_555,h_416,c_fit,fl_progressive,q_95/v1/img/recipes/64/5/picd3J6hL.jpg""",European,"c(""Weeknight"", ""Oven"", ""< 4 Hours"")","c(""1/2"", ""1/2"", ""3/4"", ""1"", ""1/2"", ""1"", ""1/2"", ""1/2"", ""1/2"", ""1"", ""1"", ""1"", ""1/4"", ""2"", ""1"", ""1"", ""1"")","c(""sausage"", ""beef"", ""onion"", ""tomato paste"", ""garlic"", ""parsley flakes"", ""basil"", ""oregano"", ""salt"", ""pepper"", ""cream-style cottage cheese"", ""egg"", ""parmesan cheese"", ""mozzarella cheese"", ""milk"", ""sesame seeds"")",4,4,771.6,51.2,20.3,153,1445.1,50.1,4.6,8.8,27.4,NA,06-Aug,"c(""Brown sausage and ground beef in skillet, stirring until crumbIy; drain."", ""Add onion, tomato paste, garlic, parsley flakes, basil, oregano, salt and pepper."", ""Simmer  for 5 minutes."", ""Mix cottage cheese, egg, and Parmesan cheese in a bowl ."", ""Unroll  dough; place on cookie sheet, overlapping edges."", ""Seal perforations and edges."", ""Spread half the meat mixture in center."", ""Layer cheese mixture and remaining meat mixture over top."", ""Top with shredded Mozzarella cheese."", ""Fold in edges to enclose filling."", 
""Brush with milk; sprinkle with sesame seeds."", ""Bake at 375 degrees fahrenheit for 20 to 25  minutes or until deep  golden brown."", ""Yields  6-8 servings."", ""Kelli McEldonny, Grove, OK District Vl , Division I."")"
000646,*646*,Cranberry Bread,1559,Will Parkinson,PT50M,PT25M,PT1H15M,1999-09-15T03:41:00Z,Make and share this Cranberry Bread recipe from Food.com.,"""https://img.sndimg.com/food/image/upload/w_555,h_416,c_fit,fl_progressive,q_95/v1/img/recipes/64/6/pics2W6R1.jpg""",Quick Breads,"c(""Breads"", ""Fruit"", ""Healthy"", ""Weeknight"", ""Oven"", ""< 4 Hours"")","c(""2"", ""1"", ""1/2"", ""1"", ""2"", ""1"", ""2/3"", ""1"", ""3"", ""1/2"", ""1 1/2"")","c(""flour"", ""baking powder"", ""baking soda"", ""salt"", ""sugar"", ""egg"", ""raw cranberries"")",5,4,266.9,8.4,1.2,21.1,385.6,44.5,2,22.4,4.6,NA,1 loaf,"c(""Sift together dry ingredients."", ""Combine orange juice, rind, egg and salad oil."", ""Add all at once to dry mixture. Stir just enough to moisten."", ""Add nuts and cranberries."", ""Bake in greased pan, 9 x 5 inches for 50 minutes in 350 degree oven."")"
000647,*647*,Awesome Apple Bread,1535,Marg CaymanDesigns,PT2H50M,PT20M,PT3H10M,1999-09-13T14:32:00Z,"This bread is so moist and flavorful that my kids even eat the ends, which for most quick breads I usually have to throw away. At Christmas, I make the mini loaves and give as gifts to my neighbors. The oil can be replaced with 1 cup of unsweetened applesauce. Still flavorful but not quite as moist. If possible, don't skip the walnuts, they really add to it.","c(""https://img.sndimg.com/food/image/upload/w_555,h_416,c_fit,fl_progressive,q_95/v1/img/recipes/64/7/ZsjcWILS468aWD0Ku4uq_DSC_5969.jpg"", ""https://img.sndimg.com/food/image/upload/w_555,h_416,c_fit,fl_progressive,q_95/v1/img/recipes/64/7/Cdmzus4WSkqWAllAqdyJ_DSC_5977.jpg"", ""https://img.sndimg.com/food/image/upload/w_555,h_416,c_fit,fl_progressive,q_95/v1/img/recipes/64/7/LJ9okPZDQZCswBw9wMfF_DSC_5958.jpg"", ""https://img.sndimg.com/food/image/upload/w_555,h_416,c_fit,fl_progressive,q_95/v1/img/recipes/64/7/pZSArWIRZ2AfjW06iuLF_image.jpg"", 
""https://img.sndimg.com/food/image/upload/w_555,h_416,c_fit,fl_progressive,q_95/v1/img/recipes/64/7/pictYt4JM.jpg"", ""https://img.sndimg.com/food/image/upload/w_555,h_416,c_fit,fl_progressive,q_95/v1/img/recipes/64/7/picSi2VJE.jpg"", ""https://img.sndimg.com/food/image/upload/w_555,h_416,c_fit,fl_progressive,q_95/v1/img/recipes/64/7/picphFatg.jpg"", ""https://img.sndimg.com/food/image/upload/w_555,h_416,c_fit,fl_progressive,q_95/v1/img/recipes/64/7/picy93TW5.jpg"", ""https://img.sndimg.com/food/image/upload/w_555,h_416,c_fit,fl_progressive,q_95/v1/img/recipes/64/7/Cdmzus4WSkqWAllAqdyJ_DSC_5977.jpg"", 
""https://img.sndimg.com/food/image/upload/w_555,h_416,c_fit,fl_progressive,q_95/v1/img/recipes/64/7/LJ9okPZDQZCswBw9wMfF_DSC_5958.jpg"", ""https://img.sndimg.com/food/image/upload/w_555,h_416,c_fit,fl_progressive,q_95/v1/img/recipes/64/7/ZsjcWILS468aWD0Ku4uq_DSC_5969.jpg"", ""https://img.sndimg.com/food/image/upload/w_555,h_416,c_fit,fl_progressive,q_95/v1/img/recipes/64/7/picqeCAVE.jpg"", ""https://img.sndimg.com/food/image/upload/w_555,h_416,c_fit,fl_progressive,q_95/v1/img/recipes/64/7/picGF6Yrm.jpg""
)",Quick Breads,"c(""Breads"", ""Apple"", ""Fruit"", ""Oven"", ""< 4 Hours"")","c(""1"", ""3"", ""2"", ""1"", ""3"", ""3"", ""1"", ""1"", ""1"", ""1"")","c(""eggs"", ""sugar"", ""vanilla"", ""apples"", ""flour"", ""cinnamon"", ""baking soda"", ""salt"", ""walnuts"")",5,50,2634.1,118.3,16.8,279,1906.5,370.8,10.3,220.2,29.3,NA,2-3 loaves,"c(""Combine and set aside the oil, eggs, sugar, and vanilla."", ""Sift flour, cinnamon, soda, and salt. Add dry ingredients to oil mixture gradually."", ""Add apples and nuts."", ""Bake in 2 regular loaf pans or 3 foil loaf pans for 1 1/2 hours at 300 degrees."", ""Cool 10 minutes in the pan."", ""Sprinkle with sugar, if desired."", ""Note: I bake it at 325 degrees for about 70 minutes."")"
000648,*648*,Cucumber Salad with Spicy Wasabi Dressing,1533,Dancer,PT5M,PT25M,PT30M,1999-08-14T06:12:00Z,Make and share this Cucumber Salad with Spicy Wasabi Dressing recipe from Food.com.,"c(""https://img.sndimg.com/food/image/upload/w_555,h_416,c_fit,fl_progressive,q_95/v1/img/recipes/64/8/picYwuBMd.jpg"", ""https://img.sndimg.com/food/image/upload/w_555,h_416,c_fit,fl_progressive,q_95/v1/img/recipes/64/8/pic6vuyKo.jpg"")",Free Of...,"c(""Spicy"", ""< 30 Mins"")","c(""1 1/2"", ""2"", ""2"", ""2"", ""1"", NA, ""1"", ""1"")","c(""dry wasabi"", ""cucumbers"", ""distilled white vinegar"", ""sugar"", ""green onions"", ""scallions"", ""black sesame seeds"", ""sesame seeds"")",5,19,55.8,2.4,0.4,0,4,8.6,1.2,4.7,1.5,4,NA,"c(""Mix the wasabi with 1/2 teaspoon warm water in the bottom of a mixing bowl and let it stand for 5 minutes."", ""Peel the cucumbers, cut each one in half lengthwise, and use a melon baller or spoon to scoop out the seeds."", ""Cut the cucumbers widthwise into 1/4-inch crescents."", ""Add the vinegar and sugar to the wasabi and whisk until smooth."", ""Whisk in the sesame oil, salt, and pepper."", ""Just before serving, add the cucumbers, green onion, and sesame seeds to the dressing and mix well."")"
000649,*649*,Cucumbers with Lime-Chile Dressing,1530,Carole Reu,NA,PT20M,PT20M,1999-09-12T05:41:00Z,Make and share this Cucumbers with Lime-Chile Dressing recipe from Food.com.,character(0),Low Protein,"c(""Low Cholesterol"", ""Healthy"", ""< 30 Mins"")","c(""1"", ""2"", ""2"", ""1"", ""1"", ""2"", ""1/2"", ""1/4"", ""1/4"")","c(""kirby cucumber"", ""green onions"", ""tomato sauce"", ""lime juice"", ""lime juice"", ""low sodium soy sauce"", ""sugar"", ""ginger"")",4,1,27,0.2,0.1,0,139,6.5,0.9,3,1.1,4,NA,"c(""Small Kirby cucumbers, normally used for pickling, are called for here because  they are crunchier and less watery."", ""You can use other cucumbers and peel them  if desired."", ""In a medium size bowl, combine the cucumbers and green onions."", ""In a small bowl, whisk together the chili sauce, lime juice, soy sauce, sugar, ginger and hot pepper sauce.  Pour the dressing over the cucumbers and toss to coat."")"
000650,*650*,Curried Beef Loaf,1555,Cindy Hartlin,PT1H30M,PT40M,PT2H10M,1999-09-13T14:16:00Z,Make and share this Curried Beef Loaf recipe from Food.com.,character(0),Meat,"c(""Weeknight"", ""Oven"", ""< 4 Hours"")","c(""3"", ""1"", ""1 1/2"", ""1/2"", ""1"", ""1"", ""1"", ""1"", ""2"", ""2"", NA)","c(""milk"", ""beef"", ""pork"", ""onion"", ""garlic"", ""curry powder"", ""salt"", ""fresh parsley"", ""eggs"", ""pepper"")",4,1,937.3,87.7,36.2,211.8,549.6,10.4,1.7,1.7,25.4,NA,NA,"c(""Remove crusts from bread; tear in pieces and let soak in milk."", ""Toss"", ""together in a large bowl and remaining ingredients."", ""Press lightly into a 9\""x5\""x3\"" loaf pan."", ""Cover with foil and bake in preheated 350 F oven about 1 1/2 hours."", ""Drain off pan juices."", ""Slice to serve. If to be served cold, leave loaf overnight in refrigerator."")"
000651,*651*,Curried Chicken Muffins,1624,Alma796,PT30M,PT1H,PT1H30M,1999-08-10T18:55:00Z,I love savoury muffins.  Here's an unusual one I got off a lifestyle programme  called Burke's Backyard in Australia.  Curried Chicken Muffins - makes 12 - tastes good in lunch boxes,"c(""https://img.sndimg.com/food/image/upload/w_555,h_416,c_fit,fl_progressive,q_95/v1/img/recipes/65/1/picpqEMfO.jpg"", ""https://img.sndimg.com/food/image/upload/w_555,h_416,c_fit,fl_progressive,q_95/v1/img/recipes/65/1/picJOZSHX.jpg"")",Quick Breads,"c(""Breads"", ""Chicken Thigh & Leg"", ""Chicken"", ""Poultry"", ""Meat"", ""Australian"", ""Weeknight"", ""Oven"", ""< 4 Hours"")","c(""2"", ""3"", ""3"", ""2"", ""1"", ""2 1/4"", ""1/2"", ""2"", ""2"", ""2"")","c(""onions"", ""chicken thigh fillets"", ""curry paste"", ""self raising flour"", ""eggs"", ""lemon juice"", ""fresh coriander leaves"")",4.5,2,244.3,13.8,2.4,52.2,48.7,22.1,1,2.3,7.9,NA,12 muffins,"c(""Preheat oven to 190 C (380F).  Grease a 12 hole muffin tin with butter and oil."", ""Make sure to grease the top of the tin well so any mix won't stick as they rise. Heat oil in a pan and cook the onion rings over a medium heat, stirring often."", ""Cook but DON'T brown them, adding a splash of water helps (you want them to stay white looking for effect - so they say), takes 5-10 minutes."", ""Put the onions  aside.  3/4 will be used for presentation, chop the other 1/4."", ""Heat the pan  again and add a little bit of oil and the chicken."", 
""Stir until it begins to turn white and then add the curry paste.  Cook slightly, adding a splash of water to  speed up the process."", ""Cook for a further minute then remove from the heat and  stir in the yoghurt.  Let it cool slightly."", ""Sift flour into a large bowl from a good height to aerate it well."", ""Add the chopped onions, lemon juice, eggs,  vegetable oil, cooled curried chicken and chopped coriander and mix well."", ""Spoon the mixture into the greased muffin tin and push the onion rigs on top by gently pressing in."", 
""Bake in preheated oven for 15-20 minutes until risen and golden."", ""Allow to cool completely."", ""Good picnic food."", ""Enjoy!"")"
000652,*652*,Curried Crab in Endive Spears,1554,Jacques Lorrain,PT8H,PT30M,PT8H30M,1999-09-05T20:08:00Z,Make and share this Curried Crab in Endive Spears recipe from Food.com.,"c(""https://img.sndimg.com/food/image/upload/w_555,h_416,c_fit,fl_progressive,q_95/v1/img/recipes/65/2/picj4JgL4.jpg"", ""https://img.sndimg.com/food/image/upload/w_555,h_416,c_fit,fl_progressive,q_95/v1/img/recipes/65/2/picxpbpmK.jpg"")",Crab,"c(""Weeknight"", ""Easy"")","c(""1/4"", ""2"", ""2"", ""1"", ""1"", ""4"", ""2"")","c(""mayonnaise"", ""celery"", ""onions"", ""curry powder"", ""Belgian endive"", ""fresh cilantro"")",5,3,24.8,1,0.2,0.6,36.8,3.6,2.7,0.4,1.1,NA,24 pieces,"c(""Combine first 4 ingredients in small bowl."", ""Mix in crab meat. Season"", ""to taste with pepper."", ""(Can be prepared 8 hours ahead."", ""Cover and refrigerate.) Place 1 heaping tsp crab mixture on base of each endive spear."", ""Sprinkle with cilantro."", ""Arrange on platter in spoke pattern and serve."")"
000653,*653*,B.c. Cherry and Raspberry Preserves,1533,Dancer,PT2H45M,PT50M,PT3H35M,1999-08-09T04:09:00Z,Make and share this B.c. Cherry and Raspberry Preserves recipe from Food.com.,character(0),Raspberries,"c(""Cherries"", ""Berries"", ""Fruit"", ""Canadian"", ""Lactose Free"", ""Low Protein"", ""Vegan"", ""Low Cholesterol"", ""Egg Free"", ""Healthy"", ""Kosher"", ""Free Of..."", ""Weeknight"", ""Canning"", ""< 4 Hours"", ""Easy"")","c(""2"", ""8"", ""3 1/2"", ""2"")","c(""bing cherries"", ""raspberries"", ""granulated sugar"", ""fresh lemon juice"")",5,1,950,2,0.1,0,2.5,241.3,20.8,215,5.4,NA,4 (8 oz) jars,"c(""Stem and pit the cherries; you should have 4 cups."", ""In a large bowl, stir together the cherries, raspberries and sugar."", ""Let stand at room temperature, stirring occasionally, for 2 hours."", ""Pour the fruit into a wide, shallow, nonreactive saucepan and stir in the lemon juice. Cook over moderate heat, stirring occasionally, for 30 to 40 minutes until the mixture looks thickened and glazed."", ""Remove a table-spoon of the preserves to a small saucer and chill in the freezer for 5 minutes."", 
""Run your finger through the mixture; if it wrinkles, it is ready to jar."", ""If it is not ready, continue cooking for 5 more minutes and repeat the test. Sterilize four 8-ounce canning jars by washing and rinsing them in the dishwasher without detergent; keep them warm in a 250 degrees F oven."", ""Pour boiling water over the jar lids to soften the rubber seals."", ""Ladle the hot preserves to within 1/2 inch of the rims of the jars."", ""Wipe the rims and seal with the hot lids and metal bands."", ""Let cool to room temperature, then refrigerate for several weeks."", 
""Or, to store longer, process in a water bath."")"
000655,*655*,Dijon Pesto Steak,174711,Queen Dragon Mom,PT2H20M,PT45M,PT3H5M,1999-08-21T10:49:00Z,Make and share this Dijon Pesto Steak recipe from Food.com.,character(0),Meat,"c(""Very Low Carbs"", ""High Protein"", ""Free Of..."", ""High In..."", ""Weeknight"", ""< 4 Hours"")","c(""1/2"", ""1/2"", ""1/3"", ""1"", ""1 1/2"")","c(""fresh basil"", ""parsley"", ""walnuts"", ""Grey Poupon Dijon Mustard"", ""garlic"", ""top round steaks"")",NA,NA,367,24.3,7.6,102,227.2,2.7,1.2,0.7,33.7,6,NA,"c(""Heat oven to 350 Degree F."", ""In small bowl, combine basil or parsley, walnuts, mustard and garlic. Broil steak 5 inches from heat source, for 10 minutes, turning once. Spread top of steak with basil or parsley mixture; broil 2 to 3 minutes more or until lightly browned and beef is cooked to desired doneness."", ""Arrange roast and all vegetables in ungreased 13x9 inch (3 quart) baking dish."", ""Slice and serve. Prep Time: 10 minutes Cook Time: 12 to 14 minutes Cindy-Recipe Researcher http://forums.msn.com/cooking"", 
""Sprinkle with all remaining ingredients except water."", ""Pour water over top."", ""Cover with foil."", ""Bake at 350 Degree F."", ""oven for 2 to 2-1/2 hours or until beef and vegetables are tender."", ""Serve with pan juices."")"
000656,*656*,Dill Pickle Soup,1533,Dancer,NA,PT1H5M,PT1H5M,1999-08-12T06:38:00Z,Make and share this Dill Pickle Soup recipe from Food.com.,"""https://img.sndimg.com/food/image/upload/w_555,h_416,c_fit,fl_progressive,q_95/v1/img/recipes/65/6/pickiIgoc.jpg""",Vegetable,"c(""Weeknight"", ""< 4 Hours"")","c(""1"", ""1"", ""2"", ""6"", ""1/2"", ""2"", ""2"", ""2"", ""2"", ""1"", NA, ""1"")","c(""sour dill pickle"", ""onion"", ""garlic"", ""carrot"", ""butter"", ""flour"", ""fresh dill"", ""dried dill"", ""heavy cream"", ""lemon juice"", ""sour cream"")",5,1,1675.1,157.9,96.2,506.7,6014.1,58.6,10.5,23.1,15.8,NA,1 batch,"c(""Drain the pickles, reserving the juice, and slice them thinly."", ""Melt 2 T of the butter in a frying pan and add the pickle slices, sauteeing them over medium heat for 3 min."", ""Push the pickles t one side, add the remaining T of butter and the onions and garlic. Cook until soft and slightly browned."", ""Incorporate the pickles and cook together for 1 min."", ""Ad 1 cup stock and bring to a boil, scraping up any browned particles."", ""Transfer this mixture to a medium soup pot, add the rest of the stock, the reserved pickle juice, and the carrots."", 
""Simmer uncovered for 15 min."", ""Add the shredded port and cook 15 min more. Knead together the softened butter, flour, and dill into a ball and add it to the simmering soup, stirring to blend."", ""Cook 2 min until the soup thickens."", ""Remove from the heat and stir in the heavy cream."", ""Taste and adjust seasoning, remembering that salt tends to accentuate the sour taste. If soup is not tart enough, add lemon juice to taste. Serve hot, with dollops of sour cream."", ""Stock: this can be a well-flavored chicken or veal, or a brown stock."", 
""The author notes that using all beef stock makes the soup a bit too strong, and usually substitute half of the brown stock for chicken or veal."")"
000657,*657*,Dinner Rolls,1543,Doreen Randal,PT2H35M,PT2H10M,PT4H45M,1999-09-12T06:18:00Z,Make and share this Dinner Rolls recipe from Food.com.,"c(""https://img.sndimg.com/food/image/upload/w_555,h_416,c_fit,fl_progressive,q_95/v1/img/recipes/65/7/pic5LxEWU.jpg"", ""https://img.sndimg.com/food/image/upload/w_555,h_416,c_fit,fl_progressive,q_95/v1/img/recipes/65/7/picTTyle5.jpg"", ""https://img.sndimg.com/food/image/upload/w_555,h_416,c_fit,fl_progressive,q_95/v1/img/recipes/65/7/picUhRacv.jpg"")",Yeast Breads,"c(""Breads"", ""Healthy"", ""Weeknight"", ""Oven"")","c(""8"", ""2"", ""2"", ""2 1/2"", ""2"", ""2"", ""18"")","c(""milk"", ""unsalted butter"", ""sugar"", ""dried yeast"", ""fresh yeast"", ""eggs"", ""salt"", ""white flour"")",5,3,175.2,4.4,2.4,36.2,308.3,28.3,1,1.7,5,NA,16 2ounce rolls,"c(""For the glaze:- 1 egg yolk 1 Tbsp water Put the milk into a saucepan and bring just to the boil."", ""Pour 4 Tbsp of the milk into a small bowl and let cool to lukewarm."", ""Meanwhile cut the butter into  pieces."", ""Add the butter and sugar to the remaining milk in the pan, stirring  occasionally, until butter is melted."", ""Let cool to lukewarm."", ""Sprinkle the yeast over the 4 Tbsp milk and let stand, stirring once, until dissolved, about 5  minutes."", ""In a large bowl, beat eggs just until mixed."", 
""Add the cooled sweetened  milk, salt and dissolved yeast.  Stir in half of the flour and mix well with  your hand."", ""Add the remaining flour, 2 ozs at a time, mixing well after each  additions."", ""Keep adding flour until the dough pulls away from the sides of the  bowl in a ball."", ""It should be soft and slightly sticky."", ""Turn the dough onto a floured work surface.  Sprinkle the dough and your hands  with flour, and begin to knead by holding the dough with one hand and pushing it away from you with the other."", 
""Continue to knead by peeling the dough away from  the surface.  Give the dough a quarter turn, and knead until it is very smooth,  elastic and forms a ball, 5 - 7 minutes."", ""If the dough sticks while kneading,  flour the work surface.  Wash the large bowl and brush it with melted butter."", ""Put the kneaded dough in the bowl, and flip it so the surface is lightly  buttered."", ""Cover the bowl with a damp tea towel and let the dough rise in a warm  place until doubled in bulk, about 1 - 1 1/2 hours."", 
""To Shape and Bake the Rolls:- Brush 2 baking sheets with melted butter."", ""Turn the dough onto a lightly floured surface and knead with your hand just to knock out the air, 15 - 20 seconds."", ""Cover the dough, and let it rest, about 5 minutes."", ""Cut the dough in half."", ""With your hands, roll 1 piece of the dough into a cylinder about 2 inches in diameter."", ""Cut the cylinder into 8 equal pieces."", ""Repeat to divide the remaining dough."", ""To shape round rolls, cup a piece of dough under the palm of your hand, and roll the dough in a circular motion so it forms a smooth ball."", 
""Arrange 8 rolls on each baking sheet.  Cover with a dry tea towel and let rise in a warm place until doubled in bulk, about 30 minutes."", ""Heat the oven to 425 F."", ""Make the glaze by beating the egg yolk with the water until frothy."", ""Brush the rolls with glaze, then bake them in the oven until golden brown, 15 - 18 minutes."", ""Turn the rolls over and tap the bottoms with your knuckles."", ""They should sound hollow when tapped."", ""******** Cheers,  Doreen Doreen Randal,  Wanganui."", ""New Zealand.""
)"
000658,*658*,Dried Fruit Roll-Ups,1545,Nancy Van Ess,PT24H,PT55M,PT24H55M,1999-08-09T21:57:00Z,Make and share this Dried Fruit Roll-Ups recipe from Food.com.,character(0),Lunch/Snacks,"c(""Fruit"", ""Very Low Carbs"", ""Low Protein"", ""Low Cholesterol"", ""Free Of..."", ""Weeknight"", ""Easy"")","c(""3"", ""3"", ""3"", ""14"")","c(""nectarines"", ""plums"", ""sugar"")",4,1,215.2,0.7,0.1,0,0,54.2,3.6,50.1,2.1,NA,1 batch,"c(""* For each cup of fruit you will need 1-1/2 tablespoons of sugar."", ""Chop peaches, nectarines or plums very fine, being careful to reserve the juice. Place fruit and its juices in saucepan and bring to a boil."", ""Boil until candy  thermometer reads 180 degrees."", ""Cool slightly."", ""Put into blender and mix until  smooth."", ""Return to heat and cook until the mixture has the consistency of a thick paste and is reduced by half."", ""Spread fruit 1/4-inch thick on plastic-wrapped  trays or cookie sheets."", 
""Cover pans with a cheesecloth screen, taking care to  keep the cheesecloth from touching fruit. Place in direct sunlight for 12 to 24  hours until dry (bring in at nighttime). You can also bake in a 250-degree oven  for about 4 hours."", ""Put the fruit on a lightly greased cookie sheet or use foil  to line tray."", ""Fruit rollups are done when edges pull back from plastic and  center is not sticky when cooled."", ""Ten cups of fruit will cover a 12 x 17-inch  tray."", ""- - - - - - - - - - - - - - - - - -  Serving Ideas : Make dried fruit roll-ups the old-fashioned way.""
)"
000659,*659*,Drunken Chicken Marinade,1627,Tracey Claybon,PT1H30M,PT25M,PT1H55M,1999-08-24T05:14:00Z,"Hi, it's been a very long time since the last time I posted to r.f.r, but I couldn't resist sending this when I saw the drunken chicken thread, This is a relatively new favorite of mine I created - I like it best for hickory or mesquite grilled chicken - but I think it works well for beef too...","""https://img.sndimg.com/food/image/upload/w_555,h_416,c_fit,fl_progressive,q_95/v1/img/recipes/65/9/picG6k7kf.jpg""",Weeknight,"c(""< 4 Hours"", ""Easy"")","c(""1 -2"", ""1 -2"", ""1 -3"", ""3"")","c(""sage"", ""coarse black pepper"", ""hard apple cider"", ""soy sauce"")",5,6,222,4.9,2.4,0,4767.7,42.4,20.7,2.1,15.4,1,NA,"c(""Optional add-ins: garlic - I use powdered for the intensity- but crushed cloves of garlic will also be good..."", ""splash of cayenne pepper sauce Rotel chiles and tomatoes A-1 sweet and tangy sauce Sriracha (or any flavor Vietnamese-style) chili sauce Substitution: Vodka or honey mead for Cider..."", ""---- Combine all ingredients and pour over meat to be marinated."", ""The estimated amount above marinates about 2 1/2 to 3 lbs of chicken."", ""Marinate in tightly sealed dish at minimum for about 1 1/2 hours (for mild intoxication;) I marinated overnight and had wonderful results."", 
""I hope you enjoy it"")"
000660,*660*,Crawfish or Shrimp Cocktail,1617,Irene Wilcox,NA,PT5M,PT5M,1999-09-18T09:28:00Z,Make and share this Crawfish or Shrimp Cocktail recipe from Food.com.,character(0),Crawfish,"c(""Low Protein"", ""Low Cholesterol"", ""Healthy"", ""< 15 Mins"", ""Easy"")","c(NA, ""1/2"", ""1/2"", ""1/2"", ""1"", ""1/2"", ""1"", ""1/2"", NA)","c(""crawfish"", ""shrimp"", ""Heinz Chili Sauce"", ""catsup"", ""horseradish"", ""Lea & Perrins Worcestershire Sauce"", ""salt"", ""lemon juice"", ""lime juice"", ""parsley"")",4,1,169.3,3.1,1.1,4.4,1928.7,34.3,4.4,20.7,4.9,NA,2 cups,"c(""Combine all sauce ingredients to make sauce."", ""Pour over crawfish or shrimp, or dip the crawfish or shrimp in the sauce."")"
000661,*661*,Aunt Kay's Pork Chops Casserole,1548,Peggy Benisch,NA,PT25M,PT25M,1999-08-14T20:03:00Z,Make and share this Aunt Kay's Pork Chops Casserole recipe from Food.com.,character(0),Pork,"c(""Meat"", ""Free Of..."", ""< 30 Mins"", ""Oven"")","c(""4 -6"", NA, ""2"", ""1"", ""4"", ""1"", ""4"")","c(""baby green peas"", ""potatoes"", ""onion"", ""margarine"")",4,5,877.3,30.4,8.5,137.3,266,93.4,11.3,8.5,55.3,4,NA,"c(""Line a 9\"" x 13\""  pan with cooking foil, shiny side in; spray with cooking spray lightly."", ""Place 4 to 6 medium sized chops inside; season with salt and pepper."", ""Top in 3rds:  Make 2 cups instant rice to fill one-third, center third is a can of drained baby green peas, last third place 4 medium peeled and cut-up potatoes."", ""Chop one small onion over all."", ""Dollop margarine in small chunks over top."", ""Season with salt and pepper again."", ""Roll up excess foil to seal casserole on top and ends."", 
""Bake at 350 degrees Fahrenheit for 1-1/2 hours."", ""Yummy Casserole!"", ""Instead of the green peas I have used green beans or corn before to change the flavor on the chops, but I like the peas best!"")"
000662,*662*,Crisp Skin Chicken,1543,Doreen Randal,PT2H,PT1H,PT3H,1999-08-27T05:08:00Z,I found this while looking through a pile of old recipes books that were given to me. Don't put the chicken where the cat or dog can get it.  :-),character(0),Whole Chicken,"c(""Chicken"", ""Poultry"", ""Meat"", ""High Protein"", ""High In..."", ""Weeknight"", ""< 4 Hours"")","c(""1 1/4"", ""1"", ""2"", ""2"", ""1"", ""1"", ""2"", ""1"", NA)","c(""chicken"", ""vinegar"", ""soy sauce"", ""honey"", ""dry sherry"", ""golden syrup"", ""flour"", ""salt"")",NA,NA,481.8,28.7,8.2,142.6,1219.8,14.1,0.2,9.4,36.8,4,NA,"c(""Put chicken in a large saucepan and add boiling water to come halfway up the sides of the chicken."", ""Cover tightly and simmer until just tender, about 45 - 60 minutes."", ""Drain , rinse under cold water and dry with absorbent kitchen paper."", ""Mix together the vinegar, soy sauce, honey, sherry and syrup."", ""Brush this all over the chicken and then hang the chicken in an airy place to dry about 30 minutes."", ""Brush again with the remaining soy sauce mixture and hang again for 20 - 30 minutes."", 
""Mix the flour and salt together and rub well into the chicken skin."", ""Deep-fry until golden and crisp."", ""Drain well on absorbent paper."", ""Chop the chicken into 8 pieces and serve warm with dips."", ""CINNAMON DIP Mix together 1 Tbsp ground cinnamon, 1/2 tsp ground ginger, 1/4 tsp freshly ground pepper and salt.  Put in a small saucepan, heat until very hot, stirring constantly."", ""PEPPER AND SALT DIP Mix together 1 Tbsp salt and 1/2 Tbsp freshly ground black pepper."", ""Put into a small saucepan and heat, stirring, until the salt begins to brown."", 
""Serve the dips separately in small alongside a bowl of hoisin sauce (served cold) Guests eat the chicken with their fingers, dipping each piece into the dips and sauce.  Place finger bowls of cold water on the table."")"
000663,*663*,Crispy Chicken Livers on Garlic Potato Mash,1543,Doreen Randal,PT20M,PT55M,PT1H15M,1999-08-20T10:01:00Z,Make and share this Crispy Chicken Livers on Garlic Potato Mash recipe from Food.com.,character(0),Chicken Livers,"c(""Chicken"", ""Potato"", ""Poultry"", ""Vegetable"", ""Meat"", ""Weeknight"", ""< 4 Hours"")","c(""500"", ""3"", ""25"", NA, ""1"", ""1"", NA, ""400"", ""1"", ""25"", ""3/4"", ""1/2"", ""1/2"", ""1/2"", NA)","c(""potatoes"", ""garlic cloves"", ""butter"", ""oregano"", ""chicken livers"", ""egg"", ""butter"", ""cumin"", ""ginger"")",NA,NA,452.7,17.9,8.7,424.6,366.6,47.3,4.2,6.7,25.3,NA,NA,"c(""To make the garlic mash:- Boil the potatoes and peeled garlic until the potatoes are tender."", ""Drain well and mash with the butter."", ""Divide into 4 or 6 equal portion and form into cakes."", ""To prepare the chicken livers:- Spread the breadcrumbs in a shallow microwave proof dish and cook on HIGH 2 - 3 minutes until slightly crisp."", ""Season with oregano, salt and  pepper."", ""Wash the livers and divide in half."", ""Pat dry."", ""Dip the livers in the beaten egg the in the breadcrumbs to coat.  Melt the butter in a large frying pan."", 
""Pan fry the livers about 2 minutes each side, until they are just cooked in the centre. Meanwhile prepare the orange sauce.  Bring all the sauce ingredients to the boil in a saucepan."", ""Simmer for 15 minutes."", ""To Serve:-  Re-heat the potato cakes in the microwave or oven."", ""Place in the centre of 4 or 6 serving plates."", ""Top with the crispy chicken livers and serve with the sauce."")"
000664,*664*,Crock Pot Lasagna,1621,Quick n Easy Recipes,PT9H16M,PT35M,PT9H51M,1999-09-08T11:02:00Z,Make and share this Crock Pot Lasagna recipe from Food.com.,character(0),Cheese,"c(""Meat"", ""European"", ""Weeknight"")","c(""8"", ""1 1/2"", ""3/4"", ""1"", ""1"", ""1"", ""2"", ""2"", ""1"", ""1/2"", ""1/4"", ""1/4"", ""1 1/4"", ""1/2"")","c(""lean ground beef"", ""onion"", ""tomatoes"", ""tomato sauce"", ""cream-style cottage cheese"", ""mozzarella cheese"", ""granulated sugar"", ""parsley flakes"", ""dried oregano"", ""garlic powder"", ""dried basil"", ""salt"", ""pepper"")",4.5,25,787.4,33.2,15.4,163.7,2294.2,59.5,7.1,19.1,62.7,4,NA,"c(""Break lasagna noodles into bite size pieces and cook in boiling water until tender but firm (14 to 16 minutes). Drain."", ""Scramble-fry ground beef in non-stick frying pan until browned."", ""Drain well."", ""Turn into a 3-1/2 quart crock pot. Add remaining 12 ingredients and stir well."", ""Add lasagna noodles, stir."", ""Cook on LOW for 7 to 9 hours or on HIGH for 3-1/2 to 4-1/2 hours."")"
000665,*665*,Crock Pot Potatoes,60989,Bekah,PT6H,PT10M,PT6H10M,1999-08-14T20:05:00Z,Make and share this Crock Pot Potatoes recipe from Food.com.,"""https://img.sndimg.com/food/image/upload/w_555,h_416,c_fit,fl_progressive,q_95/v1/img/recipes/66/5/pici1aoRo.jpg""",Potato,"c(""Vegetable"", ""Low Protein"", ""Free Of..."", ""Weeknight"", ""Easy"")","c(""2"", ""2"", ""1"", ""8"", ""1"")","c(""garlic cloves"", ""salt"", ""potatoes"", ""cream cheese"")",4,8,536.9,20.2,12.6,62.4,775.5,78.5,9.6,4.3,13.2,NA,NA,"c(""Lightly grease Crock-Pot. In small bowl,  combine onion, garlic, salt and  pepper."", ""Layer 1/4 of sliced potatoes in bottom  of Crock-Pot. Sprinkle with 1/4 seasonings."", ""Layer with 1/3 cream  cheese cubes."", ""Continue layering process,  ending with layer of potatoes then  sprinkle with seasonings."", ""Cover and cook on  high 3 to 4 hours."", ""In last  hour of cooking, stir potatoes to distribute cream  cheese. Serve  when potatoes are tender."", ""Note: Potatoes can be slightly mashed before  serving."", 
""Time saving tips:  Cook potatoes in boiling water  for about 30 minutes or until tender then cut  into strips."", ""Mixture should  be cooked on low 6 to 8 hours or on high 2 hours  or until potatoes are  tender."", ""Substitute 32 oz.frozen hash browns for  potatoes and prepare as directed."", ""Cook on low 4 to 6 hours or on high 2 hours."")"
000666,*666*,Croissant Bread Pudding with Brandy Cream Sauce,1531,Mimi Hiller,PT40M,PT45M,PT1H25M,1999-09-20T19:24:00Z,"My good friend Sharon Stein shared this recipe with me a while back.  I  knew by looking at it how wonderful it would be.   The original recipe called for a  cornstarch-thickened caramel  sauce, but I usually change it to reflect a true  caramel sauce, as well as substituting blueberries for the raisins...exquisite!",character(0),Dessert,"c(""Weeknight"", ""Oven"", ""< 4 Hours"")","c(""8"", ""1 3/4"", ""3"", ""3/4"", ""1"", ""1"", ""2"", ""1/4"", ""1"", ""1"", ""1"", ""1"", ""2"", ""1"")","c(""raisins"", ""eggs"", ""sugar"", ""milk"", ""brandy"", ""butter"", ""cinnamon"", ""nutmeg"", ""vanilla"", ""salt"", ""butter"")",5,2,648.9,36,21.1,185.4,580.2,72.9,2.9,44.3,9.8,8,NA,"c(""Brandy cream sauce: 2 ounces butter 1 cup brown sugar 1/2 cup water 1/2 cup cream 1 teaspoon vanilla 1 tablespoon cornstarch, mixed to paste with a little water 2-3 tablespoons brandy Preheat oven to 350F."", ""Grease a 9 X 11\"" casserole dish."", ""Place half the  croissants in the dish;  sprinkle with raisins, and then top with remaining  croissants."", ""Beat the eggs till light, gradually adding the sugar until thick."", ""Whisk in  milk, cream, brandy, melted butter, cinnamon, nutmeg, vanilla and  salt.  Pour mixture over the croissants,  cover, and leave to absorb in the  refrigerator for an hour or so (up to a day in advance).  Before baking, bring  to room temperature.  Dot with butter (I didn't) and  sprinkle with  cinnamon/sugar."", 
""Bake 40 minutes."", ""Serve immediately with sauce.   Sauce: In a small saucepan, combine butter, brown sugar and water and stir until boiling and sugar has dissolved."", ""Add cream, vanilla, and cornstarch paste and  stir until thickened,  Lastly, add  brandy."", ""Sauce can be made in advance and  reheated just before serving."", ""The nice thing about this is that you can do everything in advance, and  bake it while you are eating the main course."")"
000667,*667*,Crumpets,1543,Doreen Randal,PT13M,PT1H,PT1H13M,1999-08-12T06:48:00Z,Make and share this Crumpets recipe from Food.com.,"c(""https://img.sndimg.com/food/image/upload/w_555,h_416,c_fit,fl_progressive,q_95/v1/img/recipes/66/7/piciFEmzS.jpg"", ""https://img.sndimg.com/food/image/upload/w_555,h_416,c_fit,fl_progressive,q_95/v1/img/recipes/66/7/pic2Tngc1.jpg"", ""https://img.sndimg.com/food/image/upload/w_555,h_416,c_fit,fl_progressive,q_95/v1/img/recipes/66/7/picEyltZZ.jpg"", ""https://img.sndimg.com/food/image/upload/w_555,h_416,c_fit,fl_progressive,q_95/v1/img/recipes/66/7/picJKt0Xv.jpg"")",Yeast Breads,"c(""Breads"", ""Breakfast"", ""Lactose Free"", ""Vegan"", ""Low Cholesterol"", ""Egg Free"", ""Healthy"", ""Kosher"", ""Free Of..."", ""Weeknight"", ""Oven"", ""< 4 Hours"")","c(""4"", ""2"", ""1 1/2"", ""1 1/2"", ""3"", ""1/2"")","c(""flour"", ""baking powder"", ""salt"", ""sugar"", ""water"", ""compressed yeast"")",4.5,19,78.1,0.2,0,0,237.6,16.6,0.6,0.3,2.2,NA,24 crumpets,"c(""NOTE:- 1 tsp dry yeast can be used in place of the compressed yeast; sift it with the dry ingredients."", ""Sift flour, baking powder, sugar and salt into a large bowl."", ""Dissolve yeast in water, add to dry ingredients, beat until smooth."", ""Crumpets can be cooked in a lightly greased frying pan or electric frypan; if using frypan, pre-heat to 260 F."", ""Lightly grease some egg-rings, put them in pan to heat through."", ""When hot three-quarters fill the rings with batter."", ""Allow to cook over a low heat for approximately 10 minutes or until surface is covered with holes."", 
""Remove the rings."", ""Cover the pan, and cook a further 2 - 3 minutes or until the surface is set.  Remove from the pan, cool on a wire rack."", ""When cold, toast and serve with butter."", ""These may be frozen."")"
000668,*668*,Crusty Beef Casserole,1543,Doreen Randal,PT2H10M,PT35M,PT2H45M,1999-08-25T05:48:00Z,Make and share this Crusty Beef Casserole recipe from Food.com.,character(0),Meat,"c(""Weeknight"", ""Oven"", ""< 4 Hours"")","c(""1"", ""3"", ""1 1/2"", ""1"", ""3/4"", ""1/2"", ""1 1/2"", ""1 1/2"", ""1 1/2"", ""1/2"", ""1"", ""25"", ""1"", ""1"", NA, ""1"", NA)","c(""flour"", ""sugar"", ""salt"", ""dry mustard"", ""baking soda"", ""Worcestershire sauce"", ""vinegar"", ""tomato juice"", ""water"", ""butter"", ""garlic"", ""chives"", ""garlic"", ""parsley"")",5,1,832.5,20.5,8.7,122.2,1693.5,104,4.5,8,56.4,6,NA,"c(""CRUSTY TOPPING French bread cut in1 cm slices 25g soft butter 1 clove garlic, crushed (opt) 1 Tbsp French mixed mustard chopped chives, garlic cloves or parsley Cut steak in pieces, 6 cm by 4 cm."", ""Place in casserole. In a bowl mix all  ingredients except crusty topping."", ""Pour over beef, and cover tightly."", ""Bake at  160 C for 2 hours."", ""Combine butter, add garlic (opt), mustard and herbs."", ""Spread  on one side of each bread slice (use sufficient slices to cover the top of  casserole). Arrange bread, buttered side up, on meat, pushing slices firmly down to soak up juices."", 
""Return uncovered casserole to oven at 200 C for about 10  minutes or until bread is crisp and golden."")"
000669,*669*,Crusty Bread From Cuba,1547,Morton Design Graph,PT1H46M,PT45M,PT2H31M,1999-08-24T04:17:00Z,Make and share this Crusty Bread From Cuba recipe from Food.com.,character(0),Yeast Breads,"c(""Breads"", ""Cuban"", ""Caribbean"", ""Low Cholesterol"", ""Healthy"", ""Weeknight"", ""Oven"", ""< 4 Hours"")","c(""1"", ""6 -7"", ""2"", ""2"", ""1"", ""2 -3"")","c(""flour"", ""water"", ""salt"", ""sugar"", ""cornflour"")",3.5,3,1427.3,4.2,0.7,0,6993.3,299.5,11.6,7.3,40.7,NA,2 loaves,"c(""Do not preheat the oven this time! Proof the yeast in the lukewarm water with the sugar in a large mixing bowl."", ""Add the flour and the salt, a little at a time, stirring and mixing until you have a rather stiff dough."", ""Remove to a lightly floured work surface and knead the dough for a few minutes, then place in a large buttered bowl, cover with a towel and let it rise in a warm place for about 1 hour or until it has doubled in bulk."", ""Again, remove the dough to the floured work surface and punch it down a couple of times."", 
""Divide into 2 equal pieces and shape into 2 oblong loaves about 18\"" long."", ""Sprinkle a baking sheet with the corn flour and place the loaves on top."", ""Cover and let rise for a few minutes."", ""Now place the baking sheet with the 2 loaves on the upper rack in your oven."", ""On the rack beneath the baking sheet place a tin form with hot water and turn the oven on to 400 degrees."", ""Bake the breads for about 16 minutes or until a crust begins to form."", ""Remove from the oven and brush the tops with cold water, then return the breads to the oven and bake about 30 minutes more, or until they are golden."", 
""Cool on a rack"")"
000670,*670*,Cucumber Pan Rolls,1530,Carole Reu,PT2H51M,PT30M,PT3H21M,1999-09-10T05:19:00Z,Make and share this Cucumber Pan Rolls recipe from Food.com.,character(0),Vegetable,"c(""Low Cholesterol"", ""Healthy"", ""Weeknight"", ""Oven"", ""< 4 Hours"")","c(""1"", ""1/2"", ""1/4"", ""1"", ""1"", ""3 3/4"", ""1"", ""2"", ""2"")","c(""cucumber"", ""low-fat sour cream"", ""water"", ""sugar"", ""salt"", ""all-purpose flour"", ""active dry yeast"", ""fresh chives"", ""fresh dill"")",4,3,165.7,1.7,0.8,3.9,199.7,32.5,1.4,1.6,4.8,12,NA,"c(""Place cucumber in a blender  or food processor; cover and process until smooth."", ""Place 3/4 cup of puree in a saucepan (discard remaining puree or save for  another use.)  Add sour cream, water, sugar, and salt to pan; heat to 120 to 130 degrees (mixture will appear separated).  In a mixing bowl, combine 1 1/4 cups  flour, yeast, chives and dill; add cucumber mixture.  Beat on low speed just  until moistened; beat on high for 3 minutes."", ""Add enough remaining flour to form a stiff dough."", ""Turn onto a floured surface; knead until smooth and elastic,  about 6 to 8 minutes."", 
""Place in a greased bowl, turning once to grease top."", ""Cover and let rise in a warm place until doubled about 1 hour."", ""Punch dough  down; let rest 10 minutes."", ""Shape into 12 balls; place in a 13 x 9 x 2\"" baking  pan that has been sprayed with nonstick cooking spray."", ""Cover and let rise until doubled, about 45 minutes."", ""Bake at 375 for 30 to 35 minutes or until golden  brown."", ""Remove from pan and cool on a wire rack f!  or 10 minutes."", ""Serve warm."")"
000671,*671*,Homemade Cucumber Relish,1530,Carole Reu,PT20M,PT20M,PT40M,1999-09-10T05:29:00Z,Make and share this Homemade Cucumber Relish recipe from Food.com.,"""https://img.sndimg.com/food/image/upload/w_555,h_416,c_fit,fl_progressive,q_95/v1/img/recipes/67/1/picH7pxqp.jpg""",Vegetable,"c(""< 60 Mins"", ""Canning"")","c(""4 1/2"", ""3 1/2"", ""3"", ""2"", ""1/4"", ""4"", ""4"", ""3"", ""2"", ""2"")","c(""cucumbers"", ""celery"", ""onions"", ""red bell peppers"", ""canning salt"", ""water"", ""vinegar"", ""sugar"", ""mustard seeds"", ""celery seeds"")",4.5,12,294.1,0.5,0.1,0,2867.7,69.3,2.3,64.7,1.6,NA,10 half  pints.,"c(""Combine cucumbers, celery, onion and peppers in a large bowl; add salt and  water."", ""Cover and refrigerate overnight.  Drain; rinse and drain again."", ""Combine remaining ingredients in a large kettle; bring to a boil."", ""Add vegetables;  simmer for 10 minutes."", ""Ladle hot mixture into hot jars, leaving 1/4\"" headspace. Adjust caps."", ""Process for 10 minutes in a boiling water bath."")"
000672,*672*,Cucumber-Avocado Dip,1533,Dancer,NA,PT30M,PT30M,1999-08-13T13:59:00Z,Make and share this Cucumber-Avocado Dip recipe from Food.com.,character(0),Vegetable,"c(""< 30 Mins"", ""Easy"")","c(""1"", ""2"", ""2"", ""1"", ""1"")","c(""tomatoes"", ""cucumbers"", ""sour cream"", ""avocado"")",4,1,1418.4,126.8,64.5,202.4,276.1,63.5,17.9,15.3,23.6,NA,1 batch,"c(""Peel, seed and dice tomato."", ""Peel, split lengthwise, seed and dice cucumbers."", ""Thoroughly drain all liquid from tomato and cucumbers."", ""Mix all the ingredients and chill before serving."", ""Serve with chips or vegetables."", ""Also good as a dressing for chicken salad."")"
000673,*673*,Cucumbers and Onions in Sour Cream,1610,B  B Adams,PT20M,PT40M,PT1H,1999-09-06T12:53:00Z,This may not be exactly what you are looking for but it is a great side dish.  Cucumbers and Onions in Sour Cream,character(0),Vegetable,"c(""Low Protein"", ""Low Cholesterol"", ""< 60 Mins"")","c(""1"", ""2"", ""1"", ""2"", ""1/4"", ""1"", NA)","c(""cucumber"", ""green onions"", ""salt"", ""sugar"", ""sour cream"", ""vinegar"", ""white pepper"")",5,7,278,12.4,7.6,25.3,2367.1,40.8,2.3,31,4.3,NA,1 batch,"c(""Peel and slice the cucumber very thin."", ""Chop the green onions (including the tops). Mix with the cucumber."", ""Sprinkle the salt and sugar over all and toss lightly with a fork to distribute sugar and salt evenly over the cucumber slices."", ""Let stand 15 to 20 minutes."", ""Drain thoroughly, pressing cucumber to extract as much moisture as possible.  Stir the vinegar into the sour cream."", ""Add a dash of white pepper."", ""Pour over cucumber and onion."", ""Refrigerate until ready to serve. NOTE: I usually double this recipe as it is better the longer it sits in the refrigerator."", 
""I also like more onion so I usually use 3 to 4 if they are small."")"
000674,*674*,Curried Carrot Bisque,1554,Jacques Lorrain,PT35M,PT25M,PT1H,1999-08-17T04:19:00Z,Make and share this Curried Carrot Bisque recipe from Food.com.,character(0),Vegetable,"c(""Low Protein"", ""Low Cholesterol"", ""Free Of..."", ""< 60 Mins"", ""Easy"")","c(""2"", ""1"", ""2"", ""1"", ""2"", ""1"", ""2"", ""4"", ""1/4"", NA, ""1/4"")","c(""butter"", ""carrot"", ""leeks"", ""fresh ginger"", ""garlic"", ""curry powder"", ""curry paste"", ""carrot"")",4,5,273.1,14.8,7.9,42.8,493.4,28.3,4.7,11.4,8.5,4,NA,"c(""Heat butter over medium heat in pot. Stir in carrots, leeks, ginger, garlic"", ""and curry powder."", ""Saute for about 5 minutes or until leeks soften slightly."", ""Pour in chicken stock, bring to a boil, lower heat and simmer, covered, 20 ~ 25  minutes or until vegetables are tender."", ""Puree in a blender or food processor."", ""Return to heat, add whipping cream, salt and pepper and simmer for 5 minutes."", ""Garnish with grated carrot.  Serves 4 to 6."", ""The Globe and Mail -----"")"
000675,*675*,Curried Chicken II,1543,Doreen Randal,NA,PT55M,PT55M,1999-08-12T06:52:00Z,Make and share this Curried Chicken II recipe from Food.com.,character(0),Whole Chicken,"c(""Chicken"", ""Poultry"", ""Meat"", ""Asian"", ""Indian"", ""Free Of..."", ""< 60 Mins"")","c(""1/4"", ""1"", ""1"", ""2"", ""1"", ""1"", ""1"", ""1"", ""1"")","c(""boiling water"", ""chicken"", ""butter"", ""onion"", ""curry powder"", ""clove"", ""cinnamon"", ""salt"")",NA,NA,373.9,27.8,12.7,101.5,450.4,8.6,1.1,6.8,22.1,8,NA,"c(""Put desiccated coconut to soak in a pint of boiling water for a couple of hours."", ""Sieve and strain."", ""Only the liquid is used."", ""Cut up a chicken or use chicken  pieces."", ""Melt butter or good dripping in pan, add finely chopped onion, curry  powder, a pinch of ground cloves and cinnamon."", ""Fry stirring constantly, till  brown."", ""Add chicken pieces and fry these until brown."", ""Add  salt, the warmed  coconut liquid."", ""Cover saucepan, and simmer gently till chicken is tender."")"
000676,*676*,Cream Cheese Biscuits,1547,Morton Design Graph,PT20M,PT25M,PT45M,1999-08-24T04:26:00Z,CREAM CHEESE BISCUITS  The cheese makes these biscuits so light and flaky that they are almost like pastry.,character(0),Breads,"c(""Cheese"", ""< 60 Mins"", ""Oven"", ""Easy"")","c(""1"", ""1"", ""1/2"", ""1"")","c(""flour"", ""salt"", ""butter"", ""cream cheese"")",3,9,130,10.2,6.2,28.1,284.3,8.2,0.3,0.3,1.6,NA,12 biscuits. Can be fro,"c(""Preheat the oven to 425 degrees."", ""Sift together the flour and salt. Add the butter, piece by piece, and the cream cheese. Mix until you have a dough that holds together."", ""Do not overmix."", ""Turn the dough out onto a lightly floured work surface and, with a rolling pin, roll it out to a thickness of about 1/2\""."", ""Cut out rounds with a biscuit cutter and place on a lightly buttered baking sheet.  Bake until pale brown, about 20 minutes."", ""Serve warm."")"
000677,*677*,Cream Cheese Chicken Lasagna,1562,Libby1,PT15M,PT30M,PT45M,1999-09-20T19:48:00Z,Make and share this Cream Cheese Chicken Lasagna recipe from Food.com.,character(0),Chicken,"c(""Poultry"", ""Cheese"", ""Meat"", ""European"", ""< 60 Mins"", ""Oven"")","c(""9"", ""1"", ""6"", ""2"", ""2/3"", ""1/4"", ""1/2"", ""4"", ""1/3"", ""1/3"", ""3"", ""2"", ""1/2"")","c(""cottage cheese"", ""cream cheese"", ""milk"", ""poultry seasoning"", ""ripe olives"", ""onion"", ""green pepper"", ""chicken"", ""sharp cheddar cheese"")",4,4,574.7,26.2,12.1,50.1,1393.5,64,3.6,5.1,21,6,NA,"c(""Cook noodles according to package directions; drain, and set aside.   Combine cottage cheese and cream cheese, stirring well; add soup and   next 6 ingredients."", ""Spread 1/2 cup of cheese mixture in bottom of a   13- x 9- x 2-inch baking pan."", ""Layer one-third of the noodles,   chicken, and cheese mixture in pan; repeat layers twice. Sprinkle   with breadcrumbs and Cheddar cheese; cover with aluminum foil."", ""Bake   at 350 degrees for 30 minutes; uncover and bake an additional 15   minutes.""
)"
000678,*678*,Cream Scones,1571,Linda Johansen,PT10M,PT20M,PT30M,1999-08-10T18:57:00Z,Make and share this Cream Scones recipe from Food.com.,character(0),Scones,"c(""Quick Breads"", ""Breads"", ""High In..."", ""< 30 Mins"", ""Oven"")","c(""2"", ""1"", ""4"", ""2"", ""5"", ""3"", ""3/4"", ""1/3"", ""1"")","c(""flour"", ""salt"", ""baking powder"", ""sugar"", ""butter"", ""eggs"", ""heavy cream"", ""raisins"", ""water"")",3.5,2,294.5,17.5,10.3,119.4,571.4,28.3,0.8,3.3,6.1,8,NA,"c(""Preheat the oven to 450."", ""Mix dry ingredients together, reserving 1 Tbsp sugar."", ""Cut butter into bits and rub into dry ingredients until thoroughly blended."", ""(Or pulse in food processor).   Beat 2 eggs with cream, and blend into dry  ingredients with a few swift strokes."", ""Use only a few more strokes to add  raisins."", ""Turn dough onto lightly floured surface and knead 10 times; no more.   If it is very sticky, add a little flour, but very little; don't worry if it  sticks a bit to your hands."", 
""Press the dough into a 3/4 inch rectangle and cut  into 2 inch rounds with a biscuit cutter or glass."", ""Place the rounds on an  ungreased baking sheet.  Gently reshape the leftover dough and cut again; this  recipe will produce 10-14 biscuits."", ""Beat the remaining egg with 1 tablespoonful  of water and brush the top of each scone; sprinkle each with a little of the  remaining sugar."", ""Bake 7-9 minutes, or until the scones are a beautiful golden  brown."", ""These keep better than biscuits, but should still be eaten the same day  you make them."", 
""Seven Easy Additions to Cream Scones:"", ""--Stir one-half cup or more chopped nuts into the prepared batter."", ""--Use up to fifty percent whole wheat flour."", ""--Substitute fresh fruit (apples, pears, peaches), whole berries (blueberries, cranberries) or minced dried fruit (figs, apricots) for the raisins."", ""--Add one teaspoonful or more of cinnamon or ginger, or a pinch of nutmeg or allspice to the dried ingredients."", ""--Add one-half cup grated cheese along with the eggs and cream; reduce the sugar to one teaspoon."", 
""--Add minced fresh herbs to taste-dill, parsley, and chevril are especially good; reduce the sugar to one teaspoonful."", ""--Add one-half cup or more of minced cooked meat along with the eggs and cream; reduce the sugar to one teaspoon."")"
000679,*679*,Creamed Beetroot,1543,Doreen Randal,PT9M,PT35M,PT44M,1999-08-30T14:17:00Z,Make and share this Creamed Beetroot recipe from Food.com.,character(0),Vegetable,"""< 60 Mins""","c(""25"", ""1"", ""2"", ""300"", ""2"", ""1"", NA, ""500"", ""1"")","c(""butter"", ""onion"", ""flour"", ""milk"", ""mixed herbs"", ""beetroots"", ""tart dessert apple"")",3,1,835.7,41.5,25.5,127.7,664.9,104.2,15.2,57.5,20.9,NA,1 batch,"c(""Melt butter in a pan, add the onion and fry gently for 5 minutes with out browning."", ""Add the flour and cook a further 2 minutes, stirring all the time.  Remove from the heat and gradually add the milk, beating vigorously after each addition."", ""Return to the heat and bring to the boil stirring constantly."", ""Lower the heat and simmer 2 minutes stirring occasionally, then stir in the cream, herbs, and salt and pepper to taste.  Fold in beetroot and apple and simmer a further 5 minutes, stirring occasionally."", 
""Remove from heat and leave to cool, stirring occasionally to prevent skin forming."")"
000680,*680*,Creamy Smoked Salmon & Dijon Pasta,1556,Strawberry Girl,PT5M,PT45M,PT50M,1999-09-06T04:24:00Z,Make and share this Creamy Smoked Salmon & Dijon Pasta recipe from Food.com.,character(0),< 60 Mins,NA,"c(""4"", ""1"", ""2"", ""8"", ""4"", ""1"", ""1"", NA)","c(""butter"", ""shallots"", ""garlic"", ""smoked salmon"", ""green onions"", ""sour cream"", ""light sour cream"", ""Dijon mustard"", ""white pepper"")",3.5,2,438.6,20.3,9.7,97.8,596.9,44.1,2.4,3,20.1,4,NA,"c(""Cook the pasta."", ""Drain but do not rinse. Meanwhile, heat the butter in a large frying pan."", ""Add the shallots and saute=E9 for about 5 minutes."", ""Meanwhile, cut the salmon into thin bite-size pieces (I  use thick bite sized pieces) and slice the green onions; set aside.  Then, whisk the sour cream, Dijon and pepper into the sauted shallots."", ""Remove from the heat and immediately stir into the drained cooked pasta."", ""Add the salmon and green  onions and toss."", ""Serve hot or as a cold pasta salad."", 
""The flavour becomes  fuller with a day's refrigeration."", ""If it's not creamy enough after being  chilled, simply stir in more sour cream."")"
000681,*681*,Creamy Vegetable Curry with Rice,1543,Doreen Randal,PT21M,PT25M,PT46M,1999-08-22T04:36:00Z,Make and share this Creamy Vegetable Curry with Rice recipe from Food.com.,character(0),Long Grain Rice,"c(""Rice"", ""Vegetable"", ""Vegan"", ""Free Of..."", ""Microwave"", ""< 60 Mins"")","c(""1 1/2"", ""1/2"", ""1"", ""1"", ""1"", ""1"", ""90"", ""125"", ""1"", ""250"")","c(""long-grain rice"", ""salt"", ""onion"", ""curry powder"", ""coconut milk"", ""broccoli"", ""carrot"", ""pumpkin"")",NA,NA,1763.4,65.3,45.4,0,1288,270.2,12.9,13,32,NA,1 batch,"c(""Place rice in a large microwave-safe bowl with 3 cups boiling water and the  salt.  Cook on HIGH 12 - 14 minutes."", ""(Do not cover the rice or it will boil  over.)  Set aside. Place the oil and onion in a large dish and cook on HIGH for  2 minutes."", ""Stir in the curry powder and cook on HIGH 30 seconds."", ""Pour coconut  milk into the dish so that it is well combined."", ""Add the vegetables, cover and  cook on HIGH for 10 minutes; stir after 5 minutes."", ""Reheat the rice and fluff up  with a fork."", 
""Serve the curry over the rice.  Cheers,  Doreen Doreen Randal,  WAnganui."", ""New Zealand"")"
000682,*682*,Crisp Flatbread,1549,Dave5003,PT34M,PT1H10M,PT1H44M,1999-09-02T04:19:00Z,Make and share this Crisp Flatbread recipe from Food.com.,character(0),Breads,"c(""Low Cholesterol"", ""Healthy"", ""Weeknight"", ""Oven"", ""< 4 Hours"", ""Easy"")","c(""1/2"", ""2"", ""2"", ""5"")","c(""fresh compressed yeast"", ""water"", ""salt"", ""4 grain bread flour"")",5,1,107,0.5,0.1,0,195.7,23.1,3.2,0.2,3.3,NA,24 rounds,"c(""To roll out: 1 1/4 cups plain white flour Crumble the yeast in a mixing bowl."", ""Pour on the water."", ""Stir to dissolve the yeast. Add salt and bread flour."", ""Knead to an elastic dough."", ""Turn out the dough onto a floured work surface. Cut into 3 parts."", ""Form each part into a sausage and cut it into 8 pieces."", ""Form each piece into a round ball."", ""Cover and let rise for about 30 minutes."", ""Roll out each ball into a very thin circle. N.B."", ""Do not knead! Roll and turn the cake several times."", 
""When it is very thin, about 2 mm (1/12\""), prick very closely with a fork."", ""Make a hole in the middle of each cake. Place two cakes on each baking sheet. Bake at once at 275M-0C/525M-0F oven for 3 - 4 minutes."", ""Cool on a rack."")"
000683,*683*,Crisp Lemon Chicken,1543,Doreen Randal,PT1M,PT35M,PT36M,1999-09-12T06:12:00Z,Make and share this Crisp Lemon Chicken recipe from Food.com.,"c(""https://img.sndimg.com/food/image/upload/w_555,h_416,c_fit,fl_progressive,q_95/v1/img/recipes/68/3/picGwK1Rl.jpg"", ""https://img.sndimg.com/food/image/upload/w_555,h_416,c_fit,fl_progressive,q_95/v1/img/recipes/68/3/picFJTow6.jpg"", ""https://img.sndimg.com/food/image/upload/w_555,h_416,c_fit,fl_progressive,q_95/v1/img/recipes/68/3/picG5PPKu.jpg"", ""https://img.sndimg.com/food/image/upload/w_555,h_416,c_fit,fl_progressive,q_95/v1/img/recipes/68/3/picSGQ3i5.jpg"", ""https://img.sndimg.com/food/image/upload/w_555,h_416,c_fit,fl_progressive,q_95/v1/img/recipes/68/3/picLSAvHO.jpg"", 
""https://img.sndimg.com/food/image/upload/w_555,h_416,c_fit,fl_progressive,q_95/v1/img/recipes/68/3/pic3Zt53E.jpg"", ""https://img.sndimg.com/food/image/upload/w_555,h_416,c_fit,fl_progressive,q_95/v1/img/recipes/68/3/picnVjwW4.jpg"", ""https://img.sndimg.com/food/image/upload/w_555,h_416,c_fit,fl_progressive,q_95/v1/img/recipes/68/3/picdru0eB.jpg"")",Chicken,"c(""Poultry"", ""Meat"", ""Healthy"", ""< 60 Mins"")","c(""2"", ""1/2"", ""2"", ""350"", ""1"", NA, ""1"", ""1/4"", ""1"", ""1 1/2"", ""1"", ""1"")","c(""cornflour"", ""water"", ""chicken tenderloins"", ""spring onion"", ""cornflour"", ""lemon juice"", ""lemon, rind of"", ""ginger"", ""brown sugar"")",4,8,236.4,6.5,1.2,47.4,210.8,20.8,1.4,5.4,23.2,NA,NA,"c(""Lemon Sauce:-  Mix cornflour with the lemon juice.  Mix the lemon rind, stock, ginger, brown sugar and cornflour mixture together in a saucepan."", ""Bring to the boil and cook for 1 minutes."", ""Set aside while preparing chicken."", ""Crisp Chicken:-  Lightly beat the egg whites, cornflour and water together."", ""Dip the chicken in this mixture.  Heat the oil in a wok or frying pan and fry the chicken until the juices run clear."", ""Pour over the lemon sauce and served garnished with chopped spring onion.""
)"
000684,*684*,Crispy Potato Wedges,1620,Will Bowden,PT40M,PT1H10M,PT1H50M,1999-09-11T05:03:00Z,Make and share this Crispy Potato Wedges recipe from Food.com.,"c(""https://img.sndimg.com/food/image/upload/w_555,h_416,c_fit,fl_progressive,q_95/v1/img/recipes/68/4/picbZtsJK.jpg"", ""https://img.sndimg.com/food/image/upload/w_555,h_416,c_fit,fl_progressive,q_95/v1/img/recipes/68/4/picyqjBmm.jpg"")",Potato,"c(""Vegetable"", ""Low Protein"", ""Low Cholesterol"", ""Healthy"", ""Weeknight"", ""Oven"", ""< 4 Hours"")","c(""4"", ""1"", ""1/4"", ""1/8"", ""2"", NA)","c(""russet potatoes"", ""black pepper"", ""salt"", ""garlic cloves"", ""reduced sodium ketchup"")",5,4,777.6,14.4,2,0,342,149.2,18.9,6.7,17.3,NA,1 batch,"c(""Place potatoes in a large bowl; add cold water to cover and let stand 15 min      minutes."", ""Preheat oven to 425."", ""Spray a nonstick baking sheet with vegetable cooking spray."", ""Set aside."", ""Drain potatoes in colander."", ""Spread on a double layer of paper towels."", ""Cover with a second layer of paper towels."", ""Press down on the towels to dry      potatoes."", ""Transfer potatoes to a clean large bowl."", ""Sprinkle with oil, pepper, and salt;      toss gently to combine.  Arrange seasoned potatoes in a single layer on the      prepared baking sheet."", 
""Bake potatoes for 20 minutes."", ""Using a spatula, turn potatoes; sprinkle with garlic.  Bake until golden, about 20 minutes, turning baking sheet after 10      minutes for even browning."", ""Serve immediately with ketchup on the side. <NOTE:  For a sweeter flavor, use sweet potatoes instead of the russet potatoes."", ""Add 1/2 teaspoon of paprika when tossing potatoes with spices."", ""Bake as previously directed.>."")"
000685,*685*,Crock Pot Curried Carrots,1543,Doreen Randal,PT2H,PT20M,PT2H20M,1999-08-07T16:46:00Z,Make and share this Crock Pot Curried Carrots recipe from Food.com.,"""https://img.sndimg.com/food/image/upload/w_555,h_416,c_fit,fl_progressive,q_95/v1/img/recipes/68/5/picoOAqQD.jpg""",Vegetable,"c(""Low Protein"", ""Free Of..."", ""Weeknight"", ""< 4 Hours"", ""Easy"")","c(""400"", ""1"", ""1"", NA, ""3"")","c(""carrots"", ""mild curry powder"", ""brown sugar"", ""butter"")",5,4,493.4,35.8,22.1,91.6,582.5,44,11.9,23.5,4.3,NA,1 batch,"c(""Arrange carrots in the crock pot and sprinkle with the curry powder, brown sugar, salt and pepper."", ""Pour the melted butter over the carrots and toss thoroughly to mix all ingredients."", ""Cover with lid and cook on HIGH 1 1/2 - 2 hours."", ""Cheers,  Doreen Doreen Randal,  Wanganui, New Zealand."")"
000686,*686*,Crock Pot Sweet and Sour Chicken,138861,Winnipeg Mel,PT12H,PT45M,PT12H45M,1999-08-12T06:34:00Z,"I adopted this recipe from Zaar in Feb/05. There are a lot of yummy vegetables to make this a complete meal, just add rice or noodles.","c(""https://img.sndimg.com/food/image/upload/w_555,h_416,c_fit,fl_progressive,q_95/v1/img/recipes/68/6/picaG75PJ.jpg"", ""https://img.sndimg.com/food/image/upload/w_555,h_416,c_fit,fl_progressive,q_95/v1/img/recipes/68/6/pic2yPjQD.jpg"")",Chicken Breast,"c(""Chicken"", ""Pineapple"", ""Poultry"", ""Tropical Fruits"", ""Fruit"", ""Meat"", ""Healthy"", ""Free Of..."", ""Weeknight"")","c(""2"", ""1"", ""1"", ""4"", ""4"", ""8"", ""1/2"", ""2/3"", ""4"", ""2"", ""1/2"")","c(""celery"", ""green pepper"", ""onion"", ""tapioca"", ""chicken breasts"", ""pineapple chunks"", ""dark brown sugar"", ""light brown sugar"", ""soy sauce"", ""light soy sauce"", ""garlic cloves"", ""ginger"")",4,20,477.3,13.7,3.9,92.8,1127.1,55.9,2,41.7,33.3,4,NA,"c(""CROCK POT: Put vegetables in bottom of crock pot. Sprinkle  tapioca over vegetables. Place chicken next. Combine all other  ingredients and Pour over chicken. Cover crock pot and turn to low  and cook for 8-10 hours."", ""OVEN: Put vegetables in bottom  of a greased pan."", ""Sprinkle vegetables with tapioca."", ""Add chicken to  pan."", ""Combine all other ingredients. Pour over chicken."", ""Cover pan  tightly with foil."", ""Bake in 300 deg.  oven for 2 hours."", ""The above are basic and easy to do."", ""You can add the cherries or  mandarin oranges for flavor and attractiveness.""
)"
000687,*687*,Austrian Sweet Cheese Crepes Baked in Custard,1549,Dave5003,PT4H50M,PT1H5M,PT5H55M,1999-09-19T06:54:00Z,Make and share this Austrian Sweet Cheese Crepes Baked in Custard recipe from Food.com.,character(0),Breakfast,"c(""Dessert"", ""Cheese"", ""Austrian"", ""European"", ""Weeknight"", ""For Large Groups"")","c(""1/2"", ""1"", ""2"", ""1/2"", ""2"", ""1"", ""1"", ""1/4"", ""25"", ""2"", ""3"", ""1"", NA)","c(""dried currant"", ""boiling water"", ""cream cheese"", ""eggs"", ""lemon, zest of"", ""vanilla"", ""granulated sugar"", ""eggs"", ""granulated sugar"", ""milk"", ""confectioners' sugar"")",NA,NA,119.1,7.5,4.5,55.2,72.7,10.8,0.2,7.9,2.9,25,NA,"c(""Make filling: In a small heatproof bowl plump currants in boiling-hot water 15 minutes  and drain."", ""Pat currants dry between paper towels."", ""In a food processor or in a bowl with an electric mixer blend together well cream cheese, jam, yolks, zest, and vanilla."", ""In a bowl with an electric mixer (beaters cleaned if necessary) beat whites with a pinch of salt until they hold soft peaks."", ""Add sugar to whites and beat meringue until it holds stiff peaks."", ""Fold cheese mixture into meringue gently but thoroughly and fold in currants."", 
""Preheat oven to 400F."", ""and lightly butter a 14-inch-long oval gratin dish or other 2 1/2-quart shallow baking dish."", ""Working with 1 crepe at a time, spread 2 generous tablespoons filling on  each crepe, leaving a 1/2-inch border all around, and roll up crepes  jelly-roll fashion."", ""With a sharp knife cut crepes on a diagonal in half  and arrange, overlapping slightly, in layers in baking dish."", ""Crepes may  be prepared up to this point 4 hours ahead and chilled, covered."", ""Bring  crepes to at room temperature before proceeding."", 
""In a small bowl whisk together eggs, granulated sugar, and milk and pour  over crepes, letting custard seep between layers."", ""Bake crepes in middle  of oven 30 to 35 minutes, or until puffed and custard is set, and cool to warm."", ""Dust crepes with confectioners' sugar and serve with apricot caramel  sauce."")"
000688,*688*,Crunchy Pretzel Drops No-Bake Cookies,1535,Marg CaymanDesigns,NA,PT25M,PT25M,1999-08-26T19:36:00Z,Make and share this Crunchy Pretzel Drops No-Bake Cookies recipe from Food.com.,character(0),Dessert,"c(""Lunch/Snacks"", ""Cookie & Brownie"", ""< 30 Mins"", ""For Large Groups"", ""Easy"")","c(""6"", ""1/4"", ""2"", ""2"", ""1"", ""3 1/2"", ""1"")","c(""light corn syrup"", ""milk"", ""butter"", ""vanilla"")",4,2,106.3,3.4,2.4,2.7,173.4,17.9,0.4,6.3,1.4,24,NA,"c(""Mix first 5 ingredients in saucepan. Melt over low heat, stirring constantly."", ""Remove from heat and stir in cereal and pretzels."", ""Drop by rounded tablespoonful onto wax paper and allow to harden."")"
000689,*689*,Crunchy Oven Fried Fish,1530,Carole Reu,PT12M,PT45M,PT57M,1999-09-03T07:53:00Z,Make and share this Crunchy Oven Fried Fish recipe from Food.com.,character(0),< 60 Mins,"""Oven""","c(""1"", ""1/4"", ""1/4"", ""1"", ""1/4"", ""1/4"", ""1 1/2"", ""1/2"", NA)","c(""all-purpose flour"", ""lemon pepper"", ""cornmeal"", ""lemons, rind of"", ""dried basil"")",4.5,8,206.6,1.7,0.3,62.3,154.4,16.9,1.2,0.6,29.1,4,NA,"c(""Preheat oven to 450."", ""Cut fish into serving size pieces."", ""Mix flour, lemon  pepper, and 1/4 tsp salt in a shallow dish."", ""Beat egg white until frothy; place  in another shallow dish."", ""Combine bread crumbs, cornmeal, lemon peel, and basil  in a third shallow dish."", ""Dip top of fillets into flour  mixture; Shake off any  excess."", ""Dip tops into egg white; coat with crumb mixture.  Spray a shallow  baking pan with nonstick cooking spray."", ""Place fillets in pan, coating side up;  tuck under thin edges."", 
""Bake for 6 to 12 minutes or until fish flakes easily  with a fork."")"
000690,*690*,Crusty Garlic Bread,1620,Will Bowden,PT45M,PT1H15M,PT2H,1999-09-11T20:35:00Z,"Serve this Italian bread, fragrant with garlic and herbs, hot from the oven - with pasta please!  :O)","""https://img.sndimg.com/food/image/upload/w_555,h_416,c_fit,fl_progressive,q_95/v1/img/recipes/69/0/picWnJQSU.jpg""",Breads,"c(""European"", ""Weeknight"", ""Oven"", ""< 4 Hours"")","c(""2"", ""2"", ""2"", ""2"", ""2"", ""1/2"", ""2"", ""2"")","c(""garlic cloves"", ""olive oil"", ""fresh parsley"", ""fresh thyme"", ""dried thyme"", ""fresh marjoram"", ""dried marjoram"", ""paprika"", ""parmesan cheese"")",4.5,5,71.8,1.7,0.3,0,134.1,11.8,0.8,0.2,2.1,NA,10 pieces,"c(""Preheat oven to 350°F."", ""In a small bowl, combine the garlic and oil, mix well."", ""In another bowl, combine parsley, thyme, marjoram and paprika."", ""Add Parmesan; mix well."", ""Cut each loaf crosswise into diagonal slices, without cutting all the way through."", ""Brush cut sides of slices with garlic oil."", ""Sprinkle herb mixture between slices."", ""Wrap each loaf in foil, place on a baking sheet.  Bake until heated through, about 10 to 15 minutes."", ""Unwrap the loaves and place them on a breadboard or in a basket.  Serve immediately."", 
""FREEZER Follow the recipe through step 2, but wrap each loaf in plastic wrap and then in foil."", ""Freeze up to 1 month."", ""To heat, preheat oven to 350°F."", ""Remove foil and plastic wrap from loaves; rewrap in foil."", ""Place on a baking sheet and bake until heated through, about 25 to 30 minutes."")"
000691,*691*,Cream of Chicken Soup With Wild Rice,1531,Mimi Hiller,PT1H5M,PT1H25M,PT2H30M,1999-09-20T19:27:00Z,"Good friend Nancy Dooley shared this with me, and it's become a family  favorite...especially good for fall and winter, but we eat it year round.",character(0),Whole Chicken,"c(""Chicken"", ""Poultry"", ""Rice"", ""Meat"", ""Winter"", ""Weeknight"", ""< 4 Hours"")","c(""8"", ""1 1/2"", ""7"", ""12"", ""2"", ""1"", ""1"", ""2"", ""3/4"", ""1/2"", ""3/4"", ""4"", ""3/4"")","c(""wild rice"", ""fryer chickens"", ""water"", ""mushrooms"", ""onion"", ""celery"", ""instant chicken bouillon granules"", ""white pepper"", ""butter"", ""all-purpose flour"", ""milk"", ""dry sherry"")",5,5,610,31.8,13.9,123,1117.6,42.6,3.2,2.9,35.2,8,NA,"c(""*I used Superior Touch Chicken Base and it was heavenly."", ""Cook wild rice according to package  directions for 30 minutes; drain off  liquid  and rinse thoroughly."", ""Set partially cooked rice aside.  In a large saucepan,  combine the chicken and water."", ""Bring to boiling,  reduce heat, and simmer for 40 minutes or until the chicken is tender."", ""Remove chicken from broth and let stand until cook enough to handle.  Skim fat from broth."", ""Strain and reserve broth."", ""Remove chicken meat from bones."", 
""Cut into bite-size pieces."", ""In the same  saucepan, cook celery and onion in hot oil for 4-5  minutes; add mushrooms and  cover and cook for 5 to 10 minutes or until  everything is tender, stirring now  and then."", ""Remove from heat.  Return broth to the saucepan."", ""Add the partially  cooked wild rice to the chicken broth mixture. Stir  in the bouillon granules  and white pepper."", ""Bring to boiling."", ""Reduce heat  and simmer, uncovered, for 15  minutes."", ""In a large separate saucepan, melt the butter."", 
""Stir in flour until it  all clings together and is smooth."", ""Add the milk all at once and stir and  cook  until it's bubbly and thick."", ""Add some hot broth mixture to the white  sauce  mixture and stir until smooth; return all to the broth mixture.  Stir in the  chicken pieces and the Sherry."", ""Heat through."")"
000692,*692*,Cream Puff Paste,1551,Sean Coate,PT1H50M,PT3H55M,PT5H45M,1999-09-07T20:26:00Z,Make and share this Cream Puff Paste recipe from Food.com.,character(0),Weeknight,"""Oven""","c(""1"", ""1"", ""1/2"", ""1/4"", ""4"", ""1"")","c(""all-purpose flour"", ""water"", ""sweet unsalted butter"", ""salt"", ""eggs"", ""egg"")",4,1,1626.3,117.1,66.3,1174,958.5,97.3,3.4,1.3,45.3,1,NA,"c(""Put water, butter or salt in a large heavy saucepan and bring to a boil."", ""Remove from heat (butter should be completely melted) and add the flour  all in one fell swoop."", ""Mix as quickly as possible with a sturdy wooden  spoon."", ""This mixture is known as a \""panade\""."", ""Return the saucepan to the  stove over the lowest possible heat. Continue to stir with the wooden  spoon while the panade dries out. This will take about 5 minutes, and a  thin crust will form on the bottom of the pan."", ""This is supposed to  happen, so don't worry about it, and don't try to scrape it up and  incorporate it into the dough, or you will have plaster chips in your  pastries."", 
""The dough should be soft, but when you pinch it between thumb  and forefinger it should not stick to your hand."", ""Dump the panade into a  bowl, and let it cool for at least 5 minutes."", ""Then add the eggs, one at a  time, beating well after each addition."", ""The mixture should be smooth and  creamy looking before you add the next egg."", ""After all 4 eggs have been  beaten in, the dough will be shiny and satiny yellow, thick and heavy."", ""Butter and flour a cookie sheet. Fill a pastry bag with the dough."", 
""If you  don't have a pastry bag, you can use a tablespoon to drop dollops of  dough onto the cookie sheet for eclairs and/or cream puffs, but you  really must have a pastry bag in order to make a cream puff ring."", ""For cream puffs, Squeeze out balls about the size of ping pong or golf  balls."", ""For eclairs, squeeze out oblongs at 3 to 4 inches long."", ""If you are using  the recipe given above, you should end up with 14 to 16 pastries."", ""Don't  succumb to the temptation to make fewer and larger ones, for they won't  cook properly if you do."", 
""Brush the tops of the pastries with beaten egg,  using the bristles of the brush to gently push down and flatten out the  little curlicues left by the pastry bag as you lifted it off."", ""Finally,  drag the tines of a dinner fork down the length of each eclair."", ""The  resulting stripes will make for a more attractive and professional  looking product. For a cream puff ring, first mark a 10\"" circle on the surface of the  buttered and floured cookie sheet. Then, using a pastry gab, squeeze out  a 1\"" wide \""halo\"" of cream puff paste right on top of the circle you've  outlined."", 
""Squeeze another 1\"" wide ring of dough adjacent to - and  touching - the first. Squeeze a third ring directly over the \""crack\""  between the other two."", ""Brush the whole thing with beaten egg, and  sprinkle a handful of thinly sliced almonds all over the top of the ring."", ""Let the cream puffs, eclairs, or cream puff ring sit and \""dry\"" for no  less than 15 and no more than 25 minutes before baking."", ""The oven should  be preheated to 375F for cream puffs and/or eclairs, and to 400F for a  cream puff ring."", 
""Bake the former at 375F for about 30 minutes, or until  they have puffed up nicely and turned golden brown."", ""Bake the latter at  400F for about 45 minutes, or until it is well puffed and golden brown."", ""Then, turn the oven off, open the door, and leave it halfway open for an  hour."", ""If it won't stay ajar by itself, prop it open by wedging something  in there. This is to allow steam to escape and to let the pastries cool  slowly and \""dry\"" as they cool so that they won't collapse or become soft  and soggy."", 
""After an hour has passed, remove the pastries from the oven."", ""They are now ready to be filled."", ""To fill individual pastries: Cut cream puffs and eclairs in half (from side to side, not from top to  bottom). Fill with whatever filling you desire. Replace lids."", ""Glaze with  icing or pour sauce on top."", ""Serve. It is wise not to fill pastries to far  in advance of the serving time. The closer the preparation time is to the  serving time, the smaller the likelihood that the pastries will begin to  soften or get soggy."", 
""To fill a cream ring:  Use a slicing knife with a long serrated blade to cut the top off a cream  puff ring."", ""Fill the bottom with praline cream (or coffee cream, or  chocolate cream) filling."", ""Fill a pastry bag with sweetened whipped cream."", ""use a nozzle with a zigzag edge (like pinking shears) to squeeze out a  layer of fancy puff-balls of whipped cream all over the layer of praline  cream filling."", ""Finally, replace the lid and dust the top with 10X  powdered confectioners' sugar."", ""Keep the cream puff ring in a cool dry  place until serving time.                  - - - - - - - - - - - - - - - - - -                     *  Exported from  MasterCook  *                            PRALINE FILLING Recipe By     : Homemade Good News (Vol 3 No 3) Serving Size  : 1    Preparation Time :0:00 Categories    : Pastries Amount  Measure       Ingredient -- Preparation Method --------  ------------  --------------------------------  1      cup           10X powdered confectioners' sugar    1/2  cup           almonds Make the vanilla custard cream."", 
""Place the sugar and nuts in a heavy saucepan and place over medium heat.  Stir constantly with a wooden spoon."", ""It will take a while for the sugar  to melt because there is no water or other liquid in the pot. Keep on  stirring! As soon as the sugar melts, it will turn into caramel."", ""Immediately remove from heat and pour the caramel onto an oiled marble  slab (if you have one) or onto an oiled cookie sheet (if you don't).  Allow it to cool."", ""When the candy has cooled, it will be hard and brittle.  Break it into pieces, place the pieces in your blender or food processor,  and grind them up into powder."", 
""Fold the praline powder into the vanilla  custard cream."", ""- - - - - - - - - - - - - - - - - -  NOTES : This is for Cream Puff Ring                    *  Exported from  MasterCook  *                            CHOCOLATE ICING Recipe By     : Homemade Good News (Vol 3 No 3) Serving Size  : 1    Preparation Time :0:00 Categories    : Frostings, Fillings, & Icings Amount  Measure       Ingredient -- Preparation Method --------  ------------  --------------------------------  3      ounces        bitter (unsweetened) chocolate  3      ounces        semi-sweet chocolate    3/4  cup           cream (heavy cream is best, but is so hard                       to come by that unless you have your own                       dairy you will probably have to use                       whipping cream)                       enough water to thin icing to desired                       consistency (1 or 2 Tbsp) Melt the chocolate in the cream over low heat, stirring with a wooden  spoon."", 
""Bring to a boil."", ""cool to lukewarm."", ""Add water as desired."", ""Spoon  over eclair or cream puffs."", ""- - - - - - - - - - - - - - - - - -  NOTES : This is a glaze for eclairs or sauce for cream puffs."", ""If you pour the icing while it is still hot, it will run off the surface  of the eclairs or cream puffs instead of sticking."", ""It should be warm when  you pour it. For a sweeter icing, increase the amount of semi-sweet chocolate and  decrease the amount of bitter chocolate. Kim C."")"
000693,*693*,Creamed Tuna,1539,opal Fitzgerald,NA,PT15M,PT15M,1999-09-07T20:30:00Z,This is a quick way of fixing it and one that I have used for years as a quick lunch or supper.  Add a salad and drink and it equals a good meal.,character(0),Lunch/Snacks,"c(""Tuna"", ""Low Cholesterol"", ""Healthy"", ""< 15 Mins"", ""Easy"")","c(""1"", ""1"", ""1/2"", ""1"")","c(""tuna"", ""milk"", ""pimientos"")",4.5,17,292.2,15.1,4.5,43.5,980.8,12.4,0,2.1,25.8,2,NA,"c(""Mix soup and milk until well blended, heat until very hot (do not boil) add tuna and pimientos."", ""Heat  until hot and serve over toast or biscuits."", ""Garnish with a couple of small sweet pickles (goes great with this)."")"
000694,*694*,Creamy Mushroom and Onion Rotini,1555,Cindy Hartlin,PT16M,PT10M,PT26M,1999-09-13T14:12:00Z,Make and share this Creamy Mushroom and Onion Rotini recipe from Food.com.,character(0),Low Cholesterol,"c(""Healthy"", ""< 30 Mins"")","c(""4"", ""1"", ""2"", ""2"", ""1"", ""1"", ""1/2"", ""1/4"", ""1/4"", ""2/3"", ""1/3"", ""1/4"", NA)","c(""rotini pasta"", ""bacon"", ""garlic"", ""cooking onion"", ""mushroom"", ""dried thyme leaves"", ""salt"", ""pepper"", ""dry white wine"", ""fresh parsley"")",NA,NA,365.7,8.1,2.9,12.2,158.7,58.8,3.4,4.5,13.2,6,NA,"c(""Cook rotini pasta according to package directions."", ""In large skillet, heat oil over medium heat.  Add bacon and cook until translucent.  Stir in garlic, onion and mushrooms."", ""Cook, stirring occasionally, for 5 minutes or until mushrooms begin to brown."", ""Increase heat to high and stir in thyme, salt and pepper."", ""Stir in cream, stock and wine.  When mixture boils, reduce heat and simmer for 1 minute. Add hot drained pasta and toss."", ""Garnish with chopped fresh parsley and serve immediately.""
)"
000695,*695*,Auntie Bettys Double Chocolate Cheesecake,1549,Dave5003,PT1H20M,PT1H35M,PT2H55M,1999-08-16T06:13:00Z,Make and share this Auntie Bettys Double Chocolate Cheesecake recipe from Food.com.,character(0),Cheesecake,"c(""Dessert"", ""Weeknight"", ""Oven"", ""< 4 Hours"")","c(""1/2"", ""1/4"", ""1/2"", ""3"", ""1"", ""4"", ""12"", ""2"", ""2"", ""3"", ""1"")","c(""butter"", ""cream cheese"", ""sugar"", ""eggs"", ""vanilla extract"", ""sour cream"", ""sugar"", ""vanilla"")",NA,NA,921.2,70,39.5,240,403.9,67.9,3.5,56,14.4,8,NA,"c(""CRUST     Roll out chocolate cream wafers on wax paper."", ""Mix crumbled wafers,  butter and nuts in the bottom of a 10\"" spring form pan."", ""Using a piece of wax paper, press mixture evenly in the bottom of the pan."", ""Place pan in refrigerator or freezer while preparing the filling."", ""FILLING     Preheat oven to 350 degrees."", ""In a large bowl beat cream cheese until fluffy."", ""Gradually add sugar."", ""Beat in eggs one at a time until well blended."", ""Stir in chocolate and vanilla."", ""Mix well."", 
""Pour on top of  prepared crust and bake 50 minutes."", ""Remove from oven."", ""Turn oven off and close door."", ""TOPPING     Combine sour cream, sugar and vanilla."", ""Spread over cheesecake.   Return to oven, but do not reheat oven."", ""Leave in warm oven for 10 minutes with the door closed."", ""Open door and leave cake in oven for an additional 20 minutes."", ""Remove cake from oven."", ""Allow cake to cool on wire rack."", ""FINAL TOUCH     Freeze Hershey bar."", ""When cake is cooled, shave frozen chocolate on  top of cake.  Refrigerate overnight.""
)"
000696,*696*,Creme Brulee,1530,Carole Reu,PT1H10M,PT2H45M,PT3H55M,1999-08-11T19:37:00Z,Make and share this Creme Brulee recipe from Food.com.,"""https://img.sndimg.com/food/image/upload/w_555,h_416,c_fit,fl_progressive,q_95/v1/img/recipes/69/6/picOtEPc4.jpg""",Dessert,"c(""European"", ""Free Of..."", ""Weeknight"", ""Oven"", ""< 4 Hours"")","c(""3"", ""1"", ""1/4"", ""3"", ""3"", ""1/2"", NA, ""1"", ""4 1/2"", ""4 1/2"", ""1"", ""3"", ""2"", ""1"", ""2"", ""2"")","c(""heavy cream"", ""vanilla bean"", ""sugar"", ""eggs"", ""dark brown sugar"", ""fresh raspberry"", ""vanilla bean"", ""baking chocolate"", ""pecans"", ""brazil nut"", ""coffee beans"", ""bananas"", ""butter"", ""brandy"", ""brown sugar"")",5,5,573.3,48.5,28.9,363.2,91,30,0,26.3,6.8,6,NA,"c(""Preheat oven to 300°F."", ""In top of double boiler over hot water, heat cream,  vanilla bean and sugar to almost boiling."", ""Lower heat and simmer for 1 minute.   Remove from heat. Beat eggs and egg yolks."", ""Pour cream mixture in a thin stream  into eggs, stirring constantly."", ""Return to double boiler."", ""Cook over medium  heat, stirring with a wooden spoon, for 3 to 4 minutes or until custard coats  back of spoon."", ""Remove vanilla bean."", ""Pour into 6 custard dishes or 4 to 5 cup  flame proof serving dish."", 
""Set dishes in a large pan of hot water on middle rack of oven."", ""(Hot water should be level with custard.)  Bake for 35 to 45 minutes,  or until center of custard is set.  Remove custard from water and cool."", ""Cover  and chill."", ""To serve, sift brown sugar on top of creme.  Place dish into bowl of crushed ice.  Leaving door open, place under broiler at least 6\"" from flame  until hard crust of caramelized sugar is formed."", ""Serve immediately or chill  until serving time.  Pass bowl of fresh raspberries along with creme for the  perfect topping."", 
""Add a spoonful of whipped creme to the custard, if desired."", ""VARIATIONS, FLAVORED CREME BRULEE:"", ""Vanilla Bean:"", ""Add 1 pod for 3 cups of cream."", ""Break it open lengthwise or simply pierce it, and put it into liquid before it boils."", ""Chocolate:"", ""Add 4 1/2 oz cooking chocolate for each 3 cups of cream, melted in  warm liquid."", ""Praline:"", ""Add 4 1/2oz pralines to each 3 cups of cream after it is cooked."", ""Nuts:"", ""Add 1 cup finely chopped pecans or brazil nuts for 3 cups cream after it  is cooled."", 
""Coffee:"", ""Use 3 oz coffee beans (Espresso, French Roast, etc -- ) finely ground,  then grilled in a pan of 3 cups cream."", ""Add to boiling liquid; infuse for 15  minutes, then strain."", ""Bananas:"", ""Mash 2 soft bananas; saute in 1 tbsp butter."", ""Add 2 tbsp brandy and 2  tsp brown sugar."", ""Cook for 5 minutes."", ""Pat down on bottom of creme brulee pan  before adding liquid."", ""NOTES :"", ""Use a double boiler to scald the cream unless you have a heavy  saucepan.   Use very low heat.  Milk scorches easily and, when scorched, should  be thrown out."", 
""Beat eggs or egg yolks with a wire whisk or beater.   Add sugar gradually and continue whipping until it is thoroughly mixed inches."", ""NEVER add eggs directly to a hot mixture. (unless you like scrambled eggs in cream.)  Pour some of the hot liquid into the eggs while stirring briskly, then  return the warmed combination to the remaining hot liquid in the pan."", ""Stir the custard constantly over low heat until it acquires body.   Test it  by letting it run off the back of a spoon; if a light coating clings to the  spoon, the custard is finished."", 
""Stir the custard occasionally as it cools to prevent a surface skin from  forming.   When it is cool, chill it, covered lightly with a clean dish towel, in the refrigerator."")"
000697,*697*,Green and Gold Chowder,1543,Doreen Randal,PT13M,PT25M,PT38M,1999-08-13T14:00:00Z,Make and share this Green and Gold Chowder recipe from Food.com.,character(0),Chowders,"""< 60 Mins""","c(""450"", ""425"", ""1"", ""50"", ""3"", ""100"", ""100"", ""100"")","c(""milk"", ""bay leaf"", ""butter"", ""flour"", ""onions"", ""frozen green beans"")",NA,NA,1328.5,60.7,36.2,333.3,5702,53.8,5,5.6,138.3,NA,1 batch,"c(""Arrange fish in a shallow dish in a single layer."", ""Add half the milk and bay leaf, cover and cook on HIGH for 7 minutes, until it can be flaked."", ""Reserve cooking liquid."", ""Flake fish, discarding skin and bones."", ""Cut the beans into 2 1/2 cm pieces and the baby corn in half if large. Place the butter in a microwave safe bowl cover and microwave on HIGH until melted."", ""Stir in the flour and whisk in the fish cooking liquid and the remaining milk, a little at a time, until mixture is smooth."", 
""Mix the vegetables into the sauce.  Cover and cook on HIGH for 6 1/2 minutes, stir in fish and pepper to taste and cook for a further 2 minutes, until vegetables are cooked, stirring twice."")"
000705,*705*,Tortilla Peach Cobbler,1530,Carole Reu,PT25M,PT5M,PT30M,1999-08-26T04:02:00Z,Make and share this Tortilla Peach Cobbler recipe from Food.com.,character(0),Dessert,"c(""Fruit"", ""< 30 Mins"", ""Oven"")","c(""1/2"", ""1"", ""16"", ""1"", ""2"", ""1"", NA)","c(""sugar"", ""cornstarch"", ""candied ginger"", ""white flour tortillas"", ""wheat flour tortillas"", ""sugar"")",4.5,2,232.6,2.1,0.5,0,146.7,52.6,2.4,38,2.9,4,NA,"c(""Preheat oven to 400 and lightly spray an 8 or 9\"" round cake pan."", ""In a mixing bowl, stir together sugar and cornstarch."", ""Add peaches with juice and ginger."", ""Toss to combine evenly."", ""Spread 1/2 of the peach mixture evenly into prepared pan."", ""Arrange 1/2 of the tortilla strip over peaches."", ""Top with remaining peach mixture.  Arrange remaining tortilla strips over peaches in a lattice pattern."", ""Lightly spray lattice with cooking spray and sprinkle with sugar and almonds, if desired."", 
""Bake 25 minutes until filling is bubbly throughout and top is browned."")"
000707,*707*,"Tricolor Crustless ""Quiche""",39547,Julesong,NA,PT0S,PT0S,1999-08-08T01:39:00Z,"Make and share this Tricolor Crustless ""Quiche"" recipe from Food.com.",character(0),Savory Pies,"c(""Breakfast"", ""Vegetable"", ""European"", ""Spring"", ""Summer"", ""< 15 Mins"", ""Oven"")","c(""2/3"", ""6"", ""3"", ""8"", ""8"", ""7 -8"", ""1"", ""1/2"", ""4"", ""1/2"", ""1"", NA)","c(""spinach"", ""carrots"", ""potatoes"", ""low-fat cream cheese"", ""cream cheese"", ""swiss cheese"", ""all-purpose flour"", ""milk"", ""eggs"", ""white pepper"", ""hot paprika"")",5,2,508.2,27,16.1,183.4,362.9,46.6,5.9,4.3,21.3,NA,NA,"c(""Preheat oven to 375 degrees F (190 C)."", ""For frozen spinach:  cook over low heat until liquid evaporates.  Fresh spinach:  wash and boil only in water clinging to the leaves until tender.  Drain, chop, and place in bowl."", ""In a separate bowl, mash the cooked carrots."", ""In another bowl, mash the cooked potatoes."", ""In yet another bowl, mix the cheeses, flour, milk, eggs, white pepper, paprika, salt, and pepper."", ""Divide into 3 equal portions and place a portion into each of the other bowls of spinach, carrot, and potatoes."", 
""Mix contents of all three bowls well."", ""Butter a deep 14x4-inch pan."", ""Spoon in potato mixture and bake in 375 degrees F (190 C) for 8 minutes."", ""Spoon in the carrot mixture and bake 8 more minutes."", ""Now spoon in the spinach mixture and bake 45 minutes or until everything sets."", ""Turn off the oven, but leave the quiche in the oven for 5 minutes."", ""Remove from oven, then let cool for at least 5 minutes before serving."")"
000712,*712*,Twice Baked Potatoes II,1777,Brewer,PT30M,PT15M,PT45M,1999-09-15T04:35:00Z,Make and share this Twice Baked Potatoes II recipe from Food.com.,character(0),Potato,"c(""Vegetable"", ""Low Protein"", ""Low Cholesterol"", ""Healthy"", ""< 60 Mins"", ""Oven"", ""Easy"")","c(""6"", ""3 -4"", ""2"", ""1/2"")","c(""potatoes"", ""milk"", ""margarine"", ""cheddar cheese"")",4,1,120.3,3.7,1.5,5.5,59.7,18.9,2.3,0.9,3.5,NA,12 halves,"c(""Bake potatoes until almost done. Remove from oven and let cool long enough so that you can handle them."", ""Cut them in half lengthwise and scoop out the insides and place in a bowl."", ""Mash the potatoes with a masher, add some milk (for 6 potatoes I add about 3-4 tbsp.) and about 2 tablespoons of margarine."", ""Mash some more to mix in the milk and margarine. Add about 1/2 cup of grated cheddar cheese , how much depends on how cheesy you want them, and mix the cheese in thoroughly."", ""Place the potato mixture back into the skins and bake at 350% for about 30 minutes.""
)"
000714,*714*,No Bake Chocolate Cookies,1643,Mutende,NA,PT10M,PT10M,1999-09-17T04:43:00Z,Make and share this No Bake Chocolate Cookies recipe from Food.com.,character(0),Dessert,"c(""Cookie & Brownie"", ""< 15 Mins"", ""Easy"")","c(""750"", ""500"", ""75"", ""250"", ""2"", ""2"", ""125"", ""125"", ""1"")","c(""rolled oats"", ""sugar"", ""milk"", ""butter"", ""margarine"", ""vanilla essence"", ""salt"")",NA,NA,2522.8,136.6,44.5,95.2,1569.7,265.6,48.1,32.3,72.9,NA,1 batch,"c(""Simmer sugar, milk, butter, cocoa and salt over a low heat until well blended, then add rolled oats, chopped nuts, coconuts and vanilla and remove from heat."", ""Beat mixture well until stiff, then drop in spoon-fuls onto greased baking sheet."", ""Leave until set."")"
000715,*715*,Unusual Chicken,1697,Alan1,NA,PT0S,PT0S,1999-09-21T05:54:00Z,Make and share this Unusual Chicken recipe from Food.com.,character(0),Chicken,"c(""Poultry"", ""Meat"", ""Very Low Carbs"", ""Low Protein"", ""Low Cholesterol"", ""< 15 Mins"", ""Deep Fried"")","c(NA, NA, NA, NA, NA, NA, NA, NA, NA, NA, NA, NA, NA, NA)","c(""chicken piece"", ""chili powder"", ""ginger"", ""salt"", ""garam masala"", ""soy sauce"", ""plain yogurt"", ""curry leaf"", ""ginger"", ""garlic"", ""green chili"", ""spring onion"", ""coriander leaves"")",NA,NA,0,0,0,0,0,0,0,0,0,1,NA,"c(""Mix together and marinate chicken for about 5 to 6 hours or overnight in a covered dish in the refrigerator."", ""Add one beaten egg and corn flour to cover. Place some ground nut oil in a wok heat oil and deep fry on a low heat. The meat is now ready to eat."", ""If a hotter dish is required: Take some curry leaves, ginger, garlic, green chilies, spring onions, coriander leaves. Place all the above in a wok with hot oil and fry for a couple of minutes."", ""Add some yogurt and tomato sauce and stir. Now add the chicken and some red food coloring and stir fry again to cover all the meat with the sauce.""
)"
000719,*719*,Vegetarian Baked Stuffed Red Bell Peppers,1556,Strawberry Girl,PT20M,PT0S,PT20M,1999-09-06T16:27:00Z,Make and share this Vegetarian Baked Stuffed Red Bell Peppers recipe from Food.com.,"c(""https://img.sndimg.com/food/image/upload/w_555,h_416,c_fit,fl_progressive,q_95/v1/img/recipes/71/9/picrBWj6Y.jpg"", ""https://img.sndimg.com/food/image/upload/w_555,h_416,c_fit,fl_progressive,q_95/v1/img/recipes/71/9/picQHo8WM.jpg"", ""https://img.sndimg.com/food/image/upload/w_555,h_416,c_fit,fl_progressive,q_95/v1/img/recipes/71/9/picjC8vMo.jpg"", ""https://img.sndimg.com/food/image/upload/w_555,h_416,c_fit,fl_progressive,q_95/v1/img/recipes/71/9/pic33731M.jpg"", ""https://img.sndimg.com/food/image/upload/w_555,h_416,c_fit,fl_progressive,q_95/v1/img/recipes/71/9/pickEXqJC.jpg""
)",< 30 Mins,"""Oven""","c(""1/2"", ""1"", ""4"", ""3"", ""1"", ""1/2"", ""1/2"", ""1/4"", ""2"", ""1/4"", ""1"", ""1"", ""1/2"")","c(""long-grain rice"", ""salt"", ""sweet peppers"", ""butter"", ""margarine"", ""onion"", ""celery"", ""sunflower seeds"", ""parsley"", ""eggs"", ""dried oregano leaves"", ""black pepper"", ""sharp cheddar cheese"")",4.5,17,423.6,25.5,10.1,130.7,803.5,36.1,6.3,9.1,14.3,4,NA,"c(""Cook rice in 1-1/2 cups boiling salted water for 35 minutes or until tender."", ""Drain if necessary."", ""Set aside. Cut peppers in half."", ""Remove seeds and white  membrane.  Parboil peppers in boiling salted water for 5 minutes."", ""Arrange in  slightly oiled, shallow 1-1/2 quart baking dish."", ""Melt butter in small skillet.   Add onion, celery, and sunflower seeds."", ""Saute until onion is tender."", ""Remove  from heat.  Stir into rice.  Add parsley, eggs, oregano, jalapeno pepper, black  pepper, and salt to taste.  Fill peppers with mixture.  Sprinkle cheese on top."", 
""Put about 1/3 cup hot water in bottom of dish."", ""(I use the water used to parboil the peppers.)  Bake at 400  F for about 20 minutes."")"
000720,*720*,Chili With Biscuits,1530,Carole Reu,PT12M,PT45M,PT57M,1999-09-08T05:35:00Z,Make and share this Chili With Biscuits recipe from Food.com.,character(0),Beans,"c(""Low Protein"", ""Low Cholesterol"", ""Healthy"", ""< 60 Mins"", ""Stove Top"")","c(""14 1/2"", ""14 1/2"", ""14 1/2"", ""15"", ""15"", ""2"", ""1"", ""1/2"", ""1/2"", ""2"", ""1"", ""1/2"", ""1/4"", ""3/4"", ""1/2"", ""1/2"", ""1 1/2"", ""1/8"", ""1/2"", ""1/4"")","c(""garbanzo beans"", ""kidney beans"", ""celery"", ""onion"", ""apple cider"", ""low sodium chicken broth"", ""chili powder"", ""garlic"", ""dried oregano"", ""pepper"", ""nonfat cheddar cheese"", ""all-purpose flour"", ""whole wheat flour"", ""baking powder"", ""salt"", ""skim milk"", ""low-fat sour cream"")",NA,NA,200.2,2.4,0.8,3.3,458.2,37,7,3.6,8.8,8,NA,"c(""Stir together undrained tomatoes, garbanzo beans, kidney beans, celery, onion,  apple juice, chicken broth, chili powder, garlic, oregano, and pepper in a 4  quart Dutch oven or kettle.  Bring to boiling; reduce heat. Sour Cream Biscuits: stir together both flours, baking powder, and salt in a medium bowl."", ""Add milk  and sour cream,  stirring until just moistened."", ""Drop biscuit dough in 8 mounds  onto simmering soup mixture.  Cook, covered, about 12 minutes or until a  toothpick inserted into biscuits comes out clean."", 
""Ladle soup into soup bowls."", ""Place a biscuit on top of each serving and sprinkle with cheese."")"
000721,*721*,Vidalia Onion Casserole,1746,Mr. Bill,NA,PT0S,PT0S,1999-08-21T10:46:00Z,Make and share this Vidalia Onion Casserole recipe from Food.com.,character(0),Vegetable,"c(""< 15 Mins"", ""Oven"")","c(""3"", ""1/4"", ""1"", ""2"", ""2"", ""3/4"", NA, ""3/4"")","c(""butter"", ""herb stuffing mix"", ""butter"", ""eggs"", ""milk"", ""cheddar cheese"")",4.5,5,354.4,28.5,17.2,180.2,315.2,14.7,1.7,5.5,11.2,4,NA,"c(""Preheat oven to 350F."", ""Cut onions in quarters and slice very thin."", ""Set aside.     Melt 1/4 cup butter in saucepan and pour over stuffing."", ""Mix   thoroughly and line 1 quart casserole dish with stuffing mixture.     Melt 2 tablespoons butter in pan and saute onions until tender."", ""Pour   over stuffing in casserole dish."", ""Mix eggs, milk, salt and pepper."", ""Pour mixture over onions and   sprinkle cheese over top."", ""Bake for 45 minutes or until slightly   brown."")"
000730,*730*,Lemon Whipped Cream,1530,Carole Reu,NA,PT5M,PT5M,1999-08-13T12:52:00Z,Make and share this Lemon Whipped Cream recipe from Food.com.,"""https://img.sndimg.com/food/image/upload/w_555,h_416,c_fit,fl_progressive,q_95/v1/img/recipes/73/0/picbovOuH.jpg""",Low Protein,"c(""Free Of..."", ""< 15 Mins"", ""For Large Groups"", ""Easy"")","c(""1"", ""4"", ""4"", ""2"")","c(""heavy cream"", ""sugar"", ""lemon juice"", ""lemons, zest of"")",5,3,21.5,1.8,1.1,6.8,1.9,1.3,0,1.1,0.1,48,NA,"c(""Whip heavy cream."", ""Fold in sugar, lemon juice and zest."")"
000736,*736*,Whole Grain Buttermilk Pancakes,1530,Carole Reu,NA,PT0S,PT0S,1999-09-07T20:50:00Z,Make and share this Whole Grain Buttermilk Pancakes recipe from Food.com.,character(0),Breakfast,"""< 15 Mins""","c(""2/3"", ""1/4"", ""1"", ""1"", ""1 1/2"", ""1/4"", ""1/4"", ""1"", ""2"", ""2"", NA)","c(""whole wheat flour"", ""cornmeal"", ""brown sugar"", ""baking powder"", ""baking soda"", ""salt"", ""buttermilk"", ""eggs"")",5,11,61.5,2,0.5,36.1,154.2,8.9,1.2,2.2,3,12,NA,"c(""In a medium size bowl, combine the whole wheat flour, oat bran, cornmeal, sugar, baking powder and baking soda, and salt.  In another bowl, combine the  buttermilk, egg yolks and oil."", ""In a large bowl, beat the egg whites until stiff  peaks form."", ""Stir in the buttermilk mixture into the flour mixture.  Fold in the egg whites."", ""Lightly coat a skillet with cooking spray and set over moderate  heat.  When the skillet is hot, cook the pancakes 4 at a time, using 1/4 cup  batter for each."", ""Cook for about 2 minutes on one side or until bubbles appear  on the surface; turn, then cook 2 minutes or until golden brown on each side and cook through.""
)"
000742,*742*,Yolkless Noodles,1530,Carole Reu,NA,PT0S,PT0S,1999-08-18T05:00:00Z,Make and share this Yolkless Noodles recipe from Food.com.,character(0),Low Cholesterol,"c(""Healthy"", ""< 15 Mins"")","c(""2"", ""1/2"", ""2"", ""1/3"", ""2"", ""3"")","c(""all-purpose flour"", ""salt"", ""water"", ""olive oil"", ""all-purpose flour"")",5,3,138.2,1.5,0.2,0,160,26.1,0.9,0.1,4.4,8,14 oz. fresh pasta,"c(""In a large mixing bowl stir together the 2 cups flour and salt.  Make a well in  the center of the dry mixture.  In a small mixing bowl combine egg white, water, and oil."", ""Add to the dry mixture.  Mix well."", ""Sprinkle kneading surface with 1  Tbsp of the remaining flour."", ""Turn dough out onto floured surface.  Knead till  dough is smooth and elastic (8 to 10 minutes total), adding 1 to 2 Tbsp  additional flour as needed."", ""Cover and let the dough rest for 10 minutes."", ""Divide dough into 4 equal portions."", 
""On a lightly floured surface, roll each  portion into a 12\"" square, (about 1/16\"" thick).  Let stand, uncovered, about 20  minutes."", ""Loosely roll up dough jelly-roll style; cut into 1/4\"" wide strips."", ""Shake the strands to separate and cut into 2 to 3\"" lengths."", ""If using a pasta  machine, pass each portion through machine according to manufacturer's  directions till dough is 1/16\"" thick."", ""Cut into 1/4\"" wide strips."", ""Cut strips  into 2 to 3\"" lengths."", ""To store cut noodles, spread them on a wire cooling rack."", 
""Let noodles dry overnight or till completely dry; place in an airtight container and refrigerate for up to 3 days."", ""Or, dry the noodles for at least 1 hour and  seal in  a freezer bag or freezer container; freeze up to 8 months."", ""Cook  noodles for 1 1/2 to 2 minutes or till tender but still firm, allowing a few  more minutes for dried or frozen noodles."", ""Drain noodles well."")"
000744,*744*,Yorkshire Pudding Popovers,1712,Ian  Carol Rice,NA,PT0S,PT15M,1999-08-22T05:48:00Z,"This recipe comes from Brian Turner, the greatest living Yorkshire chef. It's chief glory is that all the measurements are by volume so adjusting it to  suit larger or smaller groups is dead easy. I always use a yogurt container to  measure it but you could use a bucket if you've a large group for which to  cater.","c(""https://img.sndimg.com/food/image/upload/w_555,h_416,c_fit,fl_progressive,q_95/v1/img/recipes/74/4/jbir8X7cRBqn8agb8XLb_pudding.JPG"", ""https://img.sndimg.com/food/image/upload/w_555,h_416,c_fit,fl_progressive,q_95/v1/img/recipes/74/4/picGMFUy4.jpg"", ""https://img.sndimg.com/food/image/upload/w_555,h_416,c_fit,fl_progressive,q_95/v1/img/recipes/74/4/bxgCjMS6Kg12nxg8dXjg_pudding.JPG"", ""https://img.sndimg.com/food/image/upload/w_555,h_416,c_fit,fl_progressive,q_95/v1/img/recipes/74/4/QI7GrotSzyVrAAVDDVFo_pudding.JPG"", 
""https://img.sndimg.com/food/image/upload/w_555,h_416,c_fit,fl_progressive,q_95/v1/img/recipes/74/4/pic8SPoNe.jpg"", ""https://img.sndimg.com/food/image/upload/w_555,h_416,c_fit,fl_progressive,q_95/v1/img/recipes/74/4/pic6iyXwL.jpg"", ""https://img.sndimg.com/food/image/upload/w_555,h_416,c_fit,fl_progressive,q_95/v1/img/recipes/74/4/picvosmPv.jpg"", ""https://img.sndimg.com/food/image/upload/w_555,h_416,c_fit,fl_progressive,q_95/v1/img/recipes/74/4/picBnV5D5.jpg"", ""https://img.sndimg.com/food/image/upload/w_555,h_416,c_fit,fl_progressive,q_95/v1/img/recipes/74/4/picmQkrBy.jpg"", 
""https://img.sndimg.com/food/image/upload/w_555,h_416,c_fit,fl_progressive,q_95/v1/img/recipes/74/4/picxNMKeS.jpg"", ""https://img.sndimg.com/food/image/upload/w_555,h_416,c_fit,fl_progressive,q_95/v1/img/recipes/74/4/picYfgCuN.jpg"", ""https://img.sndimg.com/food/image/upload/w_555,h_416,c_fit,fl_progressive,q_95/v1/img/recipes/74/4/pic1QenxQ.jpg"", ""https://img.sndimg.com/food/image/upload/w_555,h_416,c_fit,fl_progressive,q_95/v1/img/recipes/74/4/picTtNBwA.jpg"", ""https://img.sndimg.com/food/image/upload/w_555,h_416,c_fit,fl_progressive,q_95/v1/img/recipes/74/4/picyaCTVA.jpg"", 
""https://img.sndimg.com/food/image/upload/w_555,h_416,c_fit,fl_progressive,q_95/v1/img/recipes/74/4/picWqHrHJ.jpg"", ""https://img.sndimg.com/food/image/upload/w_555,h_416,c_fit,fl_progressive,q_95/v1/img/recipes/74/4/picwfqL3U.jpg"", ""https://img.sndimg.com/food/image/upload/w_555,h_416,c_fit,fl_progressive,q_95/v1/img/recipes/74/4/piciprU8u.jpg"")",European,"c(""< 15 Mins"", ""Oven"", ""Easy"")","c(""1"", ""1"", ""1"", NA)","c(""plain flour"", ""egg"", ""milk"", ""salt"")",5,102,239.7,8.3,3.3,234.5,116.8,27.1,0.8,0.3,12.9,4,NA,"c(""Preheat the oven to hot (425F/220C/Gas 7)"", ""Put a teaspoonful of oil or  dripping in each of several muffin tins or, to be truly Yorkshire, a couple of  tablespoonsful in a larger roasting tin and place in the oven until the fat is  really hot and beginning to smoke.  Meanwhile combine the rest of the  ingredients and beat to form a batter of the consistency of double cream."", ""If  you wish you can add mixed dried herbs to add a savoury flavour."", ""When the fat  is smoking take the tin out of the oven and place it over a low light so that it doesn't cool as you add the batter."", 
""Pour in the batter If you're using muffin  tins don't over fill."", ""Remember that the puddings will rise and puff up."", ""Put  the tin back into the top of the oven as soon as possible and leave for about  20-25 minutes by which time they will be puffed up and crisp."", ""When my  grandmother used to make Yorkshire pudding to go with the Sunday  roast we would eat it in the true Yorkshire way."", ""That is, as a first course with just a  savoury gravy poured over it.  After all, the idea of Yorkshire pudding is to  fill you up so that you don't want so much of the more expensive meat!  If there was any of the pudding left over as a treat we  kids would have it as a desert  with Golden Syrup poured over it. Servings: 4 Ian Rice (Yorkshireman)""
)"
000747,*747*,Zesty Fried Chicken,1530,Carole Reu,PT35M,PT10M,PT45M,1999-09-03T07:50:00Z,Make and share this Zesty Fried Chicken recipe from Food.com.,"c(""https://img.sndimg.com/food/image/upload/w_555,h_416,c_fit,fl_progressive,q_95/v1/img/recipes/74/7/picrfPgnB.jpg"", ""https://img.sndimg.com/food/image/upload/w_555,h_416,c_fit,fl_progressive,q_95/v1/img/recipes/74/7/picSDm3Zv.jpg"")",Chicken Breast,"c(""Chicken"", ""Poultry"", ""Meat"", ""< 60 Mins"", ""Deep Fried"", ""Easy"")","c(""2"", ""1"", ""1/2"", ""1/2"", ""1/2"", ""1/4"", ""4"", NA)","c(""cornmeal"", ""paprika"", ""salt"", ""garlic powder"", ""pepper"", ""cumin"", ""boneless skinless chicken breast halves"")",4.5,10,152.4,3.3,0.7,75.5,429.8,3.8,0.6,0.1,25.6,4,NA,"c(""Combine cornmeal, paprika, salt, garlic, powder, pepper, and cumin in a shallow  dish or on a sheet of waxed paper."", ""Rinse chicken, do not pat dry; coat chicken  evenly on all sides with the cornmeal mixture."", ""Spray an unheated large skillet  with cooking spray."", ""Preheat skillet over medium high heat."", ""Add chicken; cook  for 8 to 10 minutes or until tender and no longer pink, turning occasionally to brown evenly on all sides."")"
000749,*749*,Zucchini Lasagna (Lasagne) - Low Carb,1535,Marg CaymanDesigns,PT40M,PT20M,PT1H,1999-09-14T04:32:00Z,"Great for anyone going low carb OR who has so many zucchini, they don't know what to do!! :) We found the sauce to be very mild. I think it would be better with twice as much garlic. I boiled my zucchini slices for about 3 minutes so they were partially cooked. I wanted to make sure they were soft in the finished dish or I knew the kids wouldn't eat them. ;) The cottage cheese provides a slightly tangy note. I think we would have preferred ricotta, but that is personal taste. I use my 11x7 baking dish and got 6 pieces the size of what you see in my photos. Both of the guys ate two so it fed 4 of us, and I double the meat. Adjust the recipe accordingly for your family.","c(""https://img.sndimg.com/food/image/upload/w_555,h_416,c_fit,fl_progressive,q_95/v1/img/recipes/74/9/hctvbRoQFSW9CZ4FVcin_ZL%204%20-%20final_1.png"", ""https://img.sndimg.com/food/image/upload/w_555,h_416,c_fit,fl_progressive,q_95/v1/img/recipes/74/9/zB8YgU9FQSe7XWYyhm2d_ZL%208%20-%20final_5.png"", ""https://img.sndimg.com/food/image/upload/w_555,h_416,c_fit,fl_progressive,q_95/v1/img/recipes/74/9/YvjCHHfTbC59A9IjhLWD-image.jpg"", ""https://img.sndimg.com/food/image/upload/w_555,h_416,c_fit,fl_progressive,q_95/v1/img/recipes/74/9/picoMwziz.jpg"", 
""https://img.sndimg.com/food/image/upload/w_555,h_416,c_fit,fl_progressive,q_95/v1/img/recipes/74/9/kb7mDI1uQ72JNLbKd1Mc_20150721_192623.jpg"", ""https://img.sndimg.com/food/image/upload/w_555,h_416,c_fit,fl_progressive,q_95/v1/img/recipes/74/9/ArzOJQr2QmmN35L2qZWj_20150721_195351.jpg"", ""https://img.sndimg.com/food/image/upload/w_555,h_416,c_fit,fl_progressive,q_95/v1/img/recipes/74/9/PxU4e6FRwOqKoUyvzfWb-image.jpg"", ""https://img.sndimg.com/food/image/upload/w_555,h_416,c_fit,fl_progressive,q_95/v1/img/recipes/74/9/L2zYMP2RU6zHv15EausC-image.jpg"", 
""https://img.sndimg.com/food/image/upload/w_555,h_416,c_fit,fl_progressive,q_95/v1/img/recipes/74/9/picTlILMx.jpg"", ""https://img.sndimg.com/food/image/upload/w_555,h_416,c_fit,fl_progressive,q_95/v1/img/recipes/74/9/picKsHpNc.jpg"", ""https://img.sndimg.com/food/image/upload/w_555,h_416,c_fit,fl_progressive,q_95/v1/img/recipes/74/9/picMW173k.jpg"", ""https://img.sndimg.com/food/image/upload/w_555,h_416,c_fit,fl_progressive,q_95/v1/img/recipes/74/9/pic4r9eJB.jpg"", ""https://img.sndimg.com/food/image/upload/w_555,h_416,c_fit,fl_progressive,q_95/v1/img/recipes/74/9/picC5bIgM.jpg"", 
""https://img.sndimg.com/food/image/upload/w_555,h_416,c_fit,fl_progressive,q_95/v1/img/recipes/74/9/picX1EEP6.jpg"", ""https://img.sndimg.com/food/image/upload/w_555,h_416,c_fit,fl_progressive,q_95/v1/img/recipes/74/9/picDT5Erl.jpg"", ""https://img.sndimg.com/food/image/upload/w_555,h_416,c_fit,fl_progressive,q_95/v1/img/recipes/74/9/picTuWT1h.jpg"", ""https://img.sndimg.com/food/image/upload/w_555,h_416,c_fit,fl_progressive,q_95/v1/img/recipes/74/9/pic9bKb2u.jpg"", ""https://img.sndimg.com/food/image/upload/w_555,h_416,c_fit,fl_progressive,q_95/v1/img/recipes/74/9/picy1PrJz.jpg"", 
""https://img.sndimg.com/food/image/upload/w_555,h_416,c_fit,fl_progressive,q_95/v1/img/recipes/74/9/pichXCXk7.jpg"", ""https://img.sndimg.com/food/image/upload/w_555,h_416,c_fit,fl_progressive,q_95/v1/img/recipes/74/9/picNWEvFK.jpg"")",Vegetable,"c(""Meat"", ""European"", ""< 60 Mins"", ""Oven"")","c(""2 1/2"", ""1/2"", ""1/4"", ""2"", ""1"", ""1"", ""1/2"", ""1/2"", ""1/4"", ""1/4"", ""1/8"", ""1"", ""3/4"", ""1/2"", ""1"")","c(""zucchini"", ""lean ground beef"", ""onion"", ""tomatoes"", ""tomato paste"", ""garlic clove"", ""dried oregano"", ""dried basil"", ""dried thyme"", ""water"", ""pepper"", ""egg"", ""low fat cottage cheese"", ""mozzarella cheese"", ""flour"")",5,198,261.1,11.6,5.1,98.7,631,16.1,3.4,10.5,24.5,4,NA,"c(""Cook zucchini until tender, drain and set aside. Fry meat and onions until meat is brown and onions are tender; drain fat. Add next 8 ingredients and bring to a boil."", ""Reduce heat; simmer, uncovered 10 minutes or until reduced to 2 cups."", ""In small bowl slightly beat egg."", ""Add cottage cheese, half of shredded cheese and flour."", ""In (1 1/2-qt.) baking-roasting pan arrange half of the meat mixture. Top with half of the zucchini and all the cottage cheese mixture. Top with remaining meat and zucchini."", 
""Bake uncovered at 375 degrees F for 30 minutes."", ""Sprinkle with remaining cheese. Bake 10 minutes longer."", ""Let stand 10 minutes before serving."")"
000751,*751*,Zucchini Squash With Parmesan,1751,Jjortikka,PT20M,PT0S,PT20M,1999-09-10T04:52:00Z,Make and share this Zucchini Squash With Parmesan recipe from Food.com.,character(0),Vegetable,"c(""< 30 Mins"", ""Stove Top"", ""Easy"")","c(""2"", ""1"", ""1/2"", NA, ""1/2"")","c(""zucchini"", ""margarine"", ""onion"", ""parmesan cheese"")",4,1,101.4,6.7,2.8,11,232.8,4.9,1.2,3.1,6.2,4,NA,"c(""Slice your squash and saute it in a little margarine with sliced onion.  Salt & pepper to taste."", ""After it's done (approx. 15 to 20 min.), sprinkle with Parmesan cheese."")"
000753,*753*,Tofu Lasagna,1572,Ed Paulhus,PT45M,PT0S,PT45M,1999-08-10T18:21:00Z,Make and share this Tofu Lasagna recipe from Food.com.,character(0),Soy/Tofu,"c(""Beans"", ""< 60 Mins"", ""Oven"")","c(""1"", ""1/4"", ""1/2"", ""3"", ""1/2"", ""1/8"", ""3"", ""1/2"", ""1"", ""1/4"", ""1/2"", ""1/4"")","c(""butter"", ""fresh mushrooms"", ""garlic cloves"", ""salt"", ""pepper"", ""wheat germ"", ""tofu"", ""parmesan cheese"", ""mozzarella cheese"", ""fresh parsley"")",5,3,350.5,16.7,8.6,41.4,626.4,34.4,3.5,6.1,16.8,8,NA,"c(""Cook and drain lasagne noodles; set aside."", ""Melt butter in large skillet.  Add  mushrooms, garlic salt and pepper.  Cook until mushrooms are tender."", ""Stir in sauce and wheat germ; heat through."", ""Combine tofu and Parmesan cheese in a  bowl."", ""Combine mozzarella and parsley in another bowl."", ""In a 9x12-inch pan, layer half of each of the ingredients: noodles, tofu mixture, sauce and mozzarella  mixture.  Repeat.  Bake at 350°F for 45 minutes or until hot and bubbly."", ""Let stand for 15 minutes before cutting.""
)"
000754,*754*,Tofu Mayonnaise,1530,Carole Reu,NA,PT10M,PT10M,1999-08-14T06:48:00Z,Make and share this Tofu Mayonnaise recipe from Food.com.,character(0),Soy/Tofu,"c(""Beans"", ""Vegan"", ""Low Cholesterol"", ""Free Of..."", ""< 15 Mins"", ""For Large Groups"", ""Easy"")","c(""14"", ""1/4"", ""1"", ""1"", ""1 1/2"", ""1"", ""1/2"")","c(""silken tofu"", ""lemon juice"", ""sugar"", ""prepared mustard"", ""apple cider vinegar"", ""salt"")",5,17,47.4,4.1,0.5,0,79.3,1.6,0,1.1,1.2,16,1 cup,"""Combine all ingredients in a blender and beat until smooth and creamy."""
000759,*759*,Tom's Double Barrel Habanero Hot Sauces,1726,mail.lynks.com,NA,PT30M,PT30M,1999-09-07T14:02:00Z,Make and share this Tom's Double Barrel Habanero Hot Sauces recipe from Food.com.,character(0),Low Protein,"c(""Low Cholesterol"", ""Healthy"", ""< 30 Mins"")","c(""12"", ""1/2"", ""2"", ""1"", ""1"", ""1/2"", ""1/4"")","c(""habaneros"", ""onion"", ""garlic cloves"", ""canola oil"", ""carrot"", ""vinegar"", ""fresh lime juice"")",5,3,469.7,15.5,1.2,0,133.9,77.9,13.4,38.1,13.5,NA,1 batch,"c(""Saute the onion and garlic in the oil until soft."", ""Add the carrots with a small  amount of water."", ""Bring to a boil, reduce the heat, and simmer until the carrots are soft."", ""Place the chilies, vinegar and lime juice in a blender and blend until peppers are finely minced."", ""Add the onion, garlic and carrots and  puree the mixture until smooth."", ""Return the mixture to the stove and simmer for 5 minutes."", ""Strain the mixture into an empty hot sauce bottle.  You'll get about 4  ounces."", ""This is a fiery hot sauce that you need to use with care."", 
""Place the  ingredients that were strained out into a jar and refrigerate."", ""It  will have  the consistency of finely grated horseradish and the flavor of  habanero fruit."", ""I love this on just about everything."")"
000760,*760*,Tortilla Beef,124030,foxysnana,NA,PT0S,PT0S,1999-08-15T07:43:00Z,Make and share this Tortilla Beef recipe from Food.com.,character(0),Meat,"c(""Mexican"", ""Free Of..."", ""< 15 Mins"")","c(""2"", ""2"", ""1"", ""1/4"", ""2"", ""1"", ""1"", ""1"", ""1/2"", ""1"")","c(""garlic"", ""salt"", ""pepper"", ""limes"", ""lemon juice"", ""onion"", ""carrot"", ""marjoram"", ""beef broth"", ""tomatoes"")",5,3,1933.3,106.3,41.6,662.3,3394.9,41.4,10.9,21.7,195.7,1,NA,"c(""Spread minced garlic on round steak and  sprinkle with salt, pepper and  lime  juice. Place in the slow cooker and add  remaining ingredients."", ""Set   cooker on  low and cook for 8 hours."", ""Meat  should be fork tender and shred  easily."", ""Fill  tortillas with favorite fillings and  meat."")"
000765,*765*,Beef Liver and Bacon 'n' Onion Sauce,1555,Cindy Hartlin,PT25M,PT0S,PT25M,1999-09-13T14:16:00Z,Make and share this Beef Liver and Bacon 'n' Onion Sauce recipe from Food.com.,character(0),Beef Organ Meats,"c(""Beef Liver"", ""Meat"", ""< 30 Mins"", ""< 15 Mins"")","c(""6"", ""1"", ""2"", ""2"", ""1 1/2"", ""1 1/2"")","c(""bacon"", ""onion"", ""flour"", ""chicken bouillon mix"", ""milk"", ""beef liver"")",NA,NA,318.4,16.7,6.2,335.9,421.7,12.2,0.4,1.3,28.3,6,NA,"c(""Cook bacon in a saucepan until crisp."", ""Drain, reserving 3 tablespoons drippings; set bacon aside."", ""Saute onion in reserved drippings until tender."", ""Blend in flour and bouillon mix."", ""Gradually stir in milk."", ""Cook over medium heat, stirring constantly, until mixture just comes to a boil and thickens."", ""Keep warm."", ""Pan fry or broil liver to desired degree of doneness."", ""To serve pour sauce over individual servings of liver and top with crisp bacon."")"
000766,*766*,Lobster Newburg,1669,Tracey Hammonds,NA,PT0S,PT0S,1999-08-28T12:11:00Z,Make and share this Lobster Newburg recipe from Food.com.,character(0),Lobster,"c(""Very Low Carbs"", ""< 15 Mins"")","c(""3"", ""1/4"", ""2"", ""1"", ""3"", ""1"", ""1 1/2"", ""1/4"", NA, ""4"", NA)","c(""live lobsters"", ""unsalted butter"", ""medium-dry sherry"", ""medium-dry sherry"", ""brandy"", ""brandy"", ""heavy cream"", ""nutmeg"", ""cayenne pepper"")",NA,NA,409.6,33.4,19.8,312.9,251.7,3.3,0,0.6,17.2,6,NA,"c(""Into a large kettle of boiling salted water plunge lobster, head first, and boil covered for 8 minutes from the time the water returns to a boil."", ""Transfer lobsters using tongs to cutting board, cool till they can be handled."", ""Break off the claws at the body, crack and remove the meat and cut into 1/2 inch pieces."", ""Remove the rest of the meat and do the same.  In heavy sauce pan cook the meat in butter over moderate heat, stirring occasionally, for 2 minutes."", ""Add 2 tbsp. sherry and 3 tbsp. brandy and cook the mixture , stirring, for 2 minutes."", 
""Transfer meat with a slotted spoon to a bowl."", ""Add the cream to the sherry mixture and boil till it is reduced to about a cup."", ""Reduce heat to low and stir in the 1 tsp. sherry and brandy, nutmeg, cayenne and salt to taste."", ""Whisk in the egg yolks."", ""Cook the mixture, whisking constantly, until it registers 140* on a deep fat thermometer,, and cook it whisking, for 3 minutes more. Stir in meat and serve over toast."")"
000768,*768*,Lots of Berries Pie,1533,Dancer,PT45M,PT15M,PT1H,1999-08-10T06:49:00Z,Make and share this Lots of Berries Pie recipe from Food.com.,character(0),Pie,"c(""Dessert"", ""Low Protein"", ""< 60 Mins"", ""Oven"")","c(""1"", ""1"", ""1/4"", ""1/2"", ""1"", ""1"", ""3/4"", ""3/4"", ""1/2"", ""2"", ""2"", ""1"")","c(""sugar"", ""salt"", ""cornstarch"", ""cinnamon"", ""blueberries"", ""strawberry"", ""blackberry"", ""red raspberries"", ""water"", ""lemon juice"", ""butter"", ""margarine"")",4.5,3,394.3,18.1,5.6,7.6,280.2,56.3,4,29,3.4,8,NA,"c(""In a saucepan, combine sugar, salt, cornstarch, and cinnamon."", ""Stir in berries."", ""Add water and lemon juice."", ""Cook over medium heat just to the boiling point."", ""Pour into pie shell; dot with butter."", ""Top with lattice or full crust."", ""If using a full crust, cut slits in the top, brush with milk and sprinkle with sugar."", ""Bake in oven preheated to 350F for about 45 minutes or until the crust is golden."")"
000772,*772*,Low-Fat Strawberry Butter,1533,Dancer,NA,PT0S,PT0S,1999-08-07T09:18:00Z,Make and share this Low-Fat Strawberry Butter recipe from Food.com.,character(0),Strawberry,"c(""Berries"", ""Fruit"", ""Free Of..."", ""< 15 Mins"", ""Stove Top"", ""Easy"")","c(""1/2"", ""1/4"", ""2"", ""1/4"", ""1"")","c(""strawberry"", ""apple cider"", ""honey"", ""vanilla"", ""cinnamon"")",NA,NA,135.9,0.5,0,0,2.7,34.9,3.1,30.1,1.1,NA,1 1/2 cups,"c(""Combine all of the ingredients in a medium saucepan."", ""Bring to a boil, reduce to a simmer and cook until berries are soft. Drain, reserving the juices."", ""Place the berries in a food processor or blender and puree until smooth."", ""Pass through a fine strainer."", ""If too thick, add a few drops of reserved juices to thin."")"
000773,*773*,BBQ Ranchero Chicken Salad,1533,Dancer,NA,PT0S,PT0S,1999-08-07T09:18:00Z,Make and share this BBQ Ranchero Chicken Salad recipe from Food.com.,"c(""https://img.sndimg.com/food/image/upload/w_555,h_416,c_fit,fl_progressive,q_95/v1/img/recipes/77/3/picCIEZNu.jpg"", ""https://img.sndimg.com/food/image/upload/w_555,h_416,c_fit,fl_progressive,q_95/v1/img/recipes/77/3/pic3iAiEN.jpg"", ""https://img.sndimg.com/food/image/upload/w_555,h_416,c_fit,fl_progressive,q_95/v1/img/recipes/77/3/picfnzeSe.jpg"")",Chicken Breast,"c(""Chicken"", ""Poultry"", ""Cheese"", ""Black Beans"", ""Corn"", ""Beans"", ""Vegetable"", ""Meat"", ""Free Of..."", ""Broil/Grill"", ""< 15 Mins"", ""Oven"")","c(""6"", ""1/2"", ""1"", ""2"", ""1 1/2"", ""1"", ""1"", ""1/2"", ""1"", ""2"", ""1"", ""1"", ""3/4"")","c(""boneless skinless chicken breast halves"", ""barbecue sauce"", ""tomatoes"", ""red bell pepper"", ""whole kernel corn"", ""canned black beans"", ""ripe olives"", ""green onions"", ""chili powder"", ""cumin"")",5,13,301.7,6,1,78.1,1002.9,34.6,4.1,10.5,28.6,6,NA,"c(""Brush both sides of chicken with barbecue sauce; grill or broil about 5\"" from heat source 6 minutes per side, or until juices are clear."", ""Meanwhile, in a large bowl, combine lettuce, tomatoes, 3/4 cup cheese, pepper, corn, black beans, olives and green onions; mix well."", ""Combine dressing, chili powder and cumin; mix well."", ""To serve, divide lettuce mixture onto 6 serving plates."", ""Cut chicken crosswise into 1/2\"" thick slices; arrange over lettuce. Drizzle salads with dressing and sprinkle with remaining 3/4 cup cheese. Chicken may be cooked, cooled, covered and refrigerated up to 1 day before serving."", 
""Reheat chicken or served chilled."", ""Lettuce mixture and dressing may be prepared separately, covered and refrigerated up to 4 hours before serving."")"
000776,*776*,Low-Fat Blueberry Grunt,1533,Dancer,NA,PT0S,PT45M,1999-08-06T00:40:00Z,Make and share this Low-Fat Blueberry Grunt recipe from Food.com.,character(0),Dessert,"c(""Berries"", ""Fruit"", ""Low Protein"", ""Low Cholesterol"", ""Healthy"", ""< 60 Mins"", ""Stove Top"")","c(""4"", ""1"", ""1"", ""1/2"", ""2"", ""1/4"", ""1/2"", ""1/4"", ""3/4"")","c(""blueberries"", ""light brown sugar"", ""unbleached flour"", ""whole wheat pastry flour"", ""baking powder"", ""salt"", ""cinnamon"", ""nutmeg"", ""milk"")",5,4,243.3,1.4,0.6,3.2,186.8,56.1,3.2,33.8,3.9,8,NA,"c(""In large nonaluminum saucepan, combine berries and 1/2 cup brown sugar."", ""Cook over medium heat, stirring occasionally, until berries come to a boil."", ""Meanwhile, sift flours, baking powder, salt, remaining sugar, cinnamon and nutmeg into medium bowl."", ""Add milk, mixing just to moisten."", ""Drop dumplings by tablespoonfuls into boiling berries."", ""Cover with tight-fitting lid."", ""Lower heat slightly."", ""Cook without lifting lid, about 15 minutes."", ""To serve, using large spoon, transfer dumplings into bowl."", 
""Surround with berries."", ""Break dumplings open with two forks."", ""Serve warm, topped with vanilla ice cream or nondairy frozen vanilla dessert."")"
000777,*777*,Low-Fat Cauliflower Tomato Casserole,1533,Dancer,NA,PT0S,PT0S,1999-08-07T08:02:00Z,Make and share this Low-Fat Cauliflower Tomato Casserole recipe from Food.com.,"c(""https://img.sndimg.com/food/image/upload/w_555,h_416,c_fit,fl_progressive,q_95/v1/img/recipes/77/7/picDl5GqH.jpg"", ""https://img.sndimg.com/food/image/upload/w_555,h_416,c_fit,fl_progressive,q_95/v1/img/recipes/77/7/picedZBs9.jpg"", ""https://img.sndimg.com/food/image/upload/w_555,h_416,c_fit,fl_progressive,q_95/v1/img/recipes/77/7/picqHSP04.jpg"", ""https://img.sndimg.com/food/image/upload/w_555,h_416,c_fit,fl_progressive,q_95/v1/img/recipes/77/7/picxqlv1D.jpg"", ""https://img.sndimg.com/food/image/upload/w_555,h_416,c_fit,fl_progressive,q_95/v1/img/recipes/77/7/pic8W6jbw.jpg"", 
""https://img.sndimg.com/food/image/upload/w_555,h_416,c_fit,fl_progressive,q_95/v1/img/recipes/77/7/pickVYQAI.jpg"", ""https://img.sndimg.com/food/image/upload/w_555,h_416,c_fit,fl_progressive,q_95/v1/img/recipes/77/7/pic83YoQh.jpg"")",Cauliflower,"c(""Vegetable"", ""Low Protein"", ""Low Cholesterol"", ""< 15 Mins"", ""Oven"")","c(""1"", ""4"", ""1/2"", ""1/4"", ""2"", ""1/4"", ""1/4"", ""2"")","c(""cauliflower floret"", ""tomatoes"", ""salt"", ""pepper"", ""parmesan cheese"", ""swiss cheese"", ""unsalted butter"")",5,9,130.9,5.4,3,13.5,431.7,15.8,4.1,5.9,7,4,NA,"c(""Preheat oven to 350F."", ""Place cauliflower in a steamer basket over boiling water."", ""Cover saucepan and steam 4-5 minutes or until cauliflower is almost tender."", ""Arrange cauliflower in a buttered shallow baking dish."", ""Arrange tomatoes over cauliflower."", ""Sprinkle with salt and pepper."", ""Combine cheeses in a bowl and sprinkle over cauliflower mixture. Sprinkle with breadcrumbs, drizzle with butter and bake 20-25 minutes or until top is golden."")"
000778,*778*,Low-Fat Cauliflower with Bacon,1533,Dancer,NA,PT0S,PT0S,1999-08-09T04:56:00Z,"I am not a cauliflower lover but we did have this again over the holidays and well, I am back to loving it.",character(0),Cauliflower,"c(""Vegetable"", ""Low Cholesterol"", ""Healthy"", ""Free Of..."", ""< 15 Mins"", ""Easy"")","c(""3/4"", ""2"", ""2"")","c(""cauliflower floret"", ""bacon"", ""scallions"")",5,5,75.6,5.2,1.7,7.7,121.2,5.2,2.3,2.2,3.1,4,NA,"c(""Place cauliflower in a steamer basket over boiling water."", ""Cover pan and steam about 8 minutes or until almost tender."", ""Remove steamer basket and set aside. Heat a heavy nonstick skillet over medium high heat. Cook bacon 4-5 minutes or until browned."", ""Add scallions, cauliflower and salt and pepper to taste. Cook 2 minutes, stirring frequently until hot."")"
000779,*779*,Low-Fat Fudge Bars,1533,Dancer,PT25M,PT15M,PT40M,1999-08-10T19:13:00Z,Make and share this Low-Fat Fudge Bars recipe from Food.com.,character(0),Bar Cookie,"c(""Dessert"", ""Cookie & Brownie"", ""Low Cholesterol"", ""Healthy"", ""< 60 Mins"", ""For Large Groups"", ""Oven"")","c(""1/3"", ""1/3"", ""1/3"", ""1"", ""1/8"", ""1/2"", ""3"", ""1"", ""1/3"")","c(""unbleached flour"", ""cocoa powder"", ""sugar"", ""salt"", ""sweet potato"", ""vanilla extract"", ""pecans"")",5,3,74.3,0.4,0.2,0,13.1,17.7,1.1,12.8,1.7,16,NA,"c(""Combine the flour, oat bran, cocoa, sugar and salt, if desired, and stir to mix well."", ""Add the sweet potato, egg whites, and vanilla extract, and stir to mix well."", ""Fold in nuts if desired."", ""Coat an 8-inch square pan with non-stick cooking spray."", ""Spread the mixture evenly in the pan and bake at 325° for about 25 minutes or until the edges are firm and the center is almost set."", ""Cool to room temperature, cut into squares and serve."")"
000780,*780*,Indian Spiced Chicken,1533,Dancer,NA,PT0S,PT0S,1999-08-09T04:56:00Z,Make and share this Indian Spiced Chicken recipe from Food.com.,character(0),Chicken Breast,"c(""Chicken"", ""Poultry"", ""Meat"", ""Asian"", ""Indian"", ""Very Low Carbs"", ""High Protein"", ""Healthy"", ""Free Of..."", ""High In..."", ""< 15 Mins"")","c(""2"", ""3"", ""1"", ""2"", ""1"", ""1"", ""1/2"", ""1/4"", ""1/4"", ""1/4"", ""1"", ""4"", ""4"")","c(""garlic"", ""water"", ""paprika"", ""ginger"", ""cumin"", ""nutmeg"", ""turmeric"", ""cayenne pepper"", ""lemon juice"", ""skinless chicken breasts"", ""lemon wedges"")",5,12,302.5,8.7,1.7,151,275.9,3,0.8,0.5,50.6,4,NA,"c(""In small bowl, stir together oil and garlic. Stir in water, paprika, ginger, coriander, cumin, nutmeg, turmeric and cayenne pepper."", ""Spoon 1 tbsp (15 mL) into another small bowl; stir in lemon juice and set aside. Arrange chicken in single layer in shallow glass dish; brush with remaining spice mixture. Cover and refrigerate chicken for 1 hour."", ""(Chicken can be prepared to this point and refrigerated for up to 24 hours; let stand at room temperature for 30 minutes.) Place chicken, flesh side down, on greased grill over medium-high heat; close lid and cook for 5 minutes."", 
""Turn and brush flesh with reserved lemon mixture. Close lid and cook, turning often, for about 12 minutes longer or until chicken is no longer pink inside and juices run clear when chicken is pierced."", ""Serve with lemon wedges."")"
000782,*782*,Low-Fat Potatoes Romanoff,1533,Dancer,NA,PT0S,PT0S,1999-08-06T00:40:00Z,Make and share this Low-Fat Potatoes Romanoff recipe from Food.com.,character(0),Potato,"c(""Cheese"", ""Vegetable"", ""Free Of..."", ""< 15 Mins"", ""Oven"", ""Stove Top"")","c(""4"", ""1"", ""1"", ""4"", ""1 1/4"", ""1"", ""1"", NA)","c(""potatoes"", ""butter"", ""low-fat sour cream"", ""green onions"", ""low-fat cheddar cheese"", ""salt"", ""pepper"", ""paprika"")",5,4,224.7,8.6,5.3,25.8,575.2,27.7,3.4,1.5,10,6,NA,"c(""Boil potatoes until tender."", ""Mash with butter, sour cream, onions, 3/4 cup cheese, salt and pepper."", ""Turn mixture into buttered 1-1/2 quart casserole. Sprinkle with remaining cheese and paprika."", ""Bake uncovered at 350 degrees for 40 minutes."")"
000789,*789*,Lasagna Pinwheels,1621,Quick n Easy Recipes,PT40M,PT20M,PT1H,1999-09-19T06:39:00Z,Make and share this Lasagna Pinwheels recipe from Food.com.,character(0),Poultry,"c(""Meat"", ""European"", ""< 60 Mins"", ""Oven"")","c(""1/2"", ""15"", ""1"", ""1/4"", ""1/3"", ""2"", ""8"", ""2"")","c(""turkey"", ""chicken"", ""part-skim ricotta cheese"", ""part-skim mozzarella cheese"", ""parmesan cheese"", ""egg substitute"", ""fresh parsley"")",NA,NA,302.3,12.8,7,57.8,332.3,21,0.8,1,24.6,8,NA,"c(""Preheat oven to 375."", ""Coat rectangular 2-quart baking dish with no-stick cooking  spray."", ""Brown turkey in non-stick skillet. While turkey is cooking combine  ricotta, mozzarella, Parmesan , eggs and parsley in medium mixing bowl; stir to  blend."", ""Spread a scant 1/4 cup cheese mixture on each lasagna noodle. Roll up  starting with a short end."", ""Place seam side down in baking dish."", ""Add pasta sauce  to turkey in skillet and heat. Pour sauce over rolls in baking dish."", ""Cover with  foil."", 
""Bake 30 to 35 minutes or until heated through."", ""Let stand 5 minutes before  serving."")"
000790,*790*,Baked Red Onions,1555,Cindy Hartlin,NA,PT0S,PT0S,1999-09-07T14:16:00Z,Make and share this Baked Red Onions recipe from Food.com.,character(0),Onions,"c(""Vegetable"", ""< 15 Mins"", ""Oven"")","c(""6"", ""1"", ""1/2"", ""1"", ""1/2"", ""1/4"", ""1"", NA)","c(""red onions"", ""lemon"", ""olive oil"", ""raisins"", ""port wine"", ""cider vinegar"", ""brown sugar"", ""pepper"")",4,1,160.2,9.1,1.3,0,5.3,17.7,1.5,11.5,1.1,12,NA,"c(""In large saucepan, cover onions and lemon rind with water; bring to"", ""boil and boil for 5 minutes."", ""Drain; refresh under cold running water and drain again."", ""Discard rind."", ""Peel onions and arrange in 13x9 inch casserole; pour olive oil over."", ""Bake, uncovered, in 375= F oven, basting occasionally for 40 minutes."", ""Add raisins, port, vinegar, sugar, and pepper to taste.  Bake for 30 minutes or until juices are syrupy."")"
000794,*794*,Lemon Cake,1609,Barbara Heller,PT40M,PT15M,PT55M,1999-08-17T04:15:00Z,Make and share this Lemon Cake recipe from Food.com.,"c(""https://img.sndimg.com/food/image/upload/w_555,h_416,c_fit,fl_progressive,q_95/v1/img/recipes/79/4/piclcXrbi.jpg"", ""https://img.sndimg.com/food/image/upload/w_555,h_416,c_fit,fl_progressive,q_95/v1/img/recipes/79/4/picjS6mNR.jpg"", ""https://img.sndimg.com/food/image/upload/w_555,h_416,c_fit,fl_progressive,q_95/v1/img/recipes/79/4/picPnrC8k.jpg"")",Dessert,"c(""< 60 Mins"", ""Oven"")","c(""4"", ""2/3"", ""2/3"", ""1"", ""1"", ""2"", NA)","c(""eggs"", ""canola oil"", ""water"", ""confectioners' sugar"", ""lemon juice"")",5,14,506.8,22.4,2.6,75.4,409.5,72.3,0.6,53.3,5.5,NA,NA,"c(""Mix together; beat 4 minutes.  Put into greased tube pan."", ""Bake in 350°F oven 35-40 minutes."", ""Cool, then   pierce the top of the cooled cake with a fork."", ""Make icing  from confectioners' sugar and lemon juice, drizzle over cake."")"
000800,*800*,Lemonade Cake,1752,Bob Ross,NA,PT0S,PT0S,1999-08-18T04:41:00Z,Make and share this Lemonade Cake recipe from Food.com.,character(0),Dessert,"c(""Fruit"", ""< 15 Mins"", ""Oven"")","c(""1"", ""3/4"", ""1"", ""4"", ""3/4"", ""1"", ""1"")","c(""water"", ""eggs"", ""sugar"")",4,4,5926.7,245.7,36.5,754.4,4123.3,901.6,7,692.8,55.5,1,NA,"c(""Preheat oven to 300."", ""Grease and flour a Bundt pan."", ""Dissolve Jello in hot water  and set aside - DO NOT JELL."", ""In a large bowl, mix next 3 ingredients."", ""Add Jello  and beat together 3 minutes."", ""Turn into Bundt pan."", ""Bake 1 hour or until inserted  knife comes out clean."", ""Meanwhile: While cake is baking mix next 2 ingredients and let sit. While cake is still warn, loosen it from edges of pan but leave cake in pan."", ""Pour lemonade mixture over cake allowing it to run down the sides."", 
""Save some lemonade mixture. When you turn your cake out onto your, rack put some wax paper under rack and pour saved lemonade mixture over top of cake. This cake is simply divine. Enjoy..."")"
000801,*801*,Hot Fudge Pudding Cake,1545,Nancy Van Ess,NA,PT0S,PT0S,1999-08-25T05:23:00Z,Make and share this Hot Fudge Pudding Cake recipe from Food.com.,character(0),Dessert,"c(""Low Protein"", ""Low Cholesterol"", ""Healthy"", ""< 15 Mins"", ""Oven"")","c(""1"", ""1"", ""3"", ""1/3"", ""1/2"", ""1"", ""1 2/3"")","c(""buttermilk baking mix"", ""sugar"", ""milk"", ""vanilla"", ""water"")",5,3,252.4,5,1.9,3.3,229.8,52.2,2.9,36,3.8,6,NA,"c(""Heat oven to 350 degrees."", ""In a greased 8\"" square baking dish, mix baking mix,  1/2 cup sugar and 3 Tbs. cocoa."", ""Stir in milk and vanilla until blended."", ""Sprinkle evenly with remaining 1/3 cup cocoa and 1/2 cup sugar."", ""Pour water over top (no  need to stir)."", ""Bake 40 min. or until top is firm."", ""Dust lightly with  confectioners' sugar."", ""Spoon while hot into dessert bowls; top cake with sauce."")"
000808,*808*,Iced Coffee II,1660,Mehitabel,NA,PT0S,PT0S,1999-09-20T19:57:00Z,Make and share this Iced Coffee II recipe from Food.com.,character(0),Beverages,"c(""Low Cholesterol"", ""Healthy"", ""< 15 Mins"", ""Refrigerator"", ""Easy"")","""1""",character(0),NA,NA,241,0.5,0.2,0,37,41.1,0,0,12.2,1,NA,"c(""Place 1 bag for each 8-10 oz. of unheated water in a large container.  Refrigerate for 24 hours."", ""Remove the bags.  Pour over ice as needed. You will probably want to fool around with the proportions but this is what makes a brew I like."")"
000809,*809*,Irish Beef Stew With Guinness Stout,1612,JANIC412,PT2H,PT30M,PT2H30M,1999-08-28T02:56:00Z,Make and share this Irish Beef Stew With Guinness Stout recipe from Food.com.,"""https://img.sndimg.com/food/image/upload/w_555,h_416,c_fit,fl_progressive,q_95/v1/img/recipes/80/9/pic2KSjmM.jpg""",Stew,"c(""Meat"", ""European"", ""Low Cholesterol"", ""Healthy"", ""St. Patrick's Day"", ""Oven"", ""< 4 Hours"")","c(""2"", ""3"", ""2"", ""1"", ""2"", ""1"", ""1"", ""2 -3"", ""3/4"", ""1/2"", ""1"", ""1/2"", NA)","c(""olive oil"", ""bay leaves"", ""beef stew meat"", ""yellow onion"", ""garlic cloves"", ""dried thyme"", ""dried rosemary"", ""all-purpose flour"", ""parsley"", ""carrot"")",4.5,57,562.7,17.3,5.5,145.2,405.1,25.8,2.6,4.3,53,NA,NA,"c(""Heat a 6 quart stove top casserole or oven proof pot and add the oil and the bay leaves."", ""Cook the bay leaves for a moment and then add the meat. Brown the meat on both sides on high heat."", ""Add the onion and cook for a few minutes until it is clear."", ""Reduce the heat to low and add the garlic, thyme, rosemary and flour and stir until smooth."", ""Add the beef stock and stout; simmer, stirring until the stew thickens a bit. Add the remaining ingredients and cover."", ""Place the pot in the oven at 275 F: for about 2 hours, stirring a couple of times."", 
""Check for the salt and pepper before serving."")"
000810,*810*,Irresistible Peanut Butter Cookies,1557,Angel Villanueva,PT8M,PT15M,PT23M,1999-08-12T06:30:00Z,Make and share this Irresistible Peanut Butter Cookies recipe from Food.com.,"c(""https://img.sndimg.com/food/image/upload/w_555,h_416,c_fit,fl_progressive,q_95/v1/img/recipes/81/0/picsDTRcP.jpg"", ""https://img.sndimg.com/food/image/upload/w_555,h_416,c_fit,fl_progressive,q_95/v1/img/recipes/81/0/picQUQE6M.jpg"", ""https://img.sndimg.com/food/image/upload/w_555,h_416,c_fit,fl_progressive,q_95/v1/img/recipes/81/0/picqOGlTf.jpg"", ""https://img.sndimg.com/food/image/upload/w_555,h_416,c_fit,fl_progressive,q_95/v1/img/recipes/81/0/picfypkPF.jpg"")",Drop Cookies,"c(""Dessert"", ""Cookie & Brownie"", ""Fruit"", ""Nuts"", ""< 30 Mins"", ""Oven"")","c(""1/2"", ""3/4"", ""1 1/4"", ""3"", ""1"", ""1"", ""1 3/4"", ""3/4"", ""3/4"")","c(""shortening"", ""creamy peanut butter"", ""brown sugar"", ""milk"", ""vanilla"", ""egg"", ""all-purpose flour"", ""salt"", ""baking soda"")",4.5,72,111.8,5.8,1.4,5.3,104.2,13.3,0.5,8,2.2,NA,36 cookies,"c(""Preheat oven to 375 degrees Combine peanut butter, shortening, brown sugar, milk, vanilla and egg in large bowl."", ""Beat at medium speed of electric mixer until  well-blended."", ""Combine flour, salt and baking soda."", ""Add to creamed mixture at  low speed."", ""Mix just until blended."", ""Drop by heaping teaspoonfuls 2 inches apart onto ungreased baking sheet. Flatten slightly in crisscross pattern with lines  of fork."", ""Bake at 375 degrees for 7 to 8 minutes, or until set and just  beginning to brown."", 
""Cool 2 minutes on baking sheet before removing to cooling  rack."")"
000820,*820*,Healthy Pie Crust,1657,cwambeam,NA,PT0S,PT0S,1999-09-01T10:32:00Z,"Here's a recipe for ""Healthy Pie Crust"" -- it's quite flaky, and a bit more difficult to roll out than others (I found it worked better after being chilled a bit).","""https://img.sndimg.com/food/image/upload/w_555,h_416,c_fit,fl_progressive,q_95/v1/img/recipes/82/0/picC6KbOG.jpg""",Pie,"c(""Dessert"", ""< 15 Mins"", ""Easy"")","c(""2 1/2"", ""1"", ""2/3"", ""1/3"")","c(""flour"", ""salt"", ""canola oil"", ""skim milk"")",4.5,33,1231.1,74.7,5.7,0.8,1190,121.5,4.2,0.4,17.8,NA,2 crusts,"c(""Combine oil with flour and salt ."", ""Drizzle with milk."", ""This makes 2 crusts, or  one top and one bottom Enjoy! Cindy"")"
000822,*822*,Heloise's Cake Mix Cookies,1535,Marg CaymanDesigns,PT8M,PT0S,PT8M,1999-08-09T21:38:00Z,"Fast and easy when you don't have enough time to prepare cookies from scratch. If you mix them by hand, they will be flatter and more like a cookie. If you use a mixer, they will be puffier and more like cake. The cake-like version is good with a simple confectioner sugar &amp; milk (or juice if you used an orange or lemon cake mix) glaze.","c(""https://img.sndimg.com/food/image/upload/w_555,h_416,c_fit,fl_progressive,q_95/v1/img/recipes/82/2/J5yo3kfS3SCbsHKu0fu4_cake%20mix%20cookies%20SITE-1.jpg"", ""https://img.sndimg.com/food/image/upload/w_555,h_416,c_fit,fl_progressive,q_95/v1/img/recipes/82/2/tXcjsVp6RVaRFilonjgr_cake%20mix%20cookies%20SITE-2.jpg"", ""https://img.sndimg.com/food/image/upload/w_555,h_416,c_fit,fl_progressive,q_95/v1/img/recipes/82/2/PvOa18DGS3uFPDM9cynd_cake%20mix%20cookies%20SITE-3.jpg"", ""https://img.sndimg.com/food/image/upload/w_555,h_416,c_fit,fl_progressive,q_95/v1/img/recipes/82/2/XOrDlVHZT7CGYPCRKpWT_cake%20mix%20cookies%20SITE-4.jpg"", 
""https://img.sndimg.com/food/image/upload/w_555,h_416,c_fit,fl_progressive,q_95/v1/img/recipes/82/2/01466127361.jpeg"", ""https://img.sndimg.com/food/image/upload/w_555,h_416,c_fit,fl_progressive,q_95/v1/img/recipes/82/2/JcU0dUq2S3qhViOtihEk_IMG_20160404_185830.jpg"", ""https://img.sndimg.com/food/image/upload/w_555,h_416,c_fit,fl_progressive,q_95/v1/img/recipes/82/2/Cb3IPkRs23UpoV0sB1ng_IMG_20160422_212517.jpg"", ""https://img.sndimg.com/food/image/upload/w_555,h_416,c_fit,fl_progressive,q_95/v1/img/recipes/82/2/picgNnsSz.jpg"", 
""https://img.sndimg.com/food/image/upload/w_555,h_416,c_fit,fl_progressive,q_95/v1/img/recipes/82/2/picbvLwqV.jpg"", ""https://img.sndimg.com/food/image/upload/w_555,h_416,c_fit,fl_progressive,q_95/v1/img/recipes/82/2/picFgP67S.jpg"", ""https://img.sndimg.com/food/image/upload/w_555,h_416,c_fit,fl_progressive,q_95/v1/img/recipes/82/2/picPXXC15.jpg"", ""https://img.sndimg.com/food/image/upload/w_555,h_416,c_fit,fl_progressive,q_95/v1/img/recipes/82/2/pic6nNkE7.jpg"", ""https://img.sndimg.com/food/image/upload/w_555,h_416,c_fit,fl_progressive,q_95/v1/img/recipes/82/2/picHSfrLK.jpg"", 
""https://img.sndimg.com/food/image/upload/w_555,h_416,c_fit,fl_progressive,q_95/v1/img/recipes/82/2/pic9PBXUL.jpg"", ""https://img.sndimg.com/food/image/upload/w_555,h_416,c_fit,fl_progressive,q_95/v1/img/recipes/82/2/pic0ijdXt.jpg"", ""https://img.sndimg.com/food/image/upload/w_555,h_416,c_fit,fl_progressive,q_95/v1/img/recipes/82/2/pici33MGH.jpg"", ""https://img.sndimg.com/food/image/upload/w_555,h_416,c_fit,fl_progressive,q_95/v1/img/recipes/82/2/picCrMIOc.jpg"", ""https://img.sndimg.com/food/image/upload/w_555,h_416,c_fit,fl_progressive,q_95/v1/img/recipes/82/2/piclAwj1X.jpg"", 
""https://img.sndimg.com/food/image/upload/w_555,h_416,c_fit,fl_progressive,q_95/v1/img/recipes/82/2/picJpCuD4.jpg"")",Drop Cookies,"c(""Dessert"", ""Cookie & Brownie"", ""< 15 Mins"", ""Oven"", ""Easy"")","c(""1"", ""1/2"", ""2"")","""eggs""",5,85,137.4,7.3,1.1,15.5,148.2,16.7,0.2,11.7,1.5,NA,24 cookies,"c(""Mix all ingredients well to remove lumps."", ""Stir in raisins and/or nuts and/or chocolate chips if you so desire."", ""Drop by teaspoonfuls on an ungreased baking sheet about 2-inches apart."", ""Bake at 350°F for 8-10 minutes."")"
000824,*824*,3 Berry Shakes,1530,Carole Reu,NA,PT8M,PT8M,1999-09-03T05:17:00Z,Make and share this 3 Berry Shakes recipe from Food.com.,character(0),Shakes,"c(""Beverages"", ""Lunch/Snacks"", ""< 15 Mins"", ""Easy"")","c(""2"", ""1 1/4"", ""1/3"", ""1/4"", ""2"")","c(""frozen strawberries"", ""skim milk"", ""blueberries"")",5,1,149.4,0.4,0.1,1.5,56.2,34,2.8,18.9,3.7,4,NA,"c(""Place the frozen strawberries, milk, raspberry jam, frozen blueberries, and  neufchatel cheese in blender container."", ""Cover and blend until smooth."", ""If  necessary, add more milk to make mixture the desired consistency."", ""Pour into 4 glasses."", ""If desired, garnish with fresh strawberries, raspberries,  and blueberries,  Serve immediately."")"
000825,*825*,Baked Fish with Lemon & Black Pepper,1533,Dancer,NA,PT0S,PT0S,1999-08-13T12:35:00Z,Make and share this Baked Fish with Lemon & Black Pepper recipe from Food.com.,"""https://img.sndimg.com/food/image/upload/w_555,h_416,c_fit,fl_progressive,q_95/v1/img/recipes/82/5/picQ7PwNR.jpg""",Very Low Carbs,"c(""High Protein"", ""Healthy"", ""Free Of..."", ""High In..."", ""< 15 Mins"", ""Oven"")","c(""1"", ""1/2"", ""1/8"", ""1/2"", ""1/2"", ""1"", ""1"", ""1 1/2"")","c(""salt"", ""turmeric"", ""cumin powder"", ""fresh black pepper"", ""garlic"", ""lemon juice"")",5,16,132.4,2.2,0.3,62.3,379.8,0.7,0.1,0.1,26,4,NA,"c(""Place fish fillets into a medium sized bowl and sprinkle with salt, turmeric, cumin, black pepper and garlic, tossing to coat well."", ""Cover and marinate for 50 - 60 minutes in the refrigerator."", ""Preheat oven to 400 degrees F."", ""Coat the bottom of an 8 x 8 inch baking dish with the vegetable oil."", ""Place the fish in a single layer inside the baking dish, and pour the marinade on top."", ""Bake uncovered for 20-25 minutes."", ""The fish should be firm to the touch."", ""Fish is done when it easily flakes with a fork."", 
""Sprinkle with lemon juice 5 minutes before serving."")"
000828,*828*,Gypsy Tart,1652,Graham Scott,PT30M,PT20M,PT50M,1999-09-08T11:58:00Z,Make and share this Gypsy Tart recipe from Food.com.,"""https://img.sndimg.com/food/image/upload/w_555,h_416,c_fit,fl_progressive,q_95/v1/img/recipes/82/8/picHeq1Vn.jpg""",Dessert,"c(""< 60 Mins"", ""< 15 Mins"", ""Oven"", ""Easy"")","c(""8"", ""1"", ""12"")","c(""evaporated milk"", ""dark muscovado sugar"")",4.5,3,479.7,16.6,5.9,19.2,274.4,77.8,1.3,54.6,6.7,NA,NA,"c(""Preheat oven 400°F, 200°C, Gas 6."", ""Roll out pastry and use to  line 10 inch (25cm) flan ring and bake blind for 15-20 minutes until  cooked."", ""Let it cool."", ""Whisk evaporated milk and sugar together for 10-15 minutes until light  and fluffy."", ""Pour into the pastry case and bake for 10 minutes."", ""It will  have a slightly sticky top but will not set completely until it has  cooled completely."", ""Serve cold."")"
000833,*833*,Hamantaschen-Cookies (Haman's Hats),123897,Vnut-Beyond Redempt,PT8M,PT0S,PT8M,1999-08-08T17:24:00Z,Make and share this Hamantaschen-Cookies (Haman's Hats) recipe from Food.com.,"""https://img.sndimg.com/food/image/upload/w_555,h_416,c_fit,fl_progressive,q_95/v1/img/recipes/83/3/picnjef7k.jpg""",Dessert,"c(""Cookie & Brownie"", ""European"", ""< 15 Mins"", ""Oven"")","c(""4"", ""3/4"", ""2"", ""1"", ""4"", ""1"")","c(""eggs"", ""sugar"", ""orange zest"", ""margarine"", ""butter"", ""all-purpose flour"", ""unbleached flour"", ""prune filling"")",5,2,89.8,4.3,0.9,15.5,50.5,11.2,0.3,3.2,1.6,NA,48 cookies,"c(""Hamantaschen are the traditional cookies of Purim, a festive holiday on the Jewish calendar."", ""Grease cookie sheets."", ""In large bowl, beat eggs slightly."", ""Add sugar, orange peel and margarine; beat until mixture is light and fluffy."", ""Lightly spoon flour into measuring cup; level off."", ""Add flour; mix well."", ""Cover with plastic wrap; refrigerate 1 1/2 hours for easier handling."", ""Heat oven to 350°F."", ""On lightly floured surface, roll out 1/4 of dough at a time to 1/4-inch thickness."", 
""Keep remaining dough refrigerated."", ""Cut with floured 3-inch round cookie cutter."", ""Place 1 inch apart on greased cookie sheets."", ""Spoon heaping teaspoonful poppy seed filling on center of each circle. Moisten edges of dough circles with water."", ""Shape into triangles as shown in diagram, folding 3 sides in without completely covering filling; pinch corners to seal."", ""Bake at 350° for 8-12 minutes or until edges are light golden brown."", ""Cool 1 minute; remove from cookie sheets."")"
000834,*834*,Best Hamburger Diane,1601,Gilcat2,PT1M,PT0S,PT1M,1999-08-25T05:42:00Z,We made this the other night and loved it!  I think next time we'll double the sauce...it's SO good...,"c(""https://img.sndimg.com/food/image/upload/w_555,h_416,c_fit,fl_progressive,q_95/v1/img/recipes/83/4/piclYN3AY.jpg"", ""https://img.sndimg.com/food/image/upload/w_555,h_416,c_fit,fl_progressive,q_95/v1/img/recipes/83/4/picv4jMUO.jpg"", ""https://img.sndimg.com/food/image/upload/w_555,h_416,c_fit,fl_progressive,q_95/v1/img/recipes/83/4/picTI11VM.jpg"")",Meat,"c(""Very Low Carbs"", ""High Protein"", ""High In..."", ""< 15 Mins"", ""Stove Top"")","c(""1"", ""3/4"", ""1/8"", ""2"", ""1"", ""1"", ""1/2"")","c(""salt"", ""pepper"", ""butter"", ""prepared mustard"", ""lemon juice"", ""Worcestershire sauce"")",4.5,46,458.6,38.1,16.5,127.6,834.8,1.2,0.2,0.5,26.3,3,NA,"c(""Mix the ground round, salt and pepper together lightly and form into 3 1-inch patties."", ""Melt butter in skillet.  Remove from heat.  Blend mustard into butter, return to heat.  Saute hamburgers on medium heat about 5 minutes each side.  Remove and keep warm."", ""Add lemon juice and Worcestershire sauce to pan and stir over low heat until well blended."", ""Return patties to pan and let simmer in juices a few minutes while spooning juice over the top occasionally."", ""Serve over toasted french bread.""
)"
000842,*842*,Hobo Bread,1559,Will Parkinson,NA,PT0S,PT0S,1999-09-15T04:31:00Z,Make and share this Hobo Bread recipe from Food.com.,character(0),Quick Breads,"c(""Breads"", ""Low Cholesterol"", ""Healthy"", ""< 15 Mins"", ""Oven"")","c(""2"", ""2"", ""3"", ""3"", ""1"", ""4"", ""1/2"", ""2"", ""1/2"")","c(""raisins"", ""water"", ""baking soda"", ""flour"", ""brown sugar"", ""salt"", ""vanilla"")",NA,NA,1219.4,19.4,2.6,0,1687.5,250,9,129.1,19.9,NA,3 loaves,"c(""Pour water over raisins."", ""Add baking soda."", ""Let stand overnight.  In morning add remaining ingredients."", ""Grease three 1-pound coffee cans and bake at 350 for 1 hour, then remove bread from cans."")"
000845,*845*,Homemade Mayonnaise,1582,Diana van den Broek,NA,PT0S,PT0S,1999-08-19T05:18:00Z,Make and share this Homemade Mayonnaise recipe from Food.com.,character(0),European,"c(""Very Low Carbs"", ""Low Protein"", ""Free Of..."", ""< 15 Mins"", ""Easy"")","c(""1"", ""1"", ""1"", ""1/8"", ""1/2"")","c(""egg"", ""fresh lemon juice"", ""olive oil"", ""black pepper"", ""salt"")",4,8,1589.8,176.8,25.1,169.2,989.9,1.5,0.1,0.6,5.1,NA,1 1/4 cups,"c(""In a food processor or blender, blend the egg and lemon juice for 10  seconds."", ""With the processor running, slowly pour in the oil through  the feed tube. Mixture should thicken."", ""Add the pepper and salt and  pulse once or twice to blend."", ""Transfer to an airtight container and  refrigerate for at least 30 minutes before using."", ""Best if used within  24 hours."", ""This recipe yields 1 1/4 cups."")"
000846,*846*,Homemade Pop-Tarts,174711,Queen Dragon Mom,NA,PT0S,PT0S,1999-08-20T10:14:00Z,Make and share this Homemade Pop-Tarts recipe from Food.com.,"c(""https://img.sndimg.com/food/image/upload/w_555,h_416,c_fit,fl_progressive,q_95/v1/img/recipes/84/6/pico8ztP0.jpg"", ""https://img.sndimg.com/food/image/upload/w_555,h_416,c_fit,fl_progressive,q_95/v1/img/recipes/84/6/picGbLao3.jpg"")",Breakfast,"c(""Dessert"", ""Very Low Carbs"", ""Low Protein"", ""Low Cholesterol"", ""Kid Friendly"", ""< 15 Mins"", ""Oven"", ""Easy"")","c(NA, NA)",character(0),4.5,4,0,0,0,0,0,0,0,0,0,1,NA,"c(""Take pie dough, roll out as usual. Cut into rectangles."", ""Spread jam on half of them, leaving a half inch or so on the edges without jam. Cover with the other half of the rectangles. Crimp the edges with a fork."", ""Bake till the pie dough is done."", ""You can frost these with a simple glaze, like powdered sugar and milk, or leave plain.  You can either make up a batch of these, or just do one or two with leftover dough the next time you make a pie."")"
000851,*851*,Hot Cocoa Mix,1530,Carole Reu,NA,PT5M,PT5M,1999-09-03T05:36:00Z,Make and share this Hot Cocoa Mix recipe from Food.com.,"""https://img.sndimg.com/food/image/upload/w_555,h_416,c_fit,fl_progressive,q_95/v1/img/recipes/85/1/picLd7N8y.jpg""",Beverages,"c(""High Protein"", ""High In..."", ""< 15 Mins"", ""For Large Groups"", ""Easy"")","c(""3 1/2"", ""2"", ""1"", ""1/2"")","c(""dry milk"", ""powdered sugar"")",5,17,235.5,9.9,6.8,27.2,115.2,30.4,0.9,28.7,8.2,16,NA,"c(""In a mixing bowl combine dry milk powder, powdered sugar, creamer, and cocoa."", ""Store in airtight container."", ""For each serving, place 1/3 cup of the mix in a mug and add 3/4 cup boiling  water."", ""NOTES : Mocha Mix: Prepare as above, except stir 1/2 cup instant coffee crystals into mix."")"
